event_id,landed_at,task,commit,diff_files,full,reason,selected_tests,serial_secs,wall_secs,narrowed_tests_before_threshold,narrowed_wall_secs_before_threshold,missed_tests
40989,2026-09-29T00:08:17.135Z,997,d12de1f1572319b73c10ee2bbb9abf5dce5dbdc6,36,1,common,1138,2632.5,438.7,,,
41073,2026-09-29T00:18:21.856Z,1046,3a3d96184ca463f910f93056049b2d110afe439e,11,1,threshold,1138,2632.5,438.7,939,421.3,
41185,2026-09-29T00:28:33.023Z,1013,a10084c186b21763c02c1fa1d95e577e3740398f,7,1,threshold,1138,2632.5,438.7,709,399.6,
41293,2026-09-29T00:48:40.742Z,898,4ab1473e58d3e6d88612cfacfe3ba761802181eb,9,1,threshold,1138,2632.5,438.7,687,396.2,
41300,2026-09-29T00:48:43.121Z,1049,6a71d8cdf952e87a2a2bad585e5fbbdc631faab0,1,0,,0,0,0.0,0,0.0,
41433,2026-09-29T01:06:26.483Z,835,abe81186cdb8980cce1ed6e66020f456fb851f2c,7,0,,65,127.9,28.2,65,28.2,
41482,2026-09-29T01:16:32.849Z,910,b85508a459f85f6728529cf83763a31a00b329c3,21,1,common,1138,2632.5,438.7,,,
41571,2026-09-29T01:29:38.879Z,1061,b84422312e0fa183d951fb7fab30281d118b8d00,1,0,,0,0,0.0,0,0.0,
41659,2026-09-29T01:48:37.702Z,1062,156bb09096dda1d07779f0f51ff84a911ad20cd8,26,1,common,1138,2632.5,438.7,,,
41774,2026-09-29T01:57:25.907Z,1052,d056faa426c1a2d5a44cc85d4d8a65e4d84ce470,4,0,,22,12.5,4.2,22,4.2,
41861,2026-09-29T02:11:08.199Z,843,9ab3f7ae346f6f1048897ec77946f4370d16165a,18,1,threshold,1138,2632.5,438.7,950,428.6,
41966,2026-09-29T02:20:52.244Z,915,146a617c5ab69864a296e093ed22721d83f1c97b,4,0,,9,8.7,5.6,9,5.6,
42010,2026-09-29T02:33:28.220Z,917,2cf0e06bb9861e5a539752b50c0eea7a175c5e9c,4,0,,30,16.8,5.6,30,5.6,
42084,2026-09-29T02:39:57.773Z,1063,91634cba770b3c2e77f8b313a3697667d7c3156a,3,0,,0,0,0.0,0,0.0,
42166,2026-09-29T02:48:26.512Z,925,404bdc7e3d761b2ba8e0e9411c8b96a8a19ef3c3,9,1,threshold,1138,2632.5,438.7,1048,431.8,
42290,2026-09-29T03:03:12.714Z,923,2d9efbffb541cb37182cefeeed267ac167070577,24,1,threshold,1138,2632.5,438.7,1077,433.3,
42339,2026-09-29T03:13:07.580Z,1064,9a9915b50f90675e6ecf4e672a653d75b76cbb67,30,1,other,1138,2632.5,438.7,1043,432.9,
42420,2026-09-29T03:15:49.687Z,1051,935bfa2fab35c02d89de8b838b271900c3ed95e0,1,0,,0,0,0.0,0,0.0,
42513,2026-09-29T03:31:13.264Z,1043,95193ceda509986d9f8bdaaaebebd5ca0a80d223,1,0,,0,0,0.0,0,0.0,
42653,2026-09-29T03:45:17.949Z,1066,edb9c836a14afaeb7fba8970cf0b09c2ed5c2ae9,12,1,threshold,1138,2632.5,438.7,731,401.5,
42682,2026-09-29T03:45:44.569Z,820,84030051ec873b90ca4dcda866a2cac2a05b13e8,12,0,,22,12.5,4.2,22,4.2,
42853,2026-09-29T04:03:22.295Z,984,0dab0d433f7968fc88e2037fe749d7db4a60bd61,89,1,common,1138,2632.5,438.7,,,
43081,2026-09-29T13:18:02.122Z,892,8388b5776ad45ba6a4bbfcdf545bdbac84aacdb0,23,1,threshold,1138,2632.5,438.7,1070,429.3,
43096,2026-09-29T13:33:16.673Z,862,7624ccfcbc79fb8364deba74143f1d357e52a267,9,1,threshold,1138,2632.5,438.7,1044,427.9,
43207,2026-09-29T13:47:09.256Z,1085,8fe74a63f383e949470701e4234aa12a514a2b9c,8,1,threshold,1138,2632.5,438.7,905,418.9,
43309,2026-09-29T14:02:22.926Z,863,201094ea04bcb57771b6a07b23e338d2802827f2,6,1,threshold,1138,2632.5,438.7,632,375.9,
43375,2026-09-29T14:17:31.460Z,1099,005c3675faf22ad508deff39670c619b71ed3555,9,1,other,1138,2632.5,438.7,1066,428.1,
43443,2026-09-29T14:26:52.766Z,1065,338d7a53f236352f119dc2da4871f71c520f7558,32,1,threshold,1138,2632.5,438.7,1072,428.9,
43655,2026-09-29T14:53:35.130Z,924,c41c197afbd803ffa8fee70329dbccd32bbef1e5,15,1,common,1138,2632.5,438.7,,,
43730,2026-09-29T15:02:18.667Z,1100,966b1dd363b28d088055b709cadd524798a4ac75,16,1,threshold,1138,2632.5,438.7,1057,428.2,
43737,2026-09-29T15:02:23.069Z,973,f1a3724a14dd9e9fd3a436135ba0dedd45734263,1,0,,0,0,0.0,0,0.0,
44528,2026-09-29T16:18:49.964Z,1060,61fa487f95748cbd3456b9f835cec5efa838b0bf,7,1,common,1138,2632.5,438.7,,,
44605,2026-09-29T16:36:08.269Z,1047,f8baf2cb0f35decebfb0cd5a8ce90873a63a765b,8,0,,73,290.8,48.5,73,48.5,
44656,2026-09-29T16:48:02.819Z,1086,7bd4cb3882468a49cf097869e5dc01275d8f18c5,9,1,other,1138,2632.5,438.7,1044,427.2,
44807,2026-09-29T17:15:42.949Z,837,8bb2fccdf02a3dfc0050dd50aade43a9d183ab8e,26,1,common,1138,2632.5,438.7,,,
44932,2026-09-29T17:32:56.318Z,1118,d52234743bc32c17125d3bb91b82cb09c631d541,20,1,threshold,1138,2632.5,438.7,1068,433.8,
45040,2026-09-29T17:46:00.287Z,1089,e4e1447d0c7d8b184e5a014f7ebf633973b6fff2,3,1,threshold,1138,2632.5,438.7,710,400.1,
45102,2026-09-29T17:49:12.920Z,821,241ed01eff97a83386fd2f7ad58c644e48b11993,2,0,,0,0,0.0,0,0.0,
45157,2026-09-29T17:52:27.312Z,1067,49add659cebea4607cec6d6db7000036ceb1021e,2,0,,1,0.3,0.3,1,0.3,
45244,2026-09-29T18:05:42.940Z,674,e2324bb174a6d49102c60b28f7e7f236cff4ca61,6,1,threshold,1138,2632.5,438.7,1040,432.3,
45282,2026-09-29T18:13:57.847Z,959,3a6703a9cdc09ca59d8b415a3dd0396c5d063826,5,1,threshold,1138,2632.5,438.7,615,375.7,
45302,2026-09-29T18:20:31.846Z,974,4f87a202834fff4928c3d5de1dd145c785f418eb,6,1,threshold,1138,2632.5,438.7,730,401.5,
45354,2026-09-29T18:21:43.543Z,976,0df14f42ee0ab4e1d279282ce9ca9bbaff4176a1,4,0,,0,0,0.0,0,0.0,
45410,2026-09-29T18:24:34.798Z,1030,32f5102dca644d33a72ff5656f23bea60b1960e0,1,0,,0,0,0.0,0,0.0,
45473,2026-09-29T18:44:08.101Z,1103,b9643d535ec3501a186d6f7f8538758b69c71fe8,1,1,threshold,1138,2632.5,438.7,682,387.3,
45510,2026-09-29T18:53:50.647Z,1018,5553649c56a2b0f2ac364365368f65b2729ebfbd,1,0,,22,36.8,8.0,22,8.0,
45581,2026-09-29T19:14:22.140Z,1048,202bc6ec58657607df5fe6b4f2496f0ee820a23b,11,1,common,1138,2632.5,438.7,,,
45643,2026-09-29T19:23:31.577Z,1125,ab3ea709f0326411689fdad0d05c89ce49b198d7,5,1,threshold,1138,2632.5,438.7,908,419.2,
45662,2026-09-29T19:37:11.807Z,622,9c219b4fe3cf38d30878d90ba467ae3e13f28299,24,1,threshold,1138,2632.5,438.7,1065,433.7,
45739,2026-09-29T19:47:39.818Z,1128,0ccd80cc22c84d774dd021a82a770392e7640637,5,1,threshold,1138,2632.5,438.7,612,371.8,
45830,2026-09-29T19:56:29.331Z,629,5ccbbc6191fc348cb2c0933eb54d98bc404cf1e4,5,0,,0,0,0.0,0,0.0,
45838,2026-09-29T19:56:33.391Z,776,238f921c56a27dd2a4ad7f9fb5da74a9f3c5eb21,3,0,,0,0,0.0,0,0.0,
45895,2026-09-29T20:07:02.345Z,749,cccc181e32d3855d4c312fb1b067c48a6622b338,10,1,common,1138,2632.5,438.7,,,
46013,2026-09-29T20:20:56.104Z,797,587ea97d02f8e44466952c996beadb5852e193fc,3,0,,14,53.6,8.9,14,8.9,
46054,2026-09-29T20:28:10.153Z,798,5976904dc43f18dbd73ad93be0bb04ad12f39255,7,1,threshold,1138,2632.5,438.7,638,381.7,
46109,2026-09-29T20:36:47.149Z,859,42aa98206959357017f029cc1339c655ee6c98dd,4,1,threshold,1138,2632.5,438.7,682,387.3,
46117,2026-09-29T20:36:50.891Z,864,14c0b0e334ee45601e1f7a15d23abfab3c1920df,2,0,,0,0,0.0,0,0.0,
46216,2026-09-29T20:54:42.976Z,868,2a6ae8d706f03a6ed48e266754519ee69e1afc49,12,1,threshold,1138,2632.5,438.7,1055,427.8,
46264,2026-09-29T21:04:16.145Z,902,3dcd985c1f5fde75a542b1bc5cf44144147af8ac,5,1,common,1138,2632.5,438.7,,,
46275,2026-09-29T21:11:28.323Z,893,48b9f13ccf4f8136e9e8c3a91075f7d5d3aaf70d,10,1,threshold,1138,2632.5,438.7,781,403.9,
46348,2026-09-29T21:30:15.239Z,1126,74f15c98ba99ec336667e3c00faa7dc0d07011f0,2,0,,225,641.0,106.8,225,106.8,
46436,2026-09-29T21:41:43.629Z,971,971e6d2a22e6f3f37651b9eac14d4e4a64097e44,5,1,threshold,1138,2632.5,438.7,610,371.7,
46558,2026-09-29T22:10:58.302Z,1078,0889e120d2649627659b8407dd3da741705f8b39,7,1,threshold,1138,2632.5,438.7,1051,432.7,
46616,2026-09-29T22:28:13.230Z,972,414f1bcae99e1ddba4fb913d5d18362817e7442f,2,0,,28,12.8,2.1,28,2.1,
46628,2026-09-29T22:34:31.496Z,960,2194c8dd5c806df0fa7b06a11de057890531b558,17,1,threshold,1138,2632.5,438.7,1030,426.5,
47257,2026-09-29T23:08:00.022Z,1131,0d2401bf5a42159d8da9c907ebedb0e347a30a05,2,0,,225,641.0,106.8,225,106.8,
47265,2026-09-29T23:08:03.175Z,998,088c8eccbfb6a4dc3e7fa3d82511680486976d5e,2,0,,0,0,0.0,0,0.0,
47430,2026-09-29T23:16:28.238Z,978,fa29469e2decf375661d326e9326761169225351,2,1,threshold,1138,2632.5,438.7,589,363.2,
47443,2026-09-29T23:17:07.835Z,699,5d485b5ff3bfbb620a9689f7aa8f374aed9ab3c5,3,0,,1,0.3,0.3,1,0.3,
47457,2026-09-29T23:17:11.576Z,1091,fbf91ec4dae52841b97ed776007403c4ce1f0ec1,6,0,,0,0,0.0,0,0.0,
47586,2026-09-29T23:22:36.295Z,1102,1b43d6ef0f729a6103699659db440e0ae7da3d87,1,0,,0,0,0.0,0,0.0,
47730,2026-09-29T23:41:08.510Z,1120,dae2e3155c864d12e507aadb481ffde35901d74b,1,0,,0,0,0.0,0,0.0,
47826,2026-09-29T23:54:06.499Z,1104,b502eb9c346a43540f6e3785ae5ef2de8ce20b77,9,1,threshold,1138,2632.5,438.7,640,377.9,
48007,2026-09-30T00:22:34.442Z,1008,59f5975377c1b3b71842e8d49b15ea8eb033b1c4,2,0,,0,0,0.0,0,0.0,
48079,2026-09-30T00:32:56.640Z,890,3ada0497088d7f753bdf5dc69c33d4b9b0f3d2e0,34,1,common,1138,2632.5,438.7,,,
48086,2026-09-30T00:32:59.569Z,1107,d33dfc9d1effac5cb21b19736342f064b9afc481,1,0,,0,0,0.0,0,0.0,
48226,2026-09-30T00:44:11.466Z,1162,a7a4255e8c6f8eca0ad2e4d5cdebc142226a7ed4,18,1,threshold,1138,2632.5,438.7,956,428.7,
48245,2026-09-30T00:50:46.249Z,1096,0aec4d9d1b37195ede1dbba58750bb9fc81f5bdb,1,0,,18,75.1,12.5,18,12.5,
48258,2026-09-30T00:57:25.918Z,1042,344472804e31360a590d3c536f75c17110e20050,2,1,threshold,1138,2632.5,438.7,684,396.0,
48489,2026-09-30T01:33:29.288Z,1058,eb5c5d275149a452ad45954f4b6c79fe17a365a2,1,0,,20,79.6,13.3,20,13.3,
48543,2026-09-30T01:41:15.832Z,1165,20f6bd62aacd08d13a317cf73d4f82db8fc5b639,16,1,threshold,1138,2632.5,438.7,1063,432.8,
48633,2026-09-30T02:01:25.864Z,1050,530b32fb067eb9875b46defe445f9117541f5a79,12,1,threshold,1138,2632.5,438.7,638,381.7,
48646,2026-09-30T02:08:06.560Z,1097,701ce4f9a5dffa974bee8d19bd2af9f5370f0d67,2,1,threshold,1138,2632.5,438.7,610,371.7,
48653,2026-09-30T02:08:08.059Z,1168,b60e763df3cb841e52f9283bfcbd91f049fc09a0,5,0,,0,0,0.0,0,0.0,
48722,2026-09-30T02:09:25.508Z,1110,5ddbf68e813b0f625200571a9753dd2acf0d86a9,1,0,,0,0,0.0,0,0.0,
48831,2026-09-30T02:31:23.915Z,1167,721c44315650e845f2e3c2ede3f5ef1383684fac,12,1,threshold,1138,2632.5,438.7,785,398.3,
48881,2026-09-30T02:41:19.127Z,1166,e57c5811a7bfa82fc659f45e22c6cf657f080b5d,7,1,other,1138,2632.5,438.7,700,398.0,
48925,2026-09-30T02:42:12.548Z,1132,eab0ef145082b34b952081bcdbd103a487a7b0b4,1,0,,0,0,0.0,0,0.0,
49035,2026-09-30T02:56:36.892Z,1153,b378722d714bd46a19dbb85349b8fe9292e5d41c,3,1,threshold,1138,2632.5,438.7,421,327.3,
49086,2026-09-30T03:01:13.282Z,1006,c9460d6e618f93130406c2ead5b65dcab5b48b8f,5,0,,22,12.5,4.2,22,4.2,
49243,2026-09-30T03:14:40.372Z,1179,9e5bd1cc30c454b3376ee8b3c2ee997dcfbc17df,13,1,threshold,1138,2632.5,438.7,720,391.2,
49256,2026-09-30T03:23:40.558Z,1173,5e2c399cd4c8ccbbba9f0e58a7e43378d46da305,9,1,threshold,1138,2632.5,438.7,706,397.9,
49282,2026-09-30T03:31:39.298Z,1199,bf2b8153eb5883a2303789d27400aa53b89a1b12,8,1,threshold,1138,2632.5,438.7,642,378.0,
49353,2026-09-30T05:22:41.446Z,1174,fddd507508fb4e7862a1931d98720384c742c57a,5,1,threshold,1138,2632.5,438.7,645,383.3,
52712,2026-09-30T13:25:14.687Z,1206,b62a13224b1e1ebfa51a710651a05be45b2bc50e,8,1,threshold,1138,2632.5,438.7,626,365.8,
53780,2026-10-01T14:01:18.244Z,1175,2ae2c673a81ca2159dad06ea6d03a1b4c91b3ee0,1,0,,0,0,0.0,0,0.0,
53978,2026-10-01T14:15:01.330Z,1202,12d2fce994288361703aa3558dc51492d31875b7,7,1,threshold,1138,2632.5,438.7,706,389.7,
54237,2026-10-01T14:28:01.482Z,1142,c91f7c06f6ce555ffdba33c5638c8bf20f864e12,5,1,threshold,1138,2632.5,438.7,1024,425.3,
54517,2026-10-01T14:38:20.303Z,1111,67c424e9c59e80f5e0f07a6b2114d61fedf74486,3,1,other,1138,2632.5,438.7,17,4.5,
54524,2026-10-01T14:38:23.295Z,1028,c9b10245e97d5fcbd3df81500ef1bbee6bdd6524,1,0,,0,0,0.0,0,0.0,
54698,2026-10-01T14:59:03.316Z,995,a6593fa4241ef52cfdb010efa7c5e812814e00b3,7,1,threshold,1138,2632.5,438.7,1040,432.3,
54891,2026-10-01T15:29:03.993Z,979,056bf4af32bff9fabe52032939728e8b35754ed5,7,1,threshold,1138,2632.5,438.7,1022,425.2,
55028,2026-10-01T15:53:55.004Z,1233,d89692febc7fcbe083f83b358d81dcddebc8139e,10,0,,0,0,0.0,0,0.0,
55154,2026-10-01T16:12:09.778Z,1144,a4692f5aae318e401b68b8d655fdfe233212addc,7,1,other,1138,2632.5,438.7,913,419.3,
55252,2026-10-01T16:26:58.312Z,883,e3697ca345c828be0a3b3d40ddf6902ed07776e6,31,1,threshold,1138,2632.5,438.7,1068,428.2,
55366,2026-10-01T16:43:01.926Z,1095,34ea57a8a0d0d70b915aedba70e04a2f2f9c8f91,14,1,other,1138,2632.5,438.7,1049,426.9,
55375,2026-10-01T16:43:07.115Z,1222,80e3a432ad79544ffc7678c1fe4b38bdaa41177e,4,0,,0,0,0.0,0,0.0,
55463,2026-10-01T16:51:09.745Z,1228,157c74432c727e9671290565e1eae4c29c8e7b4e,3,0,,0,0,0.0,0,0.0,
55555,2026-10-01T17:03:35.224Z,1087,5a5f57745d19d4950277d48076757502ab949559,9,1,threshold,1138,2632.5,438.7,1046,427.4,
55636,2026-10-01T17:25:24.118Z,1234,5ba0f9ce5cdab162227296e2a8b925a38b6cc577,26,1,common,1138,2632.5,438.7,,,
55749,2026-10-01T17:37:33.608Z,1230,a8108d83e8c14b4113098c71a788e2bd82a09cdc,14,1,threshold,1138,2632.5,438.7,1041,426.7,
55887,2026-10-01T17:52:09.971Z,1235,579386724b2cc767dae5d9388d0bb4207b2ac6c4,9,1,threshold,1138,2632.5,438.7,846,411.1,
55936,2026-10-01T18:02:35.396Z,1231,407c8e7e191e84b8d4a250f752acf2cfd4d7d979,11,1,other,1138,2632.5,438.7,1039,426.6,
55951,2026-10-01T18:10:27.511Z,1115,8171c50a3b852318268879f91cd45003aec4197f,1,0,,10,17.0,3.7,10,3.7,
56076,2026-10-01T18:31:34.657Z,1198,774bb446a527b62a55d0bf16f2cfa70cd2aaff38,10,1,threshold,1138,2632.5,438.7,1052,432.8,
56127,2026-10-01T18:44:05.692Z,1242,ed9ff84b143de7e9e507f3a35c2bfbdb93d37fde,13,1,threshold,1138,2632.5,438.7,1041,426.7,
56221,2026-10-01T18:55:19.772Z,1079,67d376432d2ed638e7768583c980af91c828b2c1,28,1,common,1138,2632.5,438.7,,,
56343,2026-10-01T19:17:13.530Z,1186,5d1e5f4dd28d0e3fe298e6b5d830b2b30671da7f,3,1,threshold,1138,2632.5,438.7,610,371.7,
56381,2026-10-01T19:26:43.427Z,1184,4da034bb9e0eb6a34e917d792043f55d232abfd5,16,1,threshold,1138,2632.5,438.7,1070,433.7,
56490,2026-10-01T19:50:19.300Z,1177,f31c70d3a7830d4dab49e84334eade4685cd5c2b,1,0,,0,0,0.0,0,0.0,
56584,2026-10-01T20:17:46.236Z,1264,d17aa1708d95496b9d987e77f9bd7d905ebd90bf,3,0,,0,0,0.0,0,0.0,
56724,2026-10-01T21:03:54.751Z,1239,404f127aaaa4a673e92edffb2fab4f7c631f2819,55,1,threshold,1138,2632.5,438.7,1070,434.2,
56848,2026-10-01T21:11:12.781Z,1237,32d16860766e7058f7d98e0954369656f43e535e,3,0,,0,0,0.0,0,0.0,
57017,2026-10-01T21:28:11.188Z,1022,295c7400eabaad689de5ccd332159cf57bf658ff,3,1,threshold,1138,2632.5,438.7,921,426.6,
57100,2026-10-01T21:42:14.725Z,1164,95ded09035f027077b5d99d5c724f12dccb85800,6,1,threshold,1138,2632.5,438.7,615,375.6,
57113,2026-10-01T21:42:29.775Z,1240,d0329e5476bb2b2195d9e0bbcb6db7571530cb42,6,0,,22,12.5,4.2,22,4.2,
57217,2026-10-01T21:56:31.640Z,1270,815590fcff6556819cedb4e84e252ca7d1c40884,2,0,,17,121.5,30.5,17,30.5,
57325,2026-10-01T22:09:08.350Z,1020,63149bc94727c1de4c8755363e3cd936de93eabf,2,0,,111,165.0,27.5,111,27.5,
57336,2026-10-01T22:16:08.925Z,1011,d5bb5ffecf7c4d5017ec02496f70efd98a0d2a91,2,0,,17,121.5,30.5,17,30.5,
57404,2026-10-01T22:18:39.230Z,1034,872a4d3828810c337d9261efd060694292bbb467,2,0,,0,0,0.0,0,0.0,
57508,2026-10-01T22:24:14.704Z,1041,f9e5e2d7776a83e9a05cc4b6f55e781e97809d37,5,0,,0,0,0.0,0,0.0,
57675,2026-10-01T22:38:43.579Z,1039,2cef52ccd977985aeef5077e3318ccf83e0eb8b7,11,1,threshold,1138,2632.5,438.7,722,398.6,
57898,2026-10-01T22:53:25.206Z,824,773326ea9bf28b504ade685bdc6dd5b9b766979c,10,1,threshold,1138,2632.5,438.7,1038,426.3,
57948,2026-10-01T22:57:05.379Z,1114,445d1584e70d329a02467d2d2dc665440c52bc2f,1,0,,0,0,0.0,0,0.0,
58012,2026-10-01T23:15:31.426Z,1137,872ae5058efbbee687620a9d4fea9049390e9ab0,3,1,threshold,1138,2632.5,438.7,649,382.1,
58030,2026-10-01T23:15:41.401Z,1146,5ea7186cf154e8bd39beeb86e92fc59e999c70b0,3,0,,1,0.3,0.3,1,0.3,
58120,2026-10-01T23:26:29.998Z,1080,25a3dd29142467e61c22bcfb49433c4b671ffe52,9,1,threshold,1138,2632.5,438.7,939,421.3,
58198,2026-10-01T23:31:52.695Z,1077,35e75d026c83ecf50afa8460bfae565ca8604938,27,1,common,1138,2632.5,438.7,,,
58368,2026-10-01T23:39:52.540Z,1139,2ded943ea3634f75e9fb7045098a51ee85251d0e,1,0,,35,28.4,4.7,35,4.7,
58394,2026-10-01T23:40:01.956Z,1117,f3e047e197334d2d6f8a19616e654c5762a9ab6f,1,0,,0,0,0.0,0,0.0,
58443,2026-10-01T23:47:33.797Z,1169,3993febeea52fbc026428a6b177e0c7849d07a2f,3,0,,13,4.0,1.0,13,1.0,
58463,2026-10-01T23:47:40.163Z,1171,e106042f3c352e813af824d9f7c649f78037e18f,1,0,,0,0,0.0,0,0.0,
58636,2026-10-01T23:57:24.502Z,1150,2af05530b753031fb36fe3e47b8b0d8bd59d187a,4,1,threshold,1138,2632.5,438.7,839,410.7,
58660,2026-10-01T23:57:35.127Z,889,ce08fe18b685480ccb8a17c7b351e2840be04f6e,1,0,,0,0,0.0,0,0.0,
58687,2026-10-01T23:57:51.408Z,608,248f991da8c7c4b357ebbb0cd841a25f1a30f1e5,3,0,,0,0,0.0,0,0.0,
58719,2026-10-01T23:59:22.162Z,766,bb5e0104eff4ff06815b5f3e90541587a8fc305d,4,0,,22,12.5,4.2,22,4.2,
58728,2026-10-01T23:59:30.627Z,871,74baeee9143a049b86fd8584858a8f7578bccd42,2,0,,0,0,0.0,0,0.0,
58744,2026-10-01T23:59:39.183Z,1059,c8271c42c8b248eb7c7d0a6500a03a03ecdbad5c,3,0,,0,0,0.0,0,0.0,
58956,2026-10-02T00:17:23.326Z,1207,d263de575c793fc3a27fba53ac19331142cdc283,24,1,threshold,1138,2632.5,438.7,812,401.2,
59080,2026-10-02T00:27:10.274Z,451,6eb41bcbbca3f5b694d653a9df4df74617f36ac5,12,0,,0,0,0.0,0,0.0,
59212,2026-10-02T00:36:19.765Z,1236,36ad60b0d69d3e45fa9410dba408fbd740e9a9a2,72,1,common,1138,2632.5,438.7,,,
59260,2026-10-02T00:36:53.304Z,450,8821d691452a45d97dea7b27e65969c9709c31e8,4,0,,22,12.5,4.2,22,4.2,
59352,2026-10-02T00:40:54.442Z,1053,186a7eb499566daca76983f4179a788d10ae8dd8,4,0,,0,0,0.0,0,0.0,
59553,2026-10-02T02:01:52.266Z,1098,be55d13bb9c535b7d4fe2f692a5925765392dfdc,3,1,threshold,1138,2632.5,438.7,913,425.9,
59597,2026-10-02T02:10:04.334Z,1021,ab1b00bcba019908c1d5fb04da7f0462041277c7,15,1,threshold,1138,2632.5,438.7,1042,426.7,
59695,2026-10-02T02:23:53.693Z,1119,7f399811713ba24c00d8df76b9fc1ad2ca41347f,14,1,threshold,1138,2632.5,438.7,1052,427.6,
59877,2026-10-02T02:41:57.560Z,1129,77338d6f20bf298fdd01b6304c66ac6589e85eb2,12,1,threshold,1138,2632.5,438.7,1065,428.1,
59964,2026-10-02T02:51:19.572Z,1197,2f81af331297f939ea13c569fdebe9769cb347c5,13,1,threshold,1138,2632.5,438.7,1052,427.6,
60013,2026-10-02T03:01:31.201Z,1218,e50f94300aab28acad62dfac237a1a79c0cea44f,20,1,threshold,1138,2632.5,438.7,1070,428.3,
60129,2026-10-02T03:07:27.872Z,1208,2cb08f4b0a04594284a7f61b3502b7727f4794b4,4,0,,1,0.3,0.3,1,0.3,
60229,2026-10-02T03:28:11.790Z,1200,2c90b421a716aa7e0766d629ec9f08224dcc7382,1,0,,0,0,0.0,0,0.0,
60315,2026-10-02T03:38:36.366Z,1219,fb8170a8d7043edd6836554d88ee6d2434469777,4,0,,1,0.3,0.3,1,0.3,
60564,2026-10-02T05:44:10.390Z,1023,471bb76bd66d51e089d22d11816f5c0af556fa03,1,0,,0,0,0.0,0,0.0,
60791,2026-10-02T07:12:48.081Z,1017,09679d3f3799008c37aea7ae954ff193411829ae,2,1,threshold,1138,2632.5,438.7,611,371.7,
60830,2026-10-02T07:24:13.139Z,1220,051caaea378a13f63539e8a89092260e91d3a986,25,1,other,1138,2632.5,438.7,1069,428.2,
60888,2026-10-02T07:47:03.080Z,1215,d006c3f237eee9dbb095db8ae8a1566c0dddff79,31,1,other,1138,2632.5,438.7,1063,429.1,
60908,2026-10-02T07:47:23.595Z,961,4760da668627d2b843655bb378d749109fee8257,2,0,,0,0,0.0,0,0.0,
61149,2026-10-02T08:00:54.475Z,1340,c05e8644e16fa4a1acd89a9870d111d3616a7781,53,1,common,1138,2632.5,438.7,,,
61163,2026-10-02T08:00:57.533Z,1221,e11fff838bcfe5031abd547814f5f728121bc739,5,0,,1,0.3,0.3,1,0.3,
61183,2026-10-02T08:01:03.047Z,968,e1004763aabd4e05e34e62dd091011d44c3dcf55,2,0,,0,0,0.0,0,0.0,
61344,2026-10-02T08:15:22.472Z,1254,1831033fc51822b6412c0e411355aa4d70d379fa,1,0,,35,28.4,4.7,35,4.7,
61582,2026-10-02T09:20:31.921Z,1274,740adf1464e58cabfa0b6c2d0c999342f5a7de0f,3,1,threshold,1138,2632.5,438.7,667,383.6,
61668,2026-10-02T09:30:47.166Z,1141,6ac46789d25efcec0a0725b50e4d25497767ab7c,6,1,threshold,1138,2632.5,438.7,677,392.3,
61681,2026-10-02T09:38:11.107Z,1272,780ca3c9fec9df70f067c8e1b1debd4b1de298fa,7,1,threshold,1138,2632.5,438.7,265,236.6,
61765,2026-10-02T09:48:47.962Z,1075,7fa188949e685367cb413086a1ce6a2418b66885,27,1,threshold,1138,2632.5,438.7,705,388.6,
61851,2026-10-02T10:04:52.189Z,969,7d05de7c06878e2fc5bfe0a7a6b95a7c5bf2bf50,2,0,,0,0,0.0,0,0.0,
61893,2026-10-02T10:15:04.621Z,1333,40bc3656303732ccb71ac9fdd35c284d7143a4d2,4,1,common,1138,2632.5,438.7,,,
62023,2026-10-02T10:28:59.030Z,1273,d1227414955dccc119803eabbb98835fe28dea72,10,1,threshold,1138,2632.5,438.7,994,430.7,
62127,2026-10-02T10:38:43.263Z,1161,3ce7534068e5e536e3fae6a078e1b392083d34e6,4,1,threshold,1138,2632.5,438.7,913,425.9,
62140,2026-10-02T10:45:35.056Z,1300,df10d05821eb7dd6bb047338f82ddd7731bfc2ad,19,1,threshold,1138,2632.5,438.7,1068,428.2,
62153,2026-10-02T10:52:12.010Z,1255,87aa72af70fc9bbff30a56b29990050cd4864949,6,1,threshold,1138,2632.5,438.7,710,400.1,
62426,2026-10-02T11:19:49.491Z,1370,4b3b9707e83225c6425708c0f7feeed21010a9bb,5,1,threshold,1138,2632.5,438.7,719,400.8,
62512,2026-10-02T11:29:22.312Z,1368,bf8150cf9f7272b5d28d3bc2b1f66b0168efcee1,1,0,,0,0,0.0,0,0.0,
62645,2026-10-02T11:42:28.819Z,1378,42e70adc399a181d17ac2017e2232f71ca194f56,6,1,threshold,1138,2632.5,438.7,646,383.4,
62719,2026-10-02T11:50:42.465Z,1318,492865178ed21e51034f74c78884641603d07249,57,1,common,1138,2632.5,438.7,,,
62726,2026-10-02T11:50:46.407Z,1369,f7dcb092e7e483f645bdb628cb0984aeeb6388d6,2,0,,0,0,0.0,0,0.0,
63000,2026-10-02T12:25:00.954Z,1371,c7b562d49978ecf4d626bd73f6b92f98a773db17,23,1,other,1138,2632.5,438.7,988,430.5,
63045,2026-10-02T12:34:51.634Z,1317,e81fc18fe3207c162c644eb7f843406267a21895,13,1,threshold,1138,2632.5,438.7,1024,426.1,
63127,2026-10-02T12:46:21.422Z,1289,6f98769f5fa949400b45430df0249bf47ca83cde,11,1,threshold,1138,2632.5,438.7,1029,425.8,
63391,2026-10-02T13:29:42.276Z,1316,79d17986398a6834e7bbb68ab82c2315d08a73b2,21,1,threshold,1138,2632.5,438.7,1055,427.7,
63635,2026-10-02T13:47:39.706Z,1338,9d19e500522cadd5647edf84a96f8682a9ac9192,1,0,,1,0.3,0.3,1,0.3,
64015,2026-10-02T14:15:24.217Z,1372,112aecdfbba4c2ccfc367c5db827aafd9ab82584,23,1,threshold,1138,2632.5,438.7,1039,427.9,
64165,2026-10-02T14:40:20.833Z,1290,e8f05079c3d354b68a03455621235df3658c7d30,16,1,threshold,1138,2632.5,438.7,1032,426.5,
64199,2026-10-02T14:50:09.334Z,1389,0f1a6026cf82029153afdb31088e6065843fcb8e,6,1,threshold,1138,2632.5,438.7,1052,427.6,
64496,2026-10-02T15:12:29.642Z,648,981f05e9bfee4922649eae8c629cbcfa6ce2fc64,5,1,threshold,1138,2632.5,438.7,638,381.7,
64671,2026-10-02T15:23:27.856Z,1329,cc50e670b7e3999c31d08f302a5b58302dc86fbc,11,0,,135,192.9,32.1,135,32.1,
64680,2026-10-02T15:23:32.929Z,1404,dfdf44569585ad11c307fe1cd8e644be76361566,14,0,,0,0,0.0,0,0.0,
65009,2026-10-02T15:53:06.203Z,1425,8081a8d1dbc4170ad401fd2ae7f7cc0b300f9d06,9,1,threshold,1138,2632.5,438.7,644,381.8,
65016,2026-10-02T15:53:11.063Z,1407,ced3aa2389343e047bd0355ab8983365b46f03e3,2,0,,0,0,0.0,0,0.0,
65055,2026-10-02T15:53:21.848Z,1394,8ea16a73f0e2b6de8e5819fbbef7b74eb6b5d08b,11,0,,0,0,0.0,0,0.0,
65295,2026-10-02T16:12:27.843Z,1401,1b99747a0aab14930596501fe3640d75ac4175a5,2,0,,0,0,0.0,0,0.0,
65515,2026-10-02T16:24:24.860Z,1418,433469e96b4b335b3dbae7bd44c15237b22c8acf,15,1,other,1138,2632.5,438.7,1066,428.1,
65716,2026-10-02T16:32:59.732Z,1265,5870f5c068d02ced969cb59c1c2a2199570ba543,5,0,,23,12.8,4.2,23,4.2,
66066,2026-10-02T17:06:39.447Z,1320,eae988ff15ad709f16efb0f6d7a100b4a4c5320e,5,1,threshold,1138,2632.5,438.7,603,365.0,
66240,2026-10-02T17:14:44.933Z,1337,7f6ea5f7a3a6024a61ce7f88e57d8b7d0eaab183,4,0,,22,12.5,4.2,22,4.2,
66400,2026-10-02T17:33:17.918Z,1414,9d74de58ddd0457b82400dda5d853147d1db93d9,6,1,threshold,1138,2632.5,438.7,638,381.7,
66416,2026-10-02T17:34:53.976Z,724,52cec2bfa50c15ad4f5e5655f4363a67cdd021dc,10,0,,22,12.5,4.2,22,4.2,
66600,2026-10-02T17:51:45.978Z,627,46640f0083dab3c511e63d3783a398034ee02e57,8,0,,22,12.5,4.2,22,4.2,
66645,2026-10-02T17:53:53.080Z,1453,8a6d9ed1aff196e6f14f28d2b7f52a6d8ca2f7a8,7,0,,0,0,0.0,0,0.0,
66806,2026-10-02T18:24:54.354Z,1412,7fea2d6bedaec2032cee9173022cc133622d8497,7,1,threshold,1138,2632.5,438.7,637,378.5,
66868,2026-10-02T18:34:14.127Z,1413,ead1223c92fac0687853db39fa31afec4e9d0721,7,1,threshold,1138,2632.5,438.7,607,363.9,
66880,2026-10-02T18:41:16.793Z,1454,91f1bc3f2f9d7da0f6b508f41a3241d31ae34caa,12,1,threshold,1138,2632.5,438.7,1057,427.8,
66976,2026-10-02T19:04:21.498Z,1456,b455a239fa6c9dfad073ffc0553fa14d42ab62df,2,0,,0,0,0.0,0,0.0,
67061,2026-10-02T19:24:03.775Z,1416,05000a7a3136ee37472a5c6ad433f53a6ea713b6,1,1,threshold,1138,2632.5,438.7,610,371.7,
67199,2026-10-02T19:34:58.054Z,1246,086a03b50c679bd6c8f65da0565c7de8c8cc23d3,1,0,,0,0,0.0,0,0.0,
67277,2026-10-02T19:43:54.379Z,1455,acc7d12e985848397a7f3ba5accc6cf06b5c83f5,21,1,threshold,1138,2632.5,438.7,1068,433.8,
67376,2026-10-02T19:54:24.453Z,1415,a9397a719885e10fcf44a489c87a2f03fa6cfa1a,11,1,threshold,1138,2632.5,438.7,1052,427.6,
67521,2026-10-02T20:20:12.629Z,1391,22d0493ffcc196f1e90440389bead2e344922f4d,2,0,,39,344.5,57.4,39,57.4,
67635,2026-10-02T20:33:30.002Z,1466,baf6427a9afa57b1671accfb9aae23ad26c75d62,2,0,,22,12.5,4.2,22,4.2,
67669,2026-10-02T20:43:24.476Z,1277,4d25762072247bc8c1150af5ac0f91839f1e32bc,13,1,threshold,1138,2632.5,438.7,1031,426.2,
67733,2026-10-02T20:56:19.715Z,1392,bfe4edf7e783e37d5564511231ab85b42b667245,10,1,threshold,1138,2632.5,438.7,992,424.4,
67804,2026-10-02T21:10:47.026Z,1286,7dfc7d7196062b83339dcdb627a79856b2803dec,3,1,threshold,1138,2632.5,438.7,639,381.7,
67965,2026-10-02T21:25:26.623Z,1335,f04e49a4aeb5393856977594c333afdbdf285674,1,0,,18,75.1,12.5,18,12.5,
68026,2026-10-02T21:35:34.664Z,1151,50a14d8fbba7a5e60a83d6278e37f5e1b82a4b90,4,1,threshold,1138,2632.5,438.7,682,387.3,
68116,2026-10-02T21:50:21.925Z,1426,a1ed27a6e4da109d850b667afc57d6a832da885c,6,1,threshold,1138,2632.5,438.7,638,381.7,
68153,2026-10-02T21:50:52.417Z,1288,fdca35db6056b1a31191eee87f551de66250a11f,2,0,,0,0,0.0,0,0.0,
68515,2026-10-02T22:19:23.187Z,1323,59461a1d0b1bf5d1248403df700b5ea6fc7dc464,33,1,common,1138,2632.5,438.7,,,
68546,2026-10-02T22:19:53.024Z,630,8945049a3072db74cc5ae37b33c63ec58aca2318,1,0,,0,0,0.0,0,0.0,
68718,2026-10-02T22:38:15.633Z,1284,8327e76a2736c0843d323f6ddacd5b84bf00a1f9,11,0,,0,0,0.0,0,0.0,
69262,2026-10-02T23:35:31.022Z,1334,e994a99f750b3f07aee1e3e4eb26d4dec3bc0afc,10,1,common,1138,2632.5,438.7,,,
69314,2026-10-02T23:37:01.475Z,1458,fd30c1851eaff966d8fc9199381e87c5c1d2ba11,9,0,,22,12.5,4.2,22,4.2,
69457,2026-10-02T23:54:50.857Z,1310,e850ad3a51e46ba4816175bc1181aec5d3b04091,10,1,threshold,1138,2632.5,438.7,1024,424.8,
69686,2026-10-03T00:11:48.912Z,1319,523ae7ff5e6eaa85879c01de9311dcc244556f35,20,1,other,1138,2632.5,438.7,1068,428.2,
69870,2026-10-03T00:29:27.268Z,1420,23c4fefd9d31a1db7ddccc8d23cec94dacaae697,6,1,threshold,1138,2632.5,438.7,589,363.2,
70047,2026-10-03T00:51:10.004Z,1516,27b7af0c76c24f8bfaa69d8c3fa380982008a404,1,0,,0,0,0.0,0,0.0,
70055,2026-10-03T00:51:14.959Z,1422,54fa66da0c7db3778df5d61c770bd2513aa4f72c,19,0,,0,0,0.0,0,0.0,
70392,2026-10-03T01:09:04.553Z,1421,3189b7e1ae31c7bbe8479bf608156f205ecba669,2,0,,22,12.5,4.2,22,4.2,
70553,2026-10-03T01:21:58.486Z,1428,33cc04102ae9ad370e5cb30a93f2b0aa6bf81cb8,6,1,threshold,1138,2632.5,438.7,589,363.2,
70626,2026-10-03T01:30:30.651Z,1457,2dc9638ce565a406e17368e45a4b7f682da69aaa,14,0,,0,0,0.0,0,0.0,
70790,2026-10-03T01:47:20.994Z,1405,036871ca82b4f4bb3b0872e0aa918466ce2b6578,40,1,other,1138,2632.5,438.7,1071,434.4,
70835,2026-10-03T01:48:34.863Z,1430,dc433813568dfa0023a7bc69f1fab3c728a59c82,2,0,,22,12.5,4.2,22,4.2,
71041,2026-10-03T02:04:17.502Z,1423,2205c58403a90592a66173c82c143a8881f1e66d,13,0,,0,0,0.0,0,0.0,
71119,2026-10-03T02:11:15.945Z,1459,3759e2521d5cfb8486d569fc6011609a3a8ac934,15,0,,0,0,0.0,0,0.0,
71353,2026-10-03T02:42:38.570Z,1503,051fda86d73ee5665aca66030aaf8a0758f3d07e,5,0,,1,0.3,0.3,1,0.3,
71477,2026-10-03T03:03:50.976Z,1396,8b612b3a038b0f79a18c5bfb07f702f298c5a0df,41,1,common,1138,2632.5,438.7,,,
71581,2026-10-03T03:10:25.166Z,1433,0b6e00113486f44b4072d3fe9134ceb4465c9c32,66,0,,0,0,0.0,0,0.0,
72010,2026-10-03T03:30:14.619Z,1429,9edb8fd8404a2486a031792869bc160e9a760afb,6,1,threshold,1138,2632.5,438.7,609,365.3,
72499,2026-10-03T04:08:26.476Z,1395,41010048689ad9dee41f3ddf0950e85dad6c645e,78,1,common,1138,2632.5,438.7,,,
72702,2026-10-03T04:12:16.449Z,1460,9384cb2599062a51742dd5dd8cbf719601924872,12,0,,1,0.3,0.3,1,0.3,
72931,2026-10-03T04:39:15.912Z,793,2449e081f229b0e661160e095298a840d6c7dc96,3,0,,275,274.9,45.8,275,45.8,
73129,2026-10-03T05:02:07.369Z,1450,ac1e5eb3fe715912b53168234aae4e91692e2a58,16,1,threshold,1138,2632.5,438.7,1066,428.1,
73340,2026-10-03T05:27:17.057Z,1470,7da002932ffb410208b3a966e15b506daa99bc09,13,1,threshold,1138,2632.5,438.7,913,425.9,
73428,2026-10-03T05:31:22.989Z,1566,9cc92cfcced42ebb75b2699b86b04855141f8d69,12,0,,0,0,0.0,0,0.0,
73722,2026-10-03T06:26:07.540Z,1561,0a89645beee92c42cded66a6224cdaf4975769b7,10,1,threshold,1138,2632.5,438.7,1036,426.5,
73841,2026-10-03T06:54:24.743Z,1567,ae9b41069dac2b61797200873cb1dc67027ed99b,17,1,other,1138,2632.5,438.7,922,419.4,
74068,2026-10-03T08:08:02.506Z,1399,151a49556925aa7ac19c07b3c5aed97389bd422c,40,1,threshold,1138,2632.5,438.7,1068,433.8,
74225,2026-10-03T08:26:24.042Z,1436,3bbd120ee7e73d48b74773f93c1fd33e8bd8af60,2,0,,0,0,0.0,0,0.0,
74405,2026-10-03T09:02:57.976Z,1434,4712e2bbf926e04b7686dbac84550d2477ee6754,33,1,threshold,1138,2632.5,438.7,706,388.7,
74499,2026-10-03T09:25:05.820Z,1379,0045125d37c88e87f55b803efcc06a18ecb49b23,5,1,threshold,1138,2632.5,438.7,730,401.5,
75264,2026-10-03T11:48:34.240Z,1410,cd454a8ce5459e011c534a354885cf2e90c25979,3,0,,0,0,0.0,0,0.0,
75301,2026-10-03T11:56:21.778Z,1417,4d5693a9de36162bc36148b5cb16c3174c3b6b5b,5,0,,0,0,0.0,0,0.0,
75519,2026-10-03T12:24:38.107Z,1398,303aeaf857fefed6359f694fa8fb55a0dca46839,24,1,threshold,1138,2632.5,438.7,1058,427.8,
75815,2026-10-03T13:02:22.327Z,1560,0c5f042ef4fce6c26be7ce3f48a5819b3673e2a4,27,1,threshold,1138,2632.5,438.7,1042,432.9,
75941,2026-10-03T13:25:40.203Z,1397,2e9c6445e0f1a65c8291e824e93985f5e502f790,23,1,threshold,1138,2632.5,438.7,1027,426.1,
76242,2026-10-03T14:05:50.137Z,1364,6c1b6760b0ecfab09286ecbe91bf1947f944222a,23,1,common,1138,2632.5,438.7,,,
76452,2026-10-03T14:43:57.514Z,1435,68494cc54c702205db2bdaad21f3550f23471f9a,72,1,threshold,1138,2632.5,438.7,707,388.7,
76584,2026-10-03T14:59:05.898Z,1533,c0986d7dff7f7421dca7bb0b5a84595e794bc932,24,1,threshold,1138,2632.5,438.7,1043,426.8,
76699,2026-10-03T15:13:06.099Z,1581,b900af612ed317d83eeac04b402ef05944b55a3e,3,1,threshold,1138,2632.5,438.7,913,425.9,
76711,2026-10-03T15:22:07.534Z,1589,9a7c0627bf1ae6cc36fb65f03eb8e43fd9345d8c,1,1,threshold,1138,2632.5,438.7,614,375.6,
76874,2026-10-03T15:45:45.345Z,1582,679d2fcf8529b731fefe83b2acfff79ef4a10615,14,0,,0,0,0.0,0,0.0,
77075,2026-10-03T16:20:24.274Z,1586,39c2dc7bdd8287fee7ef0c70e1393b5f1e3bc6c1,9,1,threshold,1138,2632.5,438.7,1022,425.2,
77122,2026-10-03T16:33:34.195Z,1232,7031121e3bc371707d2c362f4e3efe38073d4688,33,1,threshold,1138,2632.5,438.7,1068,433.5,
77229,2026-10-03T16:47:48.615Z,1588,acbd33b7105a9fabf65366e4d35d372a72a3b278,7,1,common,1138,2632.5,438.7,,,
77302,2026-10-03T16:58:46.910Z,1587,bc282009bc5f6e736e8bc685d961a5d9b24a76ab,4,1,threshold,1138,2632.5,438.7,614,375.6,
77519,2026-10-03T17:19:07.826Z,1518,bfe5f9935649d81943ec639e23d34c9480da851a,5,1,threshold,1138,2632.5,438.7,833,402.7,
77553,2026-10-03T17:19:42.106Z,1461,b626e1317f09f9cb22c5c63fe9a9f7ffcb25dd28,10,0,,0,0,0.0,0,0.0,
77765,2026-10-03T17:38:27.750Z,1345,071f8311dd1a87cd130d339620ce3a6f66042da7,2,0,,0,0,0.0,0,0.0,
77817,2026-10-03T17:48:10.075Z,1247,a6de115b148bf2ed1ad6928c3a22af031a56e31b,15,1,threshold,1138,2632.5,438.7,1049,427.5,
77908,2026-10-03T17:58:41.190Z,1269,a4452e971c7bb9d2d1cdb1c154a8a4e3078aa7e4,6,0,,176,268.0,44.7,176,44.7,
77921,2026-10-03T18:06:30.061Z,1500,ab8e0ce26d82a8eda04d476dc89609406a9cde3d,2,1,threshold,1138,2632.5,438.7,1043,427.2,
77932,2026-10-03T18:06:34.051Z,1531,a1ffea30ed6d809d1dda29bfb5fe8bb0a7116613,2,0,,1,0.3,0.3,1,0.3,
78034,2026-10-03T18:17:16.089Z,1402,0ca5036989b4d3dfb4fda845315dbcba48f503ef,4,0,,1,0.3,0.3,1,0.3,
78118,2026-10-03T18:40:32.717Z,1424,82559e7d4cf85ba4c5a75df484a1c946c6172415,16,1,threshold,1138,2632.5,438.7,1065,428.1,
78193,2026-10-03T19:07:09.201Z,1519,e465d467ae1064250796350ce92c0927fac8f5bd,7,0,,11,54.3,28.2,11,28.2,
78289,2026-10-03T19:37:52.425Z,1579,d60b70d1b21e4e1e2020104cb33a1acc9c263ac9,8,1,threshold,1138,2632.5,438.7,939,427.5,
78452,2026-10-03T19:48:16.223Z,1545,52b7d1a53ae62e293e728facd4b5c7a45896c841,6,0,,0,0,0.0,0,0.0,
78720,2026-10-03T20:15:45.059Z,1427,f549a9580b80ea33ba5ffe0fb4c9476f4db3da25,6,1,threshold,1138,2632.5,438.7,638,381.7,
78789,2026-10-03T20:27:42.264Z,251,f54a534bd6afd6a4949d0cf5805a6fcb4d60e182,38,1,other,1138,2632.5,438.7,1062,433.4,
78803,2026-10-03T20:35:49.422Z,1479,eeb575c60513910128a1afd868548def0ad4253c,26,1,common,1138,2632.5,438.7,,,
79004,2026-10-03T20:53:33.708Z,1193,d69b066caddd4c0d61427448828ae4b62862348e,1,1,threshold,1138,2632.5,438.7,610,371.7,
79078,2026-10-03T21:04:27.877Z,774,a50117a52171753796506414ae0d165c9c33f067,7,1,threshold,1138,2632.5,438.7,614,375.6,
79243,2026-10-03T21:43:13.244Z,1188,717b69900030c6a55921e73b42c5a0167fadca15,8,1,threshold,1138,2632.5,438.7,940,427.6,
79414,2026-10-03T22:45:09.035Z,1478,1e47d6f51298a0e490b933a79febf3c91ad20578,6,1,threshold,1138,2632.5,438.7,638,381.7,
79458,2026-10-03T22:57:17.815Z,775,2c480346b93596aa579f63854dd4555deff46418,11,1,threshold,1138,2632.5,438.7,910,419.4,
79518,2026-10-03T23:09:41.085Z,1328,e26167df62712b881e0d10407f10a142e68c8e37,3,1,threshold,1138,2632.5,438.7,423,327.9,
79625,2026-10-03T23:24:15.160Z,1580,adec1449f2db4908d5d08b1af472f39cc1dbd40a,39,1,common,1138,2632.5,438.7,,,
79902,2026-10-03T23:40:59.469Z,1484,798e92a0b5c32809449343c9898705e0b79759a8,11,1,threshold,1138,2632.5,438.7,728,401.2,
79923,2026-10-03T23:41:29.839Z,1400,8279f86b9d0335734b01d2055566b041868a652d,27,0,,22,12.5,4.2,22,4.2,
80026,2026-10-03T23:52:08.542Z,1482,6f64d11320b2069bcd93a34ad28ac15bb5179bc4,4,1,threshold,1138,2632.5,438.7,610,371.7,
80075,2026-10-03T23:52:53.809Z,1546,b870fc29844921de2d9e3c7f6a8a803459b0435e,6,0,,0,0,0.0,0,0.0,
80286,2026-10-04T00:06:11.129Z,1462,d1288f237e2d77b3da0fb93cead5cbb53ff13887,16,0,,22,12.5,4.2,22,4.2,
80388,2026-10-04T00:43:32.140Z,655,577acc9ace34ec17910c7d90756e515e5d03365a,17,1,threshold,1138,2632.5,438.7,1061,427.9,
80407,2026-10-04T00:44:00.465Z,1463,ee1399416b9e3a65e3b5a7b67fce1302e93965fd,5,0,,0,0,0.0,0,0.0,
80557,2026-10-04T01:00:52.424Z,1361,3c4f15deab22e3afddce0b45e8eb3711c12db3db,12,1,threshold,1138,2632.5,438.7,702,389.6,
80645,2026-10-04T01:16:43.576Z,1539,e1690619e099c8c5c69570cbfe9254c0408080ed,6,1,threshold,1138,2632.5,438.7,702,388.5,
80868,2026-10-04T01:38:01.790Z,1467,f472f62797f27e4da937621f63320fcb12a814f0,7,0,,22,12.5,4.2,22,4.2,
80922,2026-10-04T01:46:56.931Z,1339,f02e0f9ae02fa95a54003b732929f6b8c7c23762,10,1,threshold,1138,2632.5,438.7,1047,427.4,
81044,2026-10-04T01:57:36.734Z,1504,b01d3d0b01f95b0a41a1209d8c8e808f3c4695c7,5,0,,0,0,0.0,0,0.0,
81170,2026-10-04T02:15:44.065Z,1406,8ab60f61aab27e0416664e4a6b3c701dbfdec01f,34,1,threshold,1138,2632.5,438.7,1067,428.1,
81269,2026-10-04T02:29:49.995Z,1549,076bbb727da3fcbd1c883d8e986c8599eee1408d,12,1,threshold,1138,2632.5,438.7,1038,426.6,
81605,2026-10-04T03:05:57.808Z,1520,e5d9718bcd33c284a99931ae3076db5482e3029f,11,1,threshold,1138,2632.5,438.7,1066,428.1,
81732,2026-10-04T03:19:03.852Z,1189,23e500d8cb3c1e00ae0118818ca1058a053c7549,8,0,,234,695.7,116.0,234,116.0,
81805,2026-10-04T03:28:01.123Z,1639,51bfc9f97834fe87768dc25ee6d66d7a1bbd59c4,5,0,,0,0,0.0,0,0.0,
81872,2026-10-04T03:49:16.544Z,1505,4855bc84aef60d050b24dc5b84bc82168fdea0ce,35,1,common,1138,2632.5,438.7,,,
81976,2026-10-04T04:09:25.966Z,1408,cd4d7def76dfea6020a09b699a8ea4e2068ad901,5,0,,1,0.3,0.3,1,0.3,
82097,2026-10-04T04:25:46.360Z,1583,e20efd41000c94b5d0c22c9a83286a3d9e58e0cf,5,1,threshold,1138,2632.5,438.7,620,377.1,
82269,2026-10-04T05:00:30.888Z,1507,459131332542953cb8eda7d04d4c59d80cc7ac5d,19,1,threshold,1138,2632.5,438.7,1062,427.9,
82382,2026-10-04T05:12:13.821Z,1658,bfeada1d1e46831221677af14aa4d512342f755f,1,0,,0,0,0.0,0,0.0,
82441,2026-10-04T05:27:09.035Z,1506,f7619e64273f220dc0462e3b8312eb013a9ea8f6,18,1,threshold,1138,2632.5,438.7,1058,427.7,
82570,2026-10-04T05:57:06.625Z,1508,5f4e4cd4c41ac12572371e03b9a49aab9fa51c83,15,1,threshold,1138,2632.5,438.7,1069,428.3,
82625,2026-10-04T06:20:58.751Z,1509,1035491baa5935f05c46691d77a8424fae8bb049,26,1,threshold,1138,2632.5,438.7,1069,428.3,
83184,2026-10-04T07:16:01.852Z,1571,dc93fcfa3a4ddc4451d2d77832d4c1386d8a2020,37,1,threshold,1138,2632.5,438.7,1048,428.2,
83473,2026-10-04T07:37:34.814Z,1572,95181d50f621ce122bbe9e46bf6bc187c87dfeab,4,1,other,1138,2632.5,438.7,17,4.5,
83556,2026-10-04T07:59:27.642Z,1548,a35286332287ac0c1f48f9cc57e1580cdb14daef,9,1,threshold,1138,2632.5,438.7,1039,426.7,
84541,2026-10-04T08:19:26.133Z,1631,6d4b1fa7769a040d2cb749c66931344d55224d7a,4,1,threshold,1138,2632.5,438.7,1049,427.5,
84868,2026-10-04T08:35:09.253Z,1591,6c0d72d3edcafef023a2a9b260e92efe40b12c73,28,1,threshold,1138,2632.5,438.7,1068,428.1,
87393,2026-10-04T09:22:09.544Z,1649,4f3a3d192e5e36f8b9e5afd60225fc5bf996feaa,5,1,threshold,1138,2632.5,438.7,1024,424.8,
88199,2026-10-04T09:36:27.596Z,1485,b5b234044d3a461678961cb6e66873e79eaffda2,17,0,,0,0,0.0,0,0.0,
88898,2026-10-04T09:51:58.846Z,1354,3686c60974e9f576f57f50d5200d652e25e46f03,13,1,threshold,1138,2632.5,438.7,1046,427.4,
90053,2026-10-04T10:19:22.628Z,1373,d080d0174d289505b2ab2be894caaa0809a0acff,3,1,threshold,1138,2632.5,438.7,913,425.9,
90115,2026-10-04T10:30:45.744Z,1570,12286976b89c433516b41bd3d9248160957b4e1f,7,1,threshold,1138,2632.5,438.7,645,383.3,
90310,2026-10-04T10:37:44.591Z,1487,07cf1e53652de7d187289766d548c92552f0d849,6,0,,0,0,0.0,0,0.0,
90418,2026-10-04T10:43:42.031Z,1607,5c6065cb6d044de3afb3171a259799e7bba3145a,9,0,,0,0,0.0,0,0.0,
90489,2026-10-04T10:45:19.400Z,1608,00493c308584c062cdc58c52ae346d690140eaa3,2,0,,0,0,0.0,0,0.0,
90543,2026-10-04T10:49:24.127Z,1687,279d87b70aee5ebc6aff893f2fe2b12ced35fe90,1,0,,0,0,0.0,0,0.0,
90698,2026-10-04T11:07:51.683Z,1381,e66bc70529db2161dda24d3fc5e967ac16a20253,9,0,,35,55.1,28.2,35,28.2,
90827,2026-10-04T11:09:59.313Z,1486,c5e838751d018bf61fdb014d92a078522d05f82c,5,0,,0,0,0.0,0,0.0,
90967,2026-10-04T11:18:10.851Z,1547,64ef873dfc94caeb8aa931b80f55aac894ed20fc,5,0,,1,0.3,0.3,1,0.3,
91201,2026-10-04T11:32:51.412Z,1468,3848a4f5dbfb0936f50fc084ccc687a6ca63be71,13,0,,22,12.5,4.2,22,4.2,
91217,2026-10-04T11:33:07.781Z,1510,66211e28734ec32417eab48ad194c2f80ea8da0c,6,0,,22,12.5,4.2,22,4.2,
91488,2026-10-04T12:00:05.056Z,1584,0d85b869d9cbdc2d5c3f8a232a42534265ad3826,1,0,,21,64.4,10.7,21,10.7,
91544,2026-10-04T12:15:16.397Z,1627,4723af34fbf6deab8e533ffc56aa5f90766ae894,7,1,threshold,1138,2632.5,438.7,906,419.1,
92340,2026-10-04T12:34:11.385Z,1615,d8e5e25cc3fc3ddc317b4ce054cbd0e051f932ea,16,1,threshold,1138,2632.5,438.7,1056,433.0,
92498,2026-10-04T12:37:01.062Z,1662,dc85034362ad7cd4c32dcc628552e625913996fa,13,0,,0,0,0.0,0,0.0,
92800,2026-10-04T12:43:57.749Z,1706,c68c3b1cf28127bca3d2943ef2d9221a2c41d1f6,4,0,,0,0,0.0,0,0.0,
93780,2026-10-04T13:03:45.267Z,1688,adda99a602531acae52738f39601f418a423fb84,7,1,threshold,1138,2632.5,438.7,589,363.2,
94211,2026-10-04T13:46:41.371Z,1596,8646ac612dffa28e2040e587b1e03ea3560a4f0a,14,1,threshold,1138,2632.5,438.7,646,379.8,
94261,2026-10-04T14:01:19.019Z,1636,f46a7963cf708d621bf529eb855ecfb552f78b33,1,0,,19,230.6,49.9,19,49.9,
94381,2026-10-04T14:16:54.031Z,1709,6e53bc4dc8643fc81c0ab2091b368c6c7f176d2e,15,1,threshold,1138,2632.5,438.7,1042,432.9,
94475,2026-10-04T14:31:09.494Z,1437,d751a0c93304aece21c4de99fe41cc0bb3aac76b,141,1,other,1138,2632.5,438.7,1063,429.1,
94721,2026-10-04T15:06:48.486Z,1712,e70840a90ad29812c855146c54be13f18649b173,13,1,threshold,1138,2632.5,438.7,672,390.6,
94835,2026-10-04T15:21:57.836Z,1683,60972db31b70c2b1e607185f6cb4555957d28b64,7,1,threshold,1138,2632.5,438.7,635,379.2,
94948,2026-10-04T15:31:25.343Z,1707,1f9c9ad235feb13fbc1197e340bb8c2c83bebdd6,22,0,,0,0,0.0,0,0.0,
95038,2026-10-04T15:44:03.556Z,1512,841edabf0e1e6adc25a8309dc741f986e08d6874,2,0,,0,0,0.0,0,0.0,
95790,2026-10-04T16:03:05.874Z,1713,04d8bb4e527a81a749fb0dcf0efe02215d7bdb4c,7,1,threshold,1138,2632.5,438.7,732,391.7,
96127,2026-10-04T16:45:54.303Z,1711,824619bff7cc9f6bc467a079471de9838fecb66b,14,1,threshold,1138,2632.5,438.7,659,378.8,
96198,2026-10-04T16:58:44.985Z,1708,cfe2fd07eed13953fe3cfc79c8fc569e7c6c568e,14,0,,1,0.3,0.3,1,0.3,
96335,2026-10-04T17:34:44.489Z,1109,8050a60a25419a2d4d09b8733ac269195fa96300,2,0,,20,79.6,13.3,20,13.3,
96519,2026-10-04T18:00:43.547Z,1594,3e74b981ce668a934caab639f5143276691efc30,16,1,threshold,1138,2632.5,438.7,1022,425.1,
96715,2026-10-04T18:25:31.110Z,1634,2dbf5872665536248d16d47b755c4ef2234d3828,9,1,threshold,1138,2632.5,438.7,717,400.1,
96759,2026-10-04T18:43:39.775Z,839,ed2a9c21e79e7dbc4efe44ec93773b7fe9a4c8ab,18,1,threshold,1138,2632.5,438.7,1081,434.2,
97004,2026-10-04T19:03:49.783Z,1451,e193e335115ca6bf070591ec4d60cf2437a74275,9,0,,225,641.0,106.8,225,106.8,
97012,2026-10-04T19:03:55.394Z,1592,6cb5e894fcc5beedf3673c3cb95291f7ad621e47,1,0,,0,0,0.0,0,0.0,
97239,2026-10-04T19:32:38.716Z,1609,48e6aad79b97622b6863ec6b4921a47f58fce163,9,1,threshold,1138,2632.5,438.7,1047,427.3,
97298,2026-10-04T19:54:06.421Z,1590,0df576f25d12e1b5fc1b789cdde93e47756b9e9e,7,1,threshold,1138,2632.5,438.7,1040,432.3,
97358,2026-10-04T20:07:20.218Z,1629,79a47c1a50ae08346ce8ce3ce4708d5a78fa39d3,1,0,,20,79.6,13.3,20,13.3,
97516,2026-10-04T20:26:32.052Z,1646,7738410640251ecd1524de863a91406a25df4a90,4,1,threshold,1138,2632.5,438.7,698,388.0,
97564,2026-10-04T20:30:46.730Z,1642,5926ab9ab69fb1ff87c9030defbbac39b3873906,2,0,,0,0,0.0,0,0.0,
97677,2026-10-04T20:36:51.513Z,688,b356b605aebf561633953bcc2b98fe86cd6f46bb,5,0,,0,0,0.0,0,0.0,
97730,2026-10-04T20:43:08.286Z,747,4a09bbc4d388241c5854b5b864a3a8f560565c08,5,0,,22,12.5,4.2,22,4.2,
97863,2026-10-04T21:01:32.848Z,1156,06cf5074493cadc5c74d6908c71a8c22ce340c95,6,1,threshold,1138,2632.5,438.7,779,404.7,
97901,2026-10-04T21:11:31.299Z,1238,3ccae59cd580d920897776d326cde85f17398886,10,1,threshold,1138,2632.5,438.7,913,425.9,
97969,2026-10-04T21:23:03.231Z,1311,1a43a77811b0ed141c9f6f742e6148e9f74338ff,10,1,threshold,1138,2632.5,438.7,1026,426.3,
98028,2026-10-04T21:24:44.841Z,1321,db9c9e83b6e97cc9baa04a8f1df0f933eaad47ac,2,0,,0,0,0.0,0,0.0,
98145,2026-10-04T21:43:35.275Z,1312,445f23e6c8714e9e24c08fcce1f4f2cbefdfcb08,6,1,threshold,1138,2632.5,438.7,709,399.6,
98247,2026-10-04T21:58:37.243Z,1351,d5b1d941a8cafad68c0e69021adaa4e55532dddd,1,0,,3,32.9,28.2,3,28.2,
98302,2026-10-04T22:09:59.541Z,1352,464857c5ba060704e04a1969a8aa0f9d4b7998e2,9,1,common,1138,2632.5,438.7,,,
98599,2026-10-04T22:35:39.548Z,1386,47c5fe8393369199523f14376ad235ca1569b9a8,11,1,threshold,1138,2632.5,438.7,1058,427.7,
98610,2026-10-04T22:35:54.370Z,1480,cbe04981dda0ecd209132a476ca2032b1bd9e278,4,0,,0,0,0.0,0,0.0,
98754,2026-10-04T23:06:16.126Z,1640,af5b8d1021e6176c4cfcd1e8b0c0498317113fe8,47,1,common,1138,2632.5,438.7,,,
98899,2026-10-04T23:25:31.604Z,838,6f625decfdec3423484466371d892cd204db49a8,35,1,threshold,1138,2632.5,438.7,1092,435.2,
98987,2026-10-04T23:50:13.062Z,1660,bdec18dc19146a9a289c359aa8a067ebe5553ddd,15,1,threshold,1138,2632.5,438.7,1068,428.2,
99007,2026-10-04T23:50:28.720Z,1359,eabfabbbac2f46167c1d343f72890171566dc6f5,3,0,,0,0,0.0,0,0.0,
99539,2026-10-05T00:09:13.215Z,1439,30e6a7b77ff196cb5e0e80e657cc66f616dcf235,28,1,threshold,1138,2632.5,438.7,943,421.3,
99699,2026-10-05T00:20:49.455Z,1632,055ab7219aedc8b0e958b974a4ee5bddee792beb,68,1,common,1138,2632.5,438.7,,,
100154,2026-10-05T00:50:14.513Z,1315,14f3767d98ff0c8812aae5a7281d3f7a7a8c14b3,1,0,,21,64.4,10.7,21,10.7,
100234,2026-10-05T00:59:53.288Z,840,051f1b654fa5b064fdc3f5963fa50ac65d093832,35,1,common,1138,2632.5,438.7,,,
100285,2026-10-05T01:12:39.253Z,1633,5d22997f1487041e9d52b891e2fcc0dcfe351568,7,1,threshold,1138,2632.5,438.7,667,380.4,
100394,2026-10-05T01:29:58.285Z,1794,c7558779d2900a039edb93e822bc96d0413c2e23,2,1,threshold,1138,2632.5,438.7,913,425.9,
100606,2026-10-05T02:39:06.528Z,1360,5cf2031353f26300d625a1ff6579567348e1280e,2,0,,7,35.6,12.0,7,12.0,
100692,2026-10-05T02:54:07.372Z,841,be148d59e014f42819363d02bbc076519cdac113,4,0,,0,0,0.0,0,0.0,
100773,2026-10-05T02:58:58.781Z,842,d8036c47de12db6cb02e8a52bd5c097e300adf5b,12,0,,22,12.5,4.2,22,4.2,
100838,2026-10-05T03:06:43.104Z,1818,c622b375482ecad72a4f6533d444fd3915df536e,5,0,,0,0,0.0,0,0.0,
100964,2026-10-05T03:26:22.560Z,1514,edb2e1fc210054a9e4ec9d95518573cd80125b70,2,0,,0,0,0.0,0,0.0,
101053,2026-10-05T03:38:50.221Z,1515,d38fd929f11a4c03c362cbd8b9beb1fdce64f34b,1,0,,9,33.7,5.6,9,5.6,
101138,2026-10-05T03:46:40.846Z,1529,31d5b94f4fd6402673ba7bbe856a2240a7597a0c,2,0,,0,0,0.0,0,0.0,
101335,2026-10-05T04:03:27.194Z,1641,f78d2dfff43f2674479f0441100b368c016212ee,38,1,common,1138,2632.5,438.7,,,
101343,2026-10-05T04:03:33.288Z,1537,030bb3a1e7cdea31a92b6c89dfb85cb4dd32cd11,11,0,,0,0,0.0,0,0.0,
101669,2026-10-05T05:01:52.252Z,1481,0868fff45d1e1976ac3a13a882ba2a58ff19a923,17,1,threshold,1138,2632.5,438.7,1070,428.5,
101784,2026-10-05T05:20:42.257Z,1223,9d001a0cb441baec7895f66c975aa27907826fb7,27,1,threshold,1138,2632.5,438.7,934,420.2,
101941,2026-10-05T05:40:04.129Z,1540,832fc43a25b8767d8f7875445430c70033da017d,42,1,common,1138,2632.5,438.7,,,
102017,2026-10-05T05:59:09.556Z,1550,73471de9dbe6fd2d1a334db9afb06668cb7536d2,8,1,threshold,1138,2632.5,438.7,902,418.7,
102135,2026-10-05T06:06:41.094Z,1568,5c9e689463f603b8c67a799a8c902e401924fe94,1,0,,22,12.5,4.2,22,4.2,
102204,2026-10-05T06:21:26.729Z,1551,71b54b224afb6fe25fa0e9d50c0311acccac4c2f,5,1,threshold,1138,2632.5,438.7,561,349.1,
102339,2026-10-05T06:27:39.115Z,1811,42207403f386f73f5279f23550c9df79e4e4f5af,4,0,,0,0,0.0,0,0.0,
102485,2026-10-05T06:36:28.288Z,1564,f7f900ef8c945f083f9b21f1c98bb5c2daa9c97a,15,1,threshold,1138,2632.5,438.7,863,411.8,
102572,2026-10-05T06:44:24.663Z,1644,72e7e7e6faeaddb94d651ac537ee0e7340debc54,6,0,,22,12.5,4.2,22,4.2,
102673,2026-10-05T07:12:53.810Z,1617,b49f6ae83f008b6bb7283b01b302cf186ce9d220,6,1,threshold,1138,2632.5,438.7,1056,433.2,
102820,2026-10-05T08:07:38.531Z,1618,b4f75bac20660c042b72799001e373ce980602d4,7,1,threshold,1138,2632.5,438.7,907,418.8,
104762,2026-10-05T13:07:14.694Z,1605,e4da267e5494b8dd72fa1fd287c9b2941a5ae2fa,2,1,threshold,1138,2632.5,438.7,913,425.9,
104835,2026-10-05T13:23:42.770Z,663,4172793beca6e147ef8fe972237fb353069e0bea,4,1,threshold,1138,2632.5,438.7,474,289.2,
104848,2026-10-05T13:33:51.287Z,1600,37a85355fcd7d08d441a9436bacad2ad7779d63b,3,0,,28,86.8,14.5,28,14.5,
104973,2026-10-05T14:05:26.071Z,1574,32b028e174bd4ccad67e2f3e2750c059c7b4f8ae,15,1,threshold,1138,2632.5,438.7,1066,428.1,
105106,2026-10-05T14:21:24.559Z,1843,0ab84bbbb3580527f378bc3bbfc7efbd2590d8be,2,1,threshold,1138,2632.5,438.7,448,330.2,
105163,2026-10-05T14:44:25.657Z,1601,b02282d78b50d1f40a70ca8354758e5ae9b033fe,1,0,,0,0,0.0,0,0.0,
105264,2026-10-05T14:57:21.360Z,1616,6ed11469dff774d9f0068533bb7c7777ebd5549c,5,1,threshold,1138,2632.5,438.7,720,400.7,
105357,2026-10-05T15:03:56.783Z,1625,a9f7df0d3d041b525ff80c312d1287f17386f715,1,0,,0,0,0.0,0,0.0,
105462,2026-10-05T15:08:53.359Z,1635,4ed06616d5e0f5bcbdd10ee16e558c275c96caae,2,0,,22,12.5,4.2,22,4.2,
105607,2026-10-05T15:32:13.071Z,1619,dcec3218f461207e458ac405ac0b7b555f9c8817,4,0,,14,24.6,8.3,14,8.3,
105857,2026-10-05T22:15:24.470Z,1643,e0428eb4dcee31e579606b04ef5e217636bdd698,3,0,,1,0.3,0.3,1,0.3,
105888,2026-10-05T22:16:21.933Z,1637,bdffbaa3aa68415d0bfe6c4f5e05054dfe78e860,2,0,,0,0,0.0,0,0.0,
105983,2026-10-05T22:21:08.487Z,1651,f8a7b815177b2d8ce4ddb5173c6bd1f4d97f2866,2,0,,22,12.5,4.2,22,4.2,
106113,2026-10-05T22:33:18.255Z,1225,1abfc6c7ff6513464ea50558bfd8c0d4e08e8171,34,1,threshold,1138,2632.5,438.7,1067,428.1,
106351,2026-10-05T23:14:11.870Z,1680,b513320117aa47a735996a088d67d46670ee6ed8,3,1,threshold,1138,2632.5,438.7,589,363.2,
106435,2026-10-05T23:26:29.287Z,1661,dd7990e1ea0caec2f0898c3d2af1df9d51295a62,7,1,threshold,1138,2632.5,438.7,1016,425.3,
106446,2026-10-05T23:26:34.447Z,1689,737d37da49c2724963c3f552e7b5defc8630f0c9,19,0,,0,0,0.0,0,0.0,
106548,2026-10-05T23:31:37.203Z,1703,97ce2f9cec7996f84c0b28f37ecf3b4cec9408ad,1,0,,0,0,0.0,0,0.0,
106748,2026-10-05T23:52:16.117Z,1727,0f15fcc7cb0b559258c725fb81467bb70e2c63ce,2,0,,1,0.3,0.3,1,0.3,
106858,2026-10-05T23:58:18.295Z,1785,8784bc26cefa3d5da8a9cb18dce3d63d6ed195c1,1,0,,0,0,0.0,0,0.0,
106871,2026-10-05T23:58:28.207Z,1736,484181930453bfe75b6984df900688ab08365638,3,0,,0,0,0.0,0,0.0,
106914,2026-10-05T23:58:46.134Z,1704,e384f6741b5b8bd15d3b8860a33d3ffe9d3ea3a0,13,0,,0,0,0.0,0,0.0,
