interval,run_id,task_id,first_review_at,item_numbers,summary_numbers,numbers_with_evidence,numbers_without_evidence,mapped
main,732f927d-1fd4-488e-9d19-52e4e23b79d0,1200,2026-10-02T03:26:23.291Z,1;2;3;4,1;3,3,1;2;4,0
main,bbc93102-328e-499a-afb9-2cd056b70bcc,1219,2026-10-02T03:35:49.087Z,,,,,番号なし
main,4e133ab6-4174-4927-b7b2-68e6e7db1787,1220,2026-10-02T03:39:57.026Z,1;2;3;4;5,,,1;2;3;4;5,0
main,5328601b-11ed-451e-b732-f4b38036d4d4,1023,2026-10-02T04:13:53.183Z,,,,,番号なし
main,eecb5fa8-d16f-4a40-8881-4fffc0b345b1,1340,2026-10-02T04:18:47.476Z,1;2;3;4;5;6,,,1;2;3;4;5;6,0
main,7a664310-8442-4bd9-b6e1-52319f2f2cab,1215,2026-10-02T05:00:29.458Z,,,,,番号なし
main,357172fe-31b4-4ff0-9e0a-3cbb414db1d0,961,2026-10-02T05:48:24.646Z,1;2,1;2,1;2,,1
main,9ff42413-1f37-4061-a248-1bbfb7d08f50,1075,2026-10-02T06:50:10.033Z,1;2;3;4;5;1100,0;1;2;3;4;1100,1;2;4;1100,3;5,0
main,ef1acb79-2872-4307-a861-c4798edbb7ff,1017,2026-10-02T06:57:33.365Z,,,,,番号なし
main,268b75a7-4d80-4fdf-9474-24fe95c8b80f,1221,2026-10-02T07:55:20.636Z,,,,,番号なし
main,9c4e96bf-ddf5-406d-8b43-f6fd7c9cde9e,968,2026-10-02T07:57:48.252Z,,,,,番号なし
main,d43633e9-f411-43ee-911c-e94206c4a06a,1254,2026-10-02T08:08:38.104Z,,,,,番号なし
main,0666ca17-d830-4b34-af5d-e4f5d7d7f003,969,2026-10-02T08:13:33.412Z,,1;2;3;4,,,番号なし
main,b0d34c04-718a-4a51-bd39-6f368eb768cc,1161,2026-10-02T08:14:59.182Z,1;2;3;4,1;2;3;4,1;2;3,4,0
main,33daa379-e0c4-410d-b4d5-61d76f354d07,1272,2026-10-02T08:24:54.373Z,,,,,番号なし
main,33ee1eb3-8752-49f5-9a28-fc94b2bbca36,1255,2026-10-02T08:31:46.176Z,,1;2;3,,,番号なし
main,ff314f71-f511-4735-a826-6fb1983c0e87,1273,2026-10-02T08:39:51.525Z,,,,,番号なし
main,0639576b-52f4-4575-8414-cde10482d234,1274,2026-10-02T08:51:11.719Z,,,,,番号なし
main,6413b16f-2e1f-439e-a048-2d983711cc88,1141,2026-10-02T09:13:57.122Z,,,,,番号なし
main,6f7ea894-b95f-4f36-93ba-97d6d1ce3dc9,1318,2026-10-02T09:51:25.104Z,1;2;3;4;5;6;7;8,,,1;2;3;4;5;6;7;8,0
main,571b7613-8d9d-4eef-b38a-a5fe3f289e9b,1333,2026-10-02T10:00:00.374Z,1;2;3;4;5;6,1;2;3;4;5;6,1;2;3;4;5;6,,1
main,d0176e89-f2ae-40b2-aa18-05e002018f89,1300,2026-10-02T10:21:11.630Z,1;2;3;4;5,,,1;2;3;4;5,0
main,da215c20-820b-4a1b-bcaa-a8327fd7f9a9,1370,2026-10-02T11:02:26.387Z,1;2;3;4,50,,1;2;3;4,0
main,1e2734f7-f5bf-4efc-9586-0ca83c8b997f,1368,2026-10-02T11:13:41.904Z,1;2;3;4,1;2;3;4,1;2;3;4,,1
main,e5c4ea89-17f8-4a5a-8754-d1b568b1332a,1289,2026-10-02T11:18:58.385Z,1;2;3;4;5;6,,,1;2;3;4;5;6,0
main,d35d9c3f-be96-4843-9fa4-976b5d044eb3,1378,2026-10-02T11:33:09.720Z,1;2;3;4,,,1;2;3;4,0
main,57151b60-d708-4c4b-9edc-a37573e7909c,1369,2026-10-02T11:41:33.339Z,1;2;3;4,1;2;3,1;2;3,4,0
main,ea40dfd5-af06-4794-8be9-a6d5e7e69627,1317,2026-10-02T12:09:08.940Z,1;2;3;4;5;6;7;8,,,1;2;3;4;5;6;7;8,0
main,726e286b-dd83-4ca6-b739-d0a42a9a4282,1371,2026-10-02T12:09:37.484Z,1;2;3;4,1;2,1;2,3;4,0
main,c4c4405b-1348-4f83-be20-96864f3afd5d,1316,2026-10-02T12:20:23.671Z,1;2;3;4;5;6;7;8;9,,,1;2;3;4;5;6;7;8;9,0
main,8dcd7775-f024-41e5-931b-153b51f134e0,1290,2026-10-02T13:22:36.618Z,1;2;3;4;5;6,,,1;2;3;4;5;6,0
main,eebaca9b-ebfd-4104-b22e-8091905c2951,1372,2026-10-02T13:24:29.633Z,1;2;3;4,1;2,1;2,3;4,0
main,38c9ba81-f6dc-44fc-9ef9-3616e7ef1262,1338,2026-10-02T13:44:52.366Z,,,,,番号なし
main,675b888d-1532-4b4f-8a9a-6ccc80fd9fb5,1334,2026-10-02T13:53:28.289Z,1;2;3;4,,,1;2;3;4,0
main,4ea3a630-3fbb-43e1-8e03-b97274756187,1389,2026-10-02T14:01:42.312Z,1;2;3;4;5,,,1;2;3;4;5,0
main,baeccaaa-dbf7-4d3c-b44b-443060b5207b,648,2026-10-02T15:01:29.114Z,,,,,番号なし
main,e6fceb15-7afe-43c8-bf11-e6b8c4fe12d2,1329,2026-10-02T15:04:02.285Z,,,,,番号なし
main,33295215-1be3-4c59-9898-175f15ec3264,1404,2026-10-02T15:05:30.000Z,,,,,番号なし
main,6a834127-73e9-4b03-9c68-5d45c66f2163,1394,2026-10-02T15:34:49.698Z,,,,,番号なし
main,50fddc19-7259-47e3-a197-f19438df7619,1425,2026-10-02T15:42:40.015Z,1;2;3;4,,,1;2;3;4,0
main,bd95bae3-616a-4e62-a26b-a837c31fb36f,1407,2026-10-02T15:51:27.389Z,,,,,番号なし
main,f54d58e0-f293-4d8f-bcaf-8e52fbc01591,1418,2026-10-02T16:08:07.158Z,,,,,番号なし
main,5f471151-8eb7-4bc2-ac0b-1e1294ae69d1,1401,2026-10-02T16:08:35.690Z,,,,,番号なし
main,42637110-a974-4ebb-80e7-5049e8185123,1405,2026-10-02T16:12:39.610Z,,,,,番号なし
main,ab0eed00-bdfb-4071-ba2d-966ff5a961d0,1265,2026-10-02T16:30:52.728Z,1;2;3;4,,,1;2;3;4,0
main,3be848c0-6af6-4d0b-94d9-65f37e594fdf,1334,2026-10-02T16:33:23.218Z,1;2;3;4,1;2,1;2,3;4,0
main,3664fe7f-1636-4378-8b95-a17a1246ac3d,1320,2026-10-02T16:43:08.697Z,1;2;3;4;5;6;7,,,1;2;3;4;5;6;7,0
main,eb7a8859-0371-4a47-bb8e-62ce5b7eb20c,1337,2026-10-02T17:12:12.096Z,1;2;3;4;5,,,1;2;3;4;5,0
main,27cca522-091c-42aa-b956-3fb18754bf10,1414,2026-10-02T17:23:58.104Z,1;2;3;4;5,,,1;2;3;4;5,0
main,02edf3a8-1e69-443e-80b6-ce8f830a8572,724,2026-10-02T17:25:54.298Z,1;2;3;4;5,,,1;2;3;4;5,0
main,a38a2691-67b0-4a48-bb69-bc2c556a9634,627,2026-10-02T17:44:10.296Z,1;2;3;4;5;6;7;8;9;10,5;6;7;8;11,5;6;7;8,1;2;3;4;9;10,0
main,bea024b2-2c8b-4144-a01d-7562622489d3,1453,2026-10-02T17:47:59.990Z,1;2;3;4;5,,,1;2;3;4;5,0
main,bf4f66cb-794d-4ae3-8a70-62033e7722db,1454,2026-10-02T18:12:32.056Z,1;2;3;4;5,,,1;2;3;4;5,0
main,16257d7f-bd59-4e75-a397-4c2395f7b503,1412,2026-10-02T18:14:59.675Z,1;2;3;4;5,,,1;2;3;4;5,0
main,2dc57acb-b40c-46d5-a47d-6730f2de127d,1413,2026-10-02T18:15:14.354Z,1;2;3;4;5,,,1;2;3;4;5,0
main,e29f2da8-612f-476c-881e-bf60f88ad1d4,1456,2026-10-02T18:43:29.974Z,1;2;3;4;5,,,1;2;3;4;5,0
main,b40dbc9d-eb8f-4ae6-b66d-5035e397b29a,1416,2026-10-02T19:14:41.504Z,1;2;3;4,,,1;2;3;4,0
main,c77e93d4-1d71-4920-aa5b-098b9f4deaa0,1455,2026-10-02T19:18:03.323Z,1;2;3;4,1;2;3;4;5,1;2;3;4,,1
main,dbe597f3-c9ea-47a1-a53a-11b0916c679e,1246,2026-10-02T19:32:54.791Z,,,,,番号なし
main,8333d781-27b3-4c57-8381-8ded6a925988,1415,2026-10-02T19:34:12.272Z,1;2;3;4;5,,,1;2;3;4;5,0
main,371c15a0-5d96-48f8-9b84-091a815d7f2b,630,2026-10-02T19:45:33.259Z,,,,,番号なし
main,93222d22-2a7e-48ca-9bc1-a6de8fe6442e,1458,2026-10-02T20:00:54.760Z,1;2;3;4;5;6,,,1;2;3;4;5;6,0
main,f55a1fbb-d7a8-4b47-95e4-efd8f20c34f2,1277,2026-10-02T20:09:30.952Z,,,,,番号なし
main,78bdfc9c-5ed5-4e4b-a6aa-b36b6a2ae139,1391,2026-10-02T20:11:18.323Z,1;2;3;4,1;2,1;2,3;4,0
main,85a5328f-55a7-4b99-9b1c-486d434c8484,1466,2026-10-02T20:24:59.547Z,1;2;3;4;5,,,1;2;3;4;5,0
main,3f479771-2896-49b9-9512-1aeed8b5a93b,1392,2026-10-02T20:32:31.706Z,1;2;3;4;5;6;7,,,1;2;3;4;5;6;7,0
main,c451a263-147a-4901-a9af-fc367b769c73,1286,2026-10-02T21:01:49.504Z,,,,,番号なし
main,710ace0e-4fa5-419a-b72e-54667dc5c83d,1335,2026-10-02T21:13:03.433Z,1;2;3;4,,,1;2;3;4,0
main,c1e7b209-9c1d-46fa-80d0-e5620c73dd1c,1426,2026-10-02T21:17:52.966Z,,,,,番号なし
main,f21fc4e9-7da0-4e18-9bee-3f8ef3cd9f01,1151,2026-10-02T21:20:06.830Z,,,,,番号なし
main,96f427d4-ea6b-4dec-85b8-07357c18b94f,1284,2026-10-02T21:36:20.627Z,1;2;3;4,,,1;2;3;4,0
main,92fe42cf-9776-4804-b3f4-8f6f856d48fc,1288,2026-10-02T21:38:46.231Z,1;2;3;4;5,,,1;2;3;4;5,0
main,f0e8b6ab-6aa1-4080-9784-2e3d59648b28,1310,2026-10-02T22:01:03.619Z,,,,,番号なし
main,b4e5c6e4-6650-425c-8cea-66802d4f4ae3,1323,2026-10-02T22:06:05.058Z,,,,,番号なし
main,8cf5ae79-9fde-4b98-a4fe-d38360ae379c,1319,2026-10-02T22:10:46.464Z,1;2;3;4;5;6;7,,,1;2;3;4;5;6;7,0
main,d0e77030-796a-44d6-b3e8-cc584cf2b2be,1420,2026-10-03T00:16:51.942Z,1;2;3;4;5;6,1;2;3;4;5;6,1;2;3;4;5;6,,1
main_1422,732f927d-1fd4-488e-9d19-52e4e23b79d0,1200,2026-10-02T03:26:23.291Z,1;2;3;4,1;3,3,1;2;4,0
main_1422,bbc93102-328e-499a-afb9-2cd056b70bcc,1219,2026-10-02T03:35:49.087Z,,,,,番号なし
main_1422,4e133ab6-4174-4927-b7b2-68e6e7db1787,1220,2026-10-02T03:39:57.026Z,1;2;3;4;5,,,1;2;3;4;5,0
main_1422,5328601b-11ed-451e-b732-f4b38036d4d4,1023,2026-10-02T04:13:53.183Z,,,,,番号なし
main_1422,eecb5fa8-d16f-4a40-8881-4fffc0b345b1,1340,2026-10-02T04:18:47.476Z,1;2;3;4;5;6,,,1;2;3;4;5;6,0
main_1422,7a664310-8442-4bd9-b6e1-52319f2f2cab,1215,2026-10-02T05:00:29.458Z,,,,,番号なし
main_1422,357172fe-31b4-4ff0-9e0a-3cbb414db1d0,961,2026-10-02T05:48:24.646Z,1;2,1;2,1;2,,1
main_1422,9ff42413-1f37-4061-a248-1bbfb7d08f50,1075,2026-10-02T06:50:10.033Z,1;2;3;4;5;1100,0;1;2;3;4;1100,1;2;4;1100,3;5,0
main_1422,ef1acb79-2872-4307-a861-c4798edbb7ff,1017,2026-10-02T06:57:33.365Z,,,,,番号なし
main_1422,268b75a7-4d80-4fdf-9474-24fe95c8b80f,1221,2026-10-02T07:55:20.636Z,,,,,番号なし
main_1422,9c4e96bf-ddf5-406d-8b43-f6fd7c9cde9e,968,2026-10-02T07:57:48.252Z,,,,,番号なし
main_1422,d43633e9-f411-43ee-911c-e94206c4a06a,1254,2026-10-02T08:08:38.104Z,,,,,番号なし
main_1422,0666ca17-d830-4b34-af5d-e4f5d7d7f003,969,2026-10-02T08:13:33.412Z,,1;2;3;4,,,番号なし
main_1422,b0d34c04-718a-4a51-bd39-6f368eb768cc,1161,2026-10-02T08:14:59.182Z,1;2;3;4,1;2;3;4,1;2;3,4,0
main_1422,33daa379-e0c4-410d-b4d5-61d76f354d07,1272,2026-10-02T08:24:54.373Z,,,,,番号なし
main_1422,33ee1eb3-8752-49f5-9a28-fc94b2bbca36,1255,2026-10-02T08:31:46.176Z,,1;2;3,,,番号なし
main_1422,ff314f71-f511-4735-a826-6fb1983c0e87,1273,2026-10-02T08:39:51.525Z,,,,,番号なし
main_1422,0639576b-52f4-4575-8414-cde10482d234,1274,2026-10-02T08:51:11.719Z,,,,,番号なし
main_1422,6413b16f-2e1f-439e-a048-2d983711cc88,1141,2026-10-02T09:13:57.122Z,,,,,番号なし
main_1422,6f7ea894-b95f-4f36-93ba-97d6d1ce3dc9,1318,2026-10-02T09:51:25.104Z,1;2;3;4;5;6;7;8,,,1;2;3;4;5;6;7;8,0
main_1422,571b7613-8d9d-4eef-b38a-a5fe3f289e9b,1333,2026-10-02T10:00:00.374Z,1;2;3;4;5;6,1;2;3;4;5;6,1;2;3;4;5;6,,1
main_1422,d0176e89-f2ae-40b2-aa18-05e002018f89,1300,2026-10-02T10:21:11.630Z,1;2;3;4;5,,,1;2;3;4;5,0
main_1422,da215c20-820b-4a1b-bcaa-a8327fd7f9a9,1370,2026-10-02T11:02:26.387Z,1;2;3;4,50,,1;2;3;4,0
main_1422,1e2734f7-f5bf-4efc-9586-0ca83c8b997f,1368,2026-10-02T11:13:41.904Z,1;2;3;4,1;2;3;4,1;2;3;4,,1
main_1422,e5c4ea89-17f8-4a5a-8754-d1b568b1332a,1289,2026-10-02T11:18:58.385Z,1;2;3;4;5;6,,,1;2;3;4;5;6,0
main_1422,d35d9c3f-be96-4843-9fa4-976b5d044eb3,1378,2026-10-02T11:33:09.720Z,1;2;3;4,,,1;2;3;4,0
main_1422,57151b60-d708-4c4b-9edc-a37573e7909c,1369,2026-10-02T11:41:33.339Z,1;2;3;4,1;2;3,1;2;3,4,0
main_1422,ea40dfd5-af06-4794-8be9-a6d5e7e69627,1317,2026-10-02T12:09:08.940Z,1;2;3;4;5;6;7;8,,,1;2;3;4;5;6;7;8,0
main_1422,726e286b-dd83-4ca6-b739-d0a42a9a4282,1371,2026-10-02T12:09:37.484Z,1;2;3;4,1;2,1;2,3;4,0
main_1422,c4c4405b-1348-4f83-be20-96864f3afd5d,1316,2026-10-02T12:20:23.671Z,1;2;3;4;5;6;7;8;9,,,1;2;3;4;5;6;7;8;9,0
main_1422,8dcd7775-f024-41e5-931b-153b51f134e0,1290,2026-10-02T13:22:36.618Z,1;2;3;4;5;6,,,1;2;3;4;5;6,0
main_1422,eebaca9b-ebfd-4104-b22e-8091905c2951,1372,2026-10-02T13:24:29.633Z,1;2;3;4,1;2,1;2,3;4,0
main_1422,38c9ba81-f6dc-44fc-9ef9-3616e7ef1262,1338,2026-10-02T13:44:52.366Z,,,,,番号なし
main_1422,675b888d-1532-4b4f-8a9a-6ccc80fd9fb5,1334,2026-10-02T13:53:28.289Z,1;2;3;4,,,1;2;3;4,0
main_1422,4ea3a630-3fbb-43e1-8e03-b97274756187,1389,2026-10-02T14:01:42.312Z,1;2;3;4;5,,,1;2;3;4;5,0
main_1422,baeccaaa-dbf7-4d3c-b44b-443060b5207b,648,2026-10-02T15:01:29.114Z,,,,,番号なし
main_1422,e6fceb15-7afe-43c8-bf11-e6b8c4fe12d2,1329,2026-10-02T15:04:02.285Z,,,,,番号なし
main_1422,33295215-1be3-4c59-9898-175f15ec3264,1404,2026-10-02T15:05:30.000Z,,,,,番号なし
main_1422,6a834127-73e9-4b03-9c68-5d45c66f2163,1394,2026-10-02T15:34:49.698Z,,,,,番号なし
main_1422,50fddc19-7259-47e3-a197-f19438df7619,1425,2026-10-02T15:42:40.015Z,1;2;3;4,,,1;2;3;4,0
main_1422,bd95bae3-616a-4e62-a26b-a837c31fb36f,1407,2026-10-02T15:51:27.389Z,,,,,番号なし
main_1422,f54d58e0-f293-4d8f-bcaf-8e52fbc01591,1418,2026-10-02T16:08:07.158Z,,,,,番号なし
main_1422,5f471151-8eb7-4bc2-ac0b-1e1294ae69d1,1401,2026-10-02T16:08:35.690Z,,,,,番号なし
main_1422,42637110-a974-4ebb-80e7-5049e8185123,1405,2026-10-02T16:12:39.610Z,,,,,番号なし
main_1422,ab0eed00-bdfb-4071-ba2d-966ff5a961d0,1265,2026-10-02T16:30:52.728Z,1;2;3;4,,,1;2;3;4,0
main_1422,3be848c0-6af6-4d0b-94d9-65f37e594fdf,1334,2026-10-02T16:33:23.218Z,1;2;3;4,1;2,1;2,3;4,0
main_1422,3664fe7f-1636-4378-8b95-a17a1246ac3d,1320,2026-10-02T16:43:08.697Z,1;2;3;4;5;6;7,,,1;2;3;4;5;6;7,0
main_1422,eb7a8859-0371-4a47-bb8e-62ce5b7eb20c,1337,2026-10-02T17:12:12.096Z,1;2;3;4;5,,,1;2;3;4;5,0
main_1422,27cca522-091c-42aa-b956-3fb18754bf10,1414,2026-10-02T17:23:58.104Z,1;2;3;4;5,,,1;2;3;4;5,0
main_1422,02edf3a8-1e69-443e-80b6-ce8f830a8572,724,2026-10-02T17:25:54.298Z,1;2;3;4;5,,,1;2;3;4;5,0
main_1422,a38a2691-67b0-4a48-bb69-bc2c556a9634,627,2026-10-02T17:44:10.296Z,1;2;3;4;5;6;7;8;9;10,5;6;7;8;11,5;6;7;8,1;2;3;4;9;10,0
main_1422,bea024b2-2c8b-4144-a01d-7562622489d3,1453,2026-10-02T17:47:59.990Z,1;2;3;4;5,,,1;2;3;4;5,0
main_1422,bf4f66cb-794d-4ae3-8a70-62033e7722db,1454,2026-10-02T18:12:32.056Z,1;2;3;4;5,,,1;2;3;4;5,0
main_1422,16257d7f-bd59-4e75-a397-4c2395f7b503,1412,2026-10-02T18:14:59.675Z,1;2;3;4;5,,,1;2;3;4;5,0
main_1422,2dc57acb-b40c-46d5-a47d-6730f2de127d,1413,2026-10-02T18:15:14.354Z,1;2;3;4;5,,,1;2;3;4;5,0
main_1422,e29f2da8-612f-476c-881e-bf60f88ad1d4,1456,2026-10-02T18:43:29.974Z,1;2;3;4;5,,,1;2;3;4;5,0
main_1422,b40dbc9d-eb8f-4ae6-b66d-5035e397b29a,1416,2026-10-02T19:14:41.504Z,1;2;3;4,,,1;2;3;4,0
main_1422,c77e93d4-1d71-4920-aa5b-098b9f4deaa0,1455,2026-10-02T19:18:03.323Z,1;2;3;4,1;2;3;4;5,1;2;3;4,,1
main_1422,dbe597f3-c9ea-47a1-a53a-11b0916c679e,1246,2026-10-02T19:32:54.791Z,,,,,番号なし
main_1422,8333d781-27b3-4c57-8381-8ded6a925988,1415,2026-10-02T19:34:12.272Z,1;2;3;4;5,,,1;2;3;4;5,0
main_1422,371c15a0-5d96-48f8-9b84-091a815d7f2b,630,2026-10-02T19:45:33.259Z,,,,,番号なし
main_1422,93222d22-2a7e-48ca-9bc1-a6de8fe6442e,1458,2026-10-02T20:00:54.760Z,1;2;3;4;5;6,,,1;2;3;4;5;6,0
main_1422,f55a1fbb-d7a8-4b47-95e4-efd8f20c34f2,1277,2026-10-02T20:09:30.952Z,,,,,番号なし
main_1422,78bdfc9c-5ed5-4e4b-a6aa-b36b6a2ae139,1391,2026-10-02T20:11:18.323Z,1;2;3;4,1;2,1;2,3;4,0
main_1422,85a5328f-55a7-4b99-9b1c-486d434c8484,1466,2026-10-02T20:24:59.547Z,1;2;3;4;5,,,1;2;3;4;5,0
main_1422,3f479771-2896-49b9-9512-1aeed8b5a93b,1392,2026-10-02T20:32:31.706Z,1;2;3;4;5;6;7,,,1;2;3;4;5;6;7,0
main_1422,c451a263-147a-4901-a9af-fc367b769c73,1286,2026-10-02T21:01:49.504Z,,,,,番号なし
main_1422,710ace0e-4fa5-419a-b72e-54667dc5c83d,1335,2026-10-02T21:13:03.433Z,1;2;3;4,,,1;2;3;4,0
main_1422,c1e7b209-9c1d-46fa-80d0-e5620c73dd1c,1426,2026-10-02T21:17:52.966Z,,,,,番号なし
main_1422,f21fc4e9-7da0-4e18-9bee-3f8ef3cd9f01,1151,2026-10-02T21:20:06.830Z,,,,,番号なし
main_1422,96f427d4-ea6b-4dec-85b8-07357c18b94f,1284,2026-10-02T21:36:20.627Z,1;2;3;4,,,1;2;3;4,0
main_1422,92fe42cf-9776-4804-b3f4-8f6f856d48fc,1288,2026-10-02T21:38:46.231Z,1;2;3;4;5,,,1;2;3;4;5,0
main_1422,f0e8b6ab-6aa1-4080-9784-2e3d59648b28,1310,2026-10-02T22:01:03.619Z,,,,,番号なし
main_1422,b4e5c6e4-6650-425c-8cea-66802d4f4ae3,1323,2026-10-02T22:06:05.058Z,,,,,番号なし
main_1422,8cf5ae79-9fde-4b98-a4fe-d38360ae379c,1319,2026-10-02T22:10:46.464Z,1;2;3;4;5;6;7,,,1;2;3;4;5;6;7,0
main_before_0805,732f927d-1fd4-488e-9d19-52e4e23b79d0,1200,2026-10-02T03:26:23.291Z,1;2;3;4,1;3,3,1;2;4,0
main_before_0805,bbc93102-328e-499a-afb9-2cd056b70bcc,1219,2026-10-02T03:35:49.087Z,,,,,番号なし
main_before_0805,4e133ab6-4174-4927-b7b2-68e6e7db1787,1220,2026-10-02T03:39:57.026Z,1;2;3;4;5,,,1;2;3;4;5,0
main_before_0805,5328601b-11ed-451e-b732-f4b38036d4d4,1023,2026-10-02T04:13:53.183Z,,,,,番号なし
main_before_0805,eecb5fa8-d16f-4a40-8881-4fffc0b345b1,1340,2026-10-02T04:18:47.476Z,1;2;3;4;5;6,,,1;2;3;4;5;6,0
main_before_0805,7a664310-8442-4bd9-b6e1-52319f2f2cab,1215,2026-10-02T05:00:29.458Z,,,,,番号なし
main_before_0805,357172fe-31b4-4ff0-9e0a-3cbb414db1d0,961,2026-10-02T05:48:24.646Z,1;2,1;2,1;2,,1
main_before_0805,9ff42413-1f37-4061-a248-1bbfb7d08f50,1075,2026-10-02T06:50:10.033Z,1;2;3;4;5;1100,0;1;2;3;4;1100,1;2;4;1100,3;5,0
main_before_0805,ef1acb79-2872-4307-a861-c4798edbb7ff,1017,2026-10-02T06:57:33.365Z,,,,,番号なし
main_before_0805,268b75a7-4d80-4fdf-9474-24fe95c8b80f,1221,2026-10-02T07:55:20.636Z,,,,,番号なし
main_before_0805,9c4e96bf-ddf5-406d-8b43-f6fd7c9cde9e,968,2026-10-02T07:57:48.252Z,,,,,番号なし
main_after_0805,d43633e9-f411-43ee-911c-e94206c4a06a,1254,2026-10-02T08:08:38.104Z,,,,,番号なし
main_after_0805,0666ca17-d830-4b34-af5d-e4f5d7d7f003,969,2026-10-02T08:13:33.412Z,,1;2;3;4,,,番号なし
main_after_0805,b0d34c04-718a-4a51-bd39-6f368eb768cc,1161,2026-10-02T08:14:59.182Z,1;2;3;4,1;2;3;4,1;2;3,4,0
main_after_0805,33daa379-e0c4-410d-b4d5-61d76f354d07,1272,2026-10-02T08:24:54.373Z,,,,,番号なし
main_after_0805,33ee1eb3-8752-49f5-9a28-fc94b2bbca36,1255,2026-10-02T08:31:46.176Z,,1;2;3,,,番号なし
main_after_0805,ff314f71-f511-4735-a826-6fb1983c0e87,1273,2026-10-02T08:39:51.525Z,,,,,番号なし
main_after_0805,0639576b-52f4-4575-8414-cde10482d234,1274,2026-10-02T08:51:11.719Z,,,,,番号なし
main_after_0805,6413b16f-2e1f-439e-a048-2d983711cc88,1141,2026-10-02T09:13:57.122Z,,,,,番号なし
main_after_0805,6f7ea894-b95f-4f36-93ba-97d6d1ce3dc9,1318,2026-10-02T09:51:25.104Z,1;2;3;4;5;6;7;8,,,1;2;3;4;5;6;7;8,0
main_after_0805,571b7613-8d9d-4eef-b38a-a5fe3f289e9b,1333,2026-10-02T10:00:00.374Z,1;2;3;4;5;6,1;2;3;4;5;6,1;2;3;4;5;6,,1
main_after_0805,d0176e89-f2ae-40b2-aa18-05e002018f89,1300,2026-10-02T10:21:11.630Z,1;2;3;4;5,,,1;2;3;4;5,0
main_after_0805,da215c20-820b-4a1b-bcaa-a8327fd7f9a9,1370,2026-10-02T11:02:26.387Z,1;2;3;4,50,,1;2;3;4,0
main_after_0805,1e2734f7-f5bf-4efc-9586-0ca83c8b997f,1368,2026-10-02T11:13:41.904Z,1;2;3;4,1;2;3;4,1;2;3;4,,1
main_after_0805,e5c4ea89-17f8-4a5a-8754-d1b568b1332a,1289,2026-10-02T11:18:58.385Z,1;2;3;4;5;6,,,1;2;3;4;5;6,0
main_after_0805,d35d9c3f-be96-4843-9fa4-976b5d044eb3,1378,2026-10-02T11:33:09.720Z,1;2;3;4,,,1;2;3;4,0
main_after_0805,57151b60-d708-4c4b-9edc-a37573e7909c,1369,2026-10-02T11:41:33.339Z,1;2;3;4,1;2;3,1;2;3,4,0
main_after_0805,ea40dfd5-af06-4794-8be9-a6d5e7e69627,1317,2026-10-02T12:09:08.940Z,1;2;3;4;5;6;7;8,,,1;2;3;4;5;6;7;8,0
main_after_0805,726e286b-dd83-4ca6-b739-d0a42a9a4282,1371,2026-10-02T12:09:37.484Z,1;2;3;4,1;2,1;2,3;4,0
main_after_0805,c4c4405b-1348-4f83-be20-96864f3afd5d,1316,2026-10-02T12:20:23.671Z,1;2;3;4;5;6;7;8;9,,,1;2;3;4;5;6;7;8;9,0
main_after_0805,8dcd7775-f024-41e5-931b-153b51f134e0,1290,2026-10-02T13:22:36.618Z,1;2;3;4;5;6,,,1;2;3;4;5;6,0
main_after_0805,eebaca9b-ebfd-4104-b22e-8091905c2951,1372,2026-10-02T13:24:29.633Z,1;2;3;4,1;2,1;2,3;4,0
main_after_0805,38c9ba81-f6dc-44fc-9ef9-3616e7ef1262,1338,2026-10-02T13:44:52.366Z,,,,,番号なし
main_after_0805,675b888d-1532-4b4f-8a9a-6ccc80fd9fb5,1334,2026-10-02T13:53:28.289Z,1;2;3;4,,,1;2;3;4,0
main_after_0805,4ea3a630-3fbb-43e1-8e03-b97274756187,1389,2026-10-02T14:01:42.312Z,1;2;3;4;5,,,1;2;3;4;5,0
main_after_0805,baeccaaa-dbf7-4d3c-b44b-443060b5207b,648,2026-10-02T15:01:29.114Z,,,,,番号なし
main_after_0805,e6fceb15-7afe-43c8-bf11-e6b8c4fe12d2,1329,2026-10-02T15:04:02.285Z,,,,,番号なし
main_after_0805,33295215-1be3-4c59-9898-175f15ec3264,1404,2026-10-02T15:05:30.000Z,,,,,番号なし
main_after_0805,6a834127-73e9-4b03-9c68-5d45c66f2163,1394,2026-10-02T15:34:49.698Z,,,,,番号なし
main_after_0805,50fddc19-7259-47e3-a197-f19438df7619,1425,2026-10-02T15:42:40.015Z,1;2;3;4,,,1;2;3;4,0
main_after_0805,bd95bae3-616a-4e62-a26b-a837c31fb36f,1407,2026-10-02T15:51:27.389Z,,,,,番号なし
main_after_0805,f54d58e0-f293-4d8f-bcaf-8e52fbc01591,1418,2026-10-02T16:08:07.158Z,,,,,番号なし
main_after_0805,5f471151-8eb7-4bc2-ac0b-1e1294ae69d1,1401,2026-10-02T16:08:35.690Z,,,,,番号なし
main_after_0805,42637110-a974-4ebb-80e7-5049e8185123,1405,2026-10-02T16:12:39.610Z,,,,,番号なし
main_after_0805,ab0eed00-bdfb-4071-ba2d-966ff5a961d0,1265,2026-10-02T16:30:52.728Z,1;2;3;4,,,1;2;3;4,0
main_after_0805,3be848c0-6af6-4d0b-94d9-65f37e594fdf,1334,2026-10-02T16:33:23.218Z,1;2;3;4,1;2,1;2,3;4,0
main_after_0805,3664fe7f-1636-4378-8b95-a17a1246ac3d,1320,2026-10-02T16:43:08.697Z,1;2;3;4;5;6;7,,,1;2;3;4;5;6;7,0
main_after_0805,eb7a8859-0371-4a47-bb8e-62ce5b7eb20c,1337,2026-10-02T17:12:12.096Z,1;2;3;4;5,,,1;2;3;4;5,0
main_after_0805,27cca522-091c-42aa-b956-3fb18754bf10,1414,2026-10-02T17:23:58.104Z,1;2;3;4;5,,,1;2;3;4;5,0
main_after_0805,02edf3a8-1e69-443e-80b6-ce8f830a8572,724,2026-10-02T17:25:54.298Z,1;2;3;4;5,,,1;2;3;4;5,0
main_after_0805,a38a2691-67b0-4a48-bb69-bc2c556a9634,627,2026-10-02T17:44:10.296Z,1;2;3;4;5;6;7;8;9;10,5;6;7;8;11,5;6;7;8,1;2;3;4;9;10,0
main_after_0805,bea024b2-2c8b-4144-a01d-7562622489d3,1453,2026-10-02T17:47:59.990Z,1;2;3;4;5,,,1;2;3;4;5,0
main_after_0805,bf4f66cb-794d-4ae3-8a70-62033e7722db,1454,2026-10-02T18:12:32.056Z,1;2;3;4;5,,,1;2;3;4;5,0
main_after_0805,16257d7f-bd59-4e75-a397-4c2395f7b503,1412,2026-10-02T18:14:59.675Z,1;2;3;4;5,,,1;2;3;4;5,0
main_after_0805,2dc57acb-b40c-46d5-a47d-6730f2de127d,1413,2026-10-02T18:15:14.354Z,1;2;3;4;5,,,1;2;3;4;5,0
main_after_0805,e29f2da8-612f-476c-881e-bf60f88ad1d4,1456,2026-10-02T18:43:29.974Z,1;2;3;4;5,,,1;2;3;4;5,0
main_after_0805,b40dbc9d-eb8f-4ae6-b66d-5035e397b29a,1416,2026-10-02T19:14:41.504Z,1;2;3;4,,,1;2;3;4,0
main_after_0805,c77e93d4-1d71-4920-aa5b-098b9f4deaa0,1455,2026-10-02T19:18:03.323Z,1;2;3;4,1;2;3;4;5,1;2;3;4,,1
main_after_0805,dbe597f3-c9ea-47a1-a53a-11b0916c679e,1246,2026-10-02T19:32:54.791Z,,,,,番号なし
main_after_0805,8333d781-27b3-4c57-8381-8ded6a925988,1415,2026-10-02T19:34:12.272Z,1;2;3;4;5,,,1;2;3;4;5,0
main_after_0805,371c15a0-5d96-48f8-9b84-091a815d7f2b,630,2026-10-02T19:45:33.259Z,,,,,番号なし
main_after_0805,93222d22-2a7e-48ca-9bc1-a6de8fe6442e,1458,2026-10-02T20:00:54.760Z,1;2;3;4;5;6,,,1;2;3;4;5;6,0
main_after_0805,f55a1fbb-d7a8-4b47-95e4-efd8f20c34f2,1277,2026-10-02T20:09:30.952Z,,,,,番号なし
main_after_0805,78bdfc9c-5ed5-4e4b-a6aa-b36b6a2ae139,1391,2026-10-02T20:11:18.323Z,1;2;3;4,1;2,1;2,3;4,0
main_after_0805,85a5328f-55a7-4b99-9b1c-486d434c8484,1466,2026-10-02T20:24:59.547Z,1;2;3;4;5,,,1;2;3;4;5,0
main_after_0805,3f479771-2896-49b9-9512-1aeed8b5a93b,1392,2026-10-02T20:32:31.706Z,1;2;3;4;5;6;7,,,1;2;3;4;5;6;7,0
main_after_0805,c451a263-147a-4901-a9af-fc367b769c73,1286,2026-10-02T21:01:49.504Z,,,,,番号なし
main_after_0805,710ace0e-4fa5-419a-b72e-54667dc5c83d,1335,2026-10-02T21:13:03.433Z,1;2;3;4,,,1;2;3;4,0
main_after_0805,c1e7b209-9c1d-46fa-80d0-e5620c73dd1c,1426,2026-10-02T21:17:52.966Z,,,,,番号なし
main_after_0805,f21fc4e9-7da0-4e18-9bee-3f8ef3cd9f01,1151,2026-10-02T21:20:06.830Z,,,,,番号なし
main_after_0805,96f427d4-ea6b-4dec-85b8-07357c18b94f,1284,2026-10-02T21:36:20.627Z,1;2;3;4,,,1;2;3;4,0
main_after_0805,92fe42cf-9776-4804-b3f4-8f6f856d48fc,1288,2026-10-02T21:38:46.231Z,1;2;3;4;5,,,1;2;3;4;5,0
main_after_0805,f0e8b6ab-6aa1-4080-9784-2e3d59648b28,1310,2026-10-02T22:01:03.619Z,,,,,番号なし
main_after_0805,b4e5c6e4-6650-425c-8cea-66802d4f4ae3,1323,2026-10-02T22:06:05.058Z,,,,,番号なし
main_after_0805,8cf5ae79-9fde-4b98-a4fe-d38360ae379c,1319,2026-10-02T22:10:46.464Z,1;2;3;4;5;6;7,,,1;2;3;4;5;6;7,0
main_after_0805,d0e77030-796a-44d6-b3e8-cc584cf2b2be,1420,2026-10-03T00:16:51.942Z,1;2;3;4;5;6,1;2;3;4;5;6,1;2;3;4;5;6,,1
reference,e12b273b-bd01-4f92-b1d0-7c9efaca9879,1028,2026-10-01T14:26:33.590Z,1;2;3;4;5;6,,,1;2;3;4;5;6,0
reference,9102561c-0e3c-475e-81b6-1ed97a81d01b,979,2026-10-01T14:50:02.262Z,1;2;3;4,,,1;2;3;4,0
reference,86600eeb-1074-4e54-b521-f8530a3748a5,995,2026-10-01T14:51:42.241Z,,,,,番号なし
reference,632a4d51-af87-47a4-b419-fc2087496ce5,1207,2026-10-01T15:23:25.122Z,,,,,番号なし
reference,546a4be5-f6db-42b0-b03c-6a9a5490d730,883,2026-10-01T15:42:09.723Z,1;2;3;4;5,,,1;2;3;4;5,0
reference,0ce0d8a2-a1d4-49e1-a173-3fc90086c562,955,2026-10-01T15:46:17.971Z,,,,,番号なし
reference,2fbd3f71-1ef2-497a-83c9-00ec70adee5b,1233,2026-10-01T15:53:44.958Z,,1;3;4;6,,,番号なし
reference,6c020347-671d-4160-90db-e4f56bc29ec8,1144,2026-10-01T16:02:03.291Z,,,,,番号なし
reference,bf874c0d-a3e7-4194-8f29-e2352e011c86,1095,2026-10-01T16:35:22.048Z,,,,,番号なし
reference,d0d9ee5b-afc9-471b-9b77-7db41d095529,1222,2026-10-01T16:36:45.390Z,1;2;3;4,1;2;3;4;5,1;3;4,2,0
reference,b65138e4-7ffd-46c0-8a72-35788a264755,1228,2026-10-01T16:50:57.042Z,1;2;3,,,1;2;3,0
reference,15ff4986-5d7f-43ce-969e-fdf297318d10,1087,2026-10-01T16:54:32.647Z,,,,,番号なし
reference,00887e59-fa3a-4783-821a-c46afa98a88c,1234,2026-10-01T17:02:27.460Z,,2;3,,,番号なし
reference,5b7e2393-1023-4961-84f0-a2051cb2a593,1230,2026-10-01T17:27:00.545Z,,,,,番号なし
reference,6fc26402-9610-4ccc-9cad-f7eac4c7344c,1231,2026-10-01T17:30:20.288Z,,,,,番号なし
reference,2afccf36-0922-465b-81d0-73a8f890886a,1235,2026-10-01T17:43:58.313Z,,2,,,番号なし
reference,afb456dc-1472-4f88-ac9d-508119fbcd76,1115,2026-10-01T17:48:34.150Z,1;2;3;4,,,1;2;3;4,0
reference,1ccd4e67-3102-4b42-9903-7d0356d7d936,1198,2026-10-01T18:22:35.392Z,,,,,番号なし
reference,8375e094-f794-43ad-95a8-c67c8d3c9836,1242,2026-10-01T18:25:14.818Z,,2;3,,,番号なし
reference,a0ccef76-40ec-47b4-bb72-89dad4a9df51,1079,2026-10-01T18:45:20.431Z,1;2;3;4;5,1;2;3;5,1;2;3;5,4,0
reference,0a24b223-3b73-4f1e-a311-6470329ac8e0,1184,2026-10-01T18:57:49.390Z,1;2;3;4,,,1;2;3;4,0
reference,0d660335-4182-4a48-83ca-96d07e3cacd0,1186,2026-10-01T19:10:17.298Z,1;2;3,,,1;2;3,0
reference,d8b730e4-777d-4792-b6a3-c7e329bf7bd7,1177,2026-10-01T19:40:32.213Z,1;2;3,,,1;2;3,0
reference,462a61e8-9cc0-4672-a0a2-096256d185aa,1264,2026-10-01T19:58:56.755Z,1;2;3;4,1;2;3;4;5;6;7;8,1;2;3;4,,1
reference,2d20c6cb-8270-4923-a341-f8e95e792874,1239,2026-10-01T20:17:20.320Z,,,,,番号なし
reference,8542edbf-06e4-4fd1-8f52-14d2b86e7d8c,1236,2026-10-01T20:38:45.730Z,,3,,,番号なし
reference,34d90fa8-3556-4390-a85f-3524973ed700,1237,2026-10-01T21:11:00.692Z,,,,,番号なし
reference,4f69bfe8-dc03-4cb3-84e5-c47f0547a1bb,1022,2026-10-01T21:12:48.693Z,,1;2,,,番号なし
reference,3c5d75eb-06f9-483d-99e1-d3ad022bf0bd,1164,2026-10-01T21:25:13.147Z,1;2;3;4;5,,,1;2;3;4;5,0
reference,c3ba1752-7fd4-4de7-9967-c9684a94fbd4,1240,2026-10-01T21:35:50.458Z,,,,,番号なし
reference,bd60fb29-04b5-438f-a0f3-4e9941765b73,1270,2026-10-01T21:43:40.865Z,1;2;3,,,1;2;3,0
reference,0389f222-415f-4c00-96f9-fb05998f7a3c,1020,2026-10-01T21:57:11.661Z,1;2,,,1;2,0
reference,0fdebb98-1375-4f94-8d7a-4634aa83f28f,1011,2026-10-01T21:57:55.882Z,,,,,番号なし
reference,1df032d1-460d-418b-adb4-0ae58c9f1419,1034,2026-10-01T22:17:54.754Z,1;2;3;4;5,,,1;2;3;4;5,0
reference,eeba1ad5-274d-424c-a6cd-1c62daa4cf6d,1041,2026-10-01T22:24:05.262Z,,,,,番号なし
reference,e87ccfef-cf34-48a3-a407-8c3cd40ff7ca,1039,2026-10-01T22:26:41.937Z,1;2;3;4;5;6,,,1;2;3;4;5;6,0
reference,9335785c-d876-4c51-b684-d154ce76ce08,824,2026-10-01T22:32:03.062Z,,,,,番号なし
reference,da7a64f3-83c0-4f88-9855-fe39523c2712,1077,2026-10-01T23:16:33.068Z,1;2;3;4;5,,,1;2;3;4;5,0
reference,8b047e26-ba81-482b-9392-89d07543fa29,1080,2026-10-01T23:16:39.004Z,1;2;3;4;5,1;5,1;5,2;3;4,0
reference,2893dc54-2218-40ee-93a7-8d8835ae7c94,451,2026-10-02T00:27:01.496Z,1;4,1;2;3;4;5,,1;4,0
reference,6877114d-7b2a-43df-8a32-149f5d445321,450,2026-10-02T00:30:57.172Z,,,,,番号なし
reference,4aa1430a-913f-4884-b496-5be956470d96,1053,2026-10-02T00:40:45.182Z,,,,,番号なし
reference,789047f1-2c00-4287-a473-3616677e1b19,1218,2026-10-02T01:47:13.249Z,1;2;3;4;5,1;2;3,1;2;3,4;5,0
reference,fb9ba422-9b2c-4ebe-ad1d-642af0bbe79c,1098,2026-10-02T01:50:43.340Z,,0,,,番号なし
reference,62f3a648-30aa-46e6-a5c1-681667398d6e,1021,2026-10-02T01:51:47.021Z,,,,,番号なし
reference,6000103e-2245-4dcf-aa11-756ffd8b7536,1119,2026-10-02T02:16:48.437Z,1;2;3;4;5;6,,,1;2;3;4;5;6,0
reference,b2174d09-5dfc-4351-83b3-5140b32e39fe,1129,2026-10-02T02:30:15.633Z,1;2;3;4;5;6,,,1;2;3;4;5;6,0
reference,c488e968-53f2-4083-9a20-e16ec6b4dcf6,1197,2026-10-02T02:36:18.589Z,1;2;3;4,,,1;2;3;4,0
reference,e94f55e2-3ba4-430a-8862-64028f1eaaa2,1208,2026-10-02T02:52:34.298Z,,,,,番号なし
audit,732f927d-1fd4-488e-9d19-52e4e23b79d0,1200,2026-10-02T03:26:23.291Z,1;2;3;4,1;3,3,1;2;4,0
audit,bbc93102-328e-499a-afb9-2cd056b70bcc,1219,2026-10-02T03:35:49.087Z,,,,,番号なし
audit,4e133ab6-4174-4927-b7b2-68e6e7db1787,1220,2026-10-02T03:39:57.026Z,1;2;3;4;5,,,1;2;3;4;5,0
audit,5328601b-11ed-451e-b732-f4b38036d4d4,1023,2026-10-02T04:13:53.183Z,,,,,番号なし
audit,eecb5fa8-d16f-4a40-8881-4fffc0b345b1,1340,2026-10-02T04:18:47.476Z,1;2;3;4;5;6,,,1;2;3;4;5;6,0
audit,7a664310-8442-4bd9-b6e1-52319f2f2cab,1215,2026-10-02T05:00:29.458Z,,,,,番号なし
audit,357172fe-31b4-4ff0-9e0a-3cbb414db1d0,961,2026-10-02T05:48:24.646Z,1;2,1;2,1;2,,1
audit,9ff42413-1f37-4061-a248-1bbfb7d08f50,1075,2026-10-02T06:50:10.033Z,1;2;3;4;5;1100,0;1;2;3;4;1100,1;2;4;1100,3;5,0
audit,ef1acb79-2872-4307-a861-c4798edbb7ff,1017,2026-10-02T06:57:33.365Z,,,,,番号なし
audit,268b75a7-4d80-4fdf-9474-24fe95c8b80f,1221,2026-10-02T07:55:20.636Z,,,,,番号なし
audit,9c4e96bf-ddf5-406d-8b43-f6fd7c9cde9e,968,2026-10-02T07:57:48.252Z,,,,,番号なし
audit,d43633e9-f411-43ee-911c-e94206c4a06a,1254,2026-10-02T08:08:38.104Z,,,,,番号なし
audit,0666ca17-d830-4b34-af5d-e4f5d7d7f003,969,2026-10-02T08:13:33.412Z,,1;2;3;4,,,番号なし
audit,b0d34c04-718a-4a51-bd39-6f368eb768cc,1161,2026-10-02T08:14:59.182Z,1;2;3;4,1;2;3;4,1;2;3,4,0
audit,33daa379-e0c4-410d-b4d5-61d76f354d07,1272,2026-10-02T08:24:54.373Z,,,,,番号なし
audit,33ee1eb3-8752-49f5-9a28-fc94b2bbca36,1255,2026-10-02T08:31:46.176Z,,1;2;3,,,番号なし
audit,ff314f71-f511-4735-a826-6fb1983c0e87,1273,2026-10-02T08:39:51.525Z,,,,,番号なし
audit,0639576b-52f4-4575-8414-cde10482d234,1274,2026-10-02T08:51:11.719Z,,,,,番号なし
audit,6413b16f-2e1f-439e-a048-2d983711cc88,1141,2026-10-02T09:13:57.122Z,,,,,番号なし
audit,6f7ea894-b95f-4f36-93ba-97d6d1ce3dc9,1318,2026-10-02T09:51:25.104Z,1;2;3;4;5;6;7;8,,,1;2;3;4;5;6;7;8,0
audit,571b7613-8d9d-4eef-b38a-a5fe3f289e9b,1333,2026-10-02T10:00:00.374Z,1;2;3;4;5;6,1;2;3;4;5;6,1;2;3;4;5;6,,1
audit,d0176e89-f2ae-40b2-aa18-05e002018f89,1300,2026-10-02T10:21:11.630Z,1;2;3;4;5,,,1;2;3;4;5,0
audit,da215c20-820b-4a1b-bcaa-a8327fd7f9a9,1370,2026-10-02T11:02:26.387Z,1;2;3;4,50,,1;2;3;4,0
audit,1e2734f7-f5bf-4efc-9586-0ca83c8b997f,1368,2026-10-02T11:13:41.904Z,1;2;3;4,1;2;3;4,1;2;3;4,,1
audit,e5c4ea89-17f8-4a5a-8754-d1b568b1332a,1289,2026-10-02T11:18:58.385Z,1;2;3;4;5;6,,,1;2;3;4;5;6,0
audit,d35d9c3f-be96-4843-9fa4-976b5d044eb3,1378,2026-10-02T11:33:09.720Z,1;2;3;4,,,1;2;3;4,0
audit,57151b60-d708-4c4b-9edc-a37573e7909c,1369,2026-10-02T11:41:33.339Z,1;2;3;4,1;2;3,1;2;3,4,0
audit,ea40dfd5-af06-4794-8be9-a6d5e7e69627,1317,2026-10-02T12:09:08.940Z,1;2;3;4;5;6;7;8,,,1;2;3;4;5;6;7;8,0
audit,726e286b-dd83-4ca6-b739-d0a42a9a4282,1371,2026-10-02T12:09:37.484Z,1;2;3;4,1;2,1;2,3;4,0
audit,c4c4405b-1348-4f83-be20-96864f3afd5d,1316,2026-10-02T12:20:23.671Z,1;2;3;4;5;6;7;8;9,,,1;2;3;4;5;6;7;8;9,0
audit,8dcd7775-f024-41e5-931b-153b51f134e0,1290,2026-10-02T13:22:36.618Z,1;2;3;4;5;6,,,1;2;3;4;5;6,0
audit,eebaca9b-ebfd-4104-b22e-8091905c2951,1372,2026-10-02T13:24:29.633Z,1;2;3;4,1;2,1;2,3;4,0
audit,38c9ba81-f6dc-44fc-9ef9-3616e7ef1262,1338,2026-10-02T13:44:52.366Z,,,,,番号なし
audit,675b888d-1532-4b4f-8a9a-6ccc80fd9fb5,1334,2026-10-02T13:53:28.289Z,1;2;3;4,,,1;2;3;4,0
audit,4ea3a630-3fbb-43e1-8e03-b97274756187,1389,2026-10-02T14:01:42.312Z,1;2;3;4;5,,,1;2;3;4;5,0
