side,created_at,run_id,attempt,outcome,secs,lock_wait_secs,sample,sample_after_1443,executed,failed,log
before,2026-10-02T00:10:31.942Z,632a4d51-af87-47a4-b419-fc2087496ce5,1,passed,103,0,0,0,15,0,632a4d51-af87-47a4-b419-fc2087496ce5/e2e-1.log
before,2026-10-02T00:13:08.094Z,8542edbf-06e4-4fd1-8f52-14d2b86e7d8c,1,passed,140,0,0,0,15,0,8542edbf-06e4-4fd1-8f52-14d2b86e7d8c/e2e-1.log
before,2026-10-02T00:17:49.740Z,0ce0d8a2-a1d4-49e1-a173-3fc90086c562,1,passed,257,0,0,0,15,0,0ce0d8a2-a1d4-49e1-a173-3fc90086c562/e2e-1.log
before,2026-10-02T00:29:33.377Z,8542edbf-06e4-4fd1-8f52-14d2b86e7d8c,2,passed,111,0,0,0,15,0,8542edbf-06e4-4fd1-8f52-14d2b86e7d8c/e2e-2.log
before,2026-10-02T01:53:09.997Z,fb9ba422-9b2c-4ebe-ad1d-642af0bbe79c,1,passed,124,0,0,0,15,0,fb9ba422-9b2c-4ebe-ad1d-642af0bbe79c/e2e-1.log
before,2026-10-02T01:57:51.113Z,62f3a648-30aa-46e6-a5c1-681667398d6e,1,passed,222,0,0,0,15,0,62f3a648-30aa-46e6-a5c1-681667398d6e/e2e-1.log
before,2026-10-02T02:39:45.711Z,c488e968-53f2-4083-9a20-e16ec6b4dcf6,1,passed,187,0,0,0,15,0,c488e968-53f2-4083-9a20-e16ec6b4dcf6/e2e-1.log
before,2026-10-02T04:18:35.083Z,5328601b-11ed-451e-b732-f4b38036d4d4,1,passed,257,0,0,0,15,0,5328601b-11ed-451e-b732-f4b38036d4d4/e2e-1.log
before,2026-10-02T07:01:52.020Z,ef1acb79-2872-4307-a861-c4798edbb7ff,1,passed,232,0,1,0,15,0,ef1acb79-2872-4307-a861-c4798edbb7ff/e2e-1.log
before,2026-10-02T07:29:47.840Z,eecb5fa8-d16f-4a40-8881-4fffc0b345b1,1,passed,288,0,1,0,15,0,eecb5fa8-d16f-4a40-8881-4fffc0b345b1/e2e-1.log
before,2026-10-02T07:36:12.111Z,7a664310-8442-4bd9-b6e1-52319f2f2cab,1,passed,168,196,1,0,15,0,7a664310-8442-4bd9-b6e1-52319f2f2cab/e2e-1.log
before,2026-10-02T10:05:03.505Z,571b7613-8d9d-4eef-b38a-a5fe3f289e9b,1,passed,273,0,1,0,15,0,571b7613-8d9d-4eef-b38a-a5fe3f289e9b/e2e-1.log
before,2026-10-02T10:10:14.069Z,33ee1eb3-8752-49f5-9a28-fc94b2bbca36,1,passed,288,0,1,0,15,0,33ee1eb3-8752-49f5-9a28-fc94b2bbca36/e2e-1.log
before,2026-10-02T10:19:25.926Z,ff314f71-f511-4735-a826-6fb1983c0e87,1,passed,240,0,1,0,15,0,ff314f71-f511-4735-a826-6fb1983c0e87/e2e-1.log
before,2026-10-02T11:35:12.281Z,d35d9c3f-be96-4843-9fa4-976b5d044eb3,1,passed,103,0,1,0,15,0,d35d9c3f-be96-4843-9fa4-976b5d044eb3/e2e-1.log
before,2026-10-02T12:17:34.885Z,726e286b-dd83-4ca6-b739-d0a42a9a4282,1,passed,129,0,1,0,15,0,726e286b-dd83-4ca6-b739-d0a42a9a4282/e2e-1.log
before,2026-10-02T14:06:31.173Z,8dcd7775-f024-41e5-931b-153b51f134e0,2,passed,298,0,1,0,15,0,8dcd7775-f024-41e5-931b-153b51f134e0/e2e-2.log
before,2026-10-02T15:03:50.404Z,baeccaaa-dbf7-4d3c-b44b-443060b5207b,1,passed,122,0,1,0,15,0,baeccaaa-dbf7-4d3c-b44b-443060b5207b/e2e-1.log
after,2026-10-03T10:23:09.149Z,e6cfc445-d78c-461b-8d61-d35247c081db,1,passed,566,1186,1,0,14,5,e6cfc445-d78c-461b-8d61-d35247c081db/e2e-1.log
after,2026-10-03T12:13:39.190Z,e6cfc445-d78c-461b-8d61-d35247c081db,2,passed,145,121,1,0,14,0,e6cfc445-d78c-461b-8d61-d35247c081db/e2e-2.log
after,2026-10-03T12:46:50.295Z,6c6542c9-f122-4667-8151-5ee3e944965b,1,passed,212,0,1,0,14,0,6c6542c9-f122-4667-8151-5ee3e944965b/e2e-1.log
after,2026-10-03T12:54:55.825Z,f4b8ea86-dff0-4086-a2c8-5eb760569be9,1,passed,447,0,1,0,14,0,f4b8ea86-dff0-4086-a2c8-5eb760569be9/e2e-1.log
after,2026-10-03T13:54:22.395Z,4a9dbadb-f295-4ec6-a5d5-7187a524d001,1,passed,206,0,1,0,14,0,4a9dbadb-f295-4ec6-a5d5-7187a524d001/e2e-1.log
after,2026-10-03T14:25:51.925Z,d987f39e-e890-49f3-9c1a-e8cb5b09aaf0,1,passed,143,0,1,0,14,0,d987f39e-e890-49f3-9c1a-e8cb5b09aaf0/e2e-1.log
after,2026-10-03T14:34:58.804Z,6a47ab6a-1d23-41e0-830d-fa64d2501a0c,1,passed,248,0,1,0,14,0,6a47ab6a-1d23-41e0-830d-fa64d2501a0c/e2e-1.log
after,2026-10-03T15:33:41.992Z,d1eae627-ff2b-44fc-ae3d-209811406d46,1,passed,66,0,1,0,10,0,d1eae627-ff2b-44fc-ae3d-209811406d46/e2e-1.log
after,2026-10-03T16:10:38.418Z,171fce7a-7736-48d2-991e-2cb380f0d6f7,1,passed,66,0,1,0,10,0,171fce7a-7736-48d2-991e-2cb380f0d6f7/e2e-1.log
after,2026-10-03T16:12:03.727Z,5ebe4f16-ef40-4652-bfc5-ac4f9db28eda,1,passed,81,0,1,0,10,0,5ebe4f16-ef40-4652-bfc5-ac4f9db28eda/e2e-1.log
after,2026-10-03T16:39:41.624Z,1b30d72b-2835-4414-8dad-2a7dcdda4aa4,1,passed,65,0,0,0,10,0,1b30d72b-2835-4414-8dad-2a7dcdda4aa4/e2e-1.log
after,2026-10-03T17:10:41.842Z,98a2d261-d70a-4e54-86cd-af805d3bb20b,1,passed,62,0,0,0,10,0,98a2d261-d70a-4e54-86cd-af805d3bb20b/e2e-1.log
after,2026-10-03T17:45:21.622Z,18884f2f-8bf1-4d5b-a99d-5bad0332c2d7,1,passed,135,0,0,0,10,0,18884f2f-8bf1-4d5b-a99d-5bad0332c2d7/e2e-1.log
after,2026-10-03T17:54:10.311Z,2f3b8539-be0c-413d-bc66-967100c48df3,1,passed,192,0,0,0,10,0,2f3b8539-be0c-413d-bc66-967100c48df3/e2e-1.log
after,2026-10-03T20:16:16.988Z,64727486-892e-4140-9949-4cd91f446d26,1,passed,78,0,0,0,10,0,64727486-892e-4140-9949-4cd91f446d26/e2e-1.log
after,2026-10-03T20:20:47.037Z,2aa0ae42-617e-498a-b9b4-7f0ed7e98bca,1,passed,215,0,0,0,10,1,2aa0ae42-617e-498a-b9b4-7f0ed7e98bca/e2e-1.log
after,2026-10-03T20:49:59.123Z,5b0f0eb3-59d8-4834-80ff-30f638519c90,1,passed,123,0,0,0,10,0,5b0f0eb3-59d8-4834-80ff-30f638519c90/e2e-1.log
after,2026-10-03T21:34:03.983Z,ac2ed498-bca7-40b8-b0e0-16accc1d658e,1,passed,65,0,0,0,10,0,ac2ed498-bca7-40b8-b0e0-16accc1d658e/e2e-1.log
after,2026-10-03T21:36:43.645Z,029cc29d-5584-4cc1-94ac-069822f33b4e,1,passed,96,0,0,0,10,0,029cc29d-5584-4cc1-94ac-069822f33b4e/e2e-1.log
after,2026-10-03T22:41:50.930Z,029cc29d-5584-4cc1-94ac-069822f33b4e,2,passed,151,0,0,0,10,0,029cc29d-5584-4cc1-94ac-069822f33b4e/e2e-2.log
after,2026-10-03T23:13:09.781Z,65029e8f-df34-4b15-9e24-40346c53fae5,1,passed,145,0,0,0,10,0,65029e8f-df34-4b15-9e24-40346c53fae5/e2e-1.log
after,2026-10-04T00:06:27.779Z,18bcb9c4-290d-492f-b593-6523ee2ad3ad,1,passed,103,0,0,0,10,0,18bcb9c4-290d-492f-b593-6523ee2ad3ad/e2e-1.log
after,2026-10-04T00:11:02.250Z,18bcb9c4-290d-492f-b593-6523ee2ad3ad,2,passed,65,0,0,0,10,0,18bcb9c4-290d-492f-b593-6523ee2ad3ad/e2e-2.log
after,2026-10-04T01:33:48.097Z,161e4b24-906e-4711-8a84-a5566683e4d8,1,passed,127,0,0,0,10,0,161e4b24-906e-4711-8a84-a5566683e4d8/e2e-1.log
after,2026-10-04T02:05:40.227Z,fde995cf-826b-4c24-ae60-c09c987444e7,1,passed,91,0,0,0,10,0,fde995cf-826b-4c24-ae60-c09c987444e7/e2e-1.log
after,2026-10-04T03:01:23.561Z,9874facf-b0e8-47dd-9d93-5d4052d079a2,1,passed,220,0,0,0,10,0,9874facf-b0e8-47dd-9d93-5d4052d079a2/e2e-1.log
after,2026-10-04T03:38:20.929Z,0de6cd72-bb17-45b8-815a-67df22a1101b,1,passed,74,0,0,0,10,0,0de6cd72-bb17-45b8-815a-67df22a1101b/e2e-1.log
after,2026-10-04T04:05:47.171Z,6357a771-18de-44db-a425-e73f6efbaead,1,unavailable,717,,0,0,,,6357a771-18de-44db-a425-e73f6efbaead/e2e-1.log
after,2026-10-04T04:12:21.961Z,6357a771-18de-44db-a425-e73f6efbaead,2,passed,72,0,0,0,10,0,6357a771-18de-44db-a425-e73f6efbaead/e2e-2.log
after,2026-10-04T04:58:04.054Z,3e3e6758-831f-4bbf-91a0-b301f2320489,1,passed,105,0,0,0,10,0,3e3e6758-831f-4bbf-91a0-b301f2320489/e2e-1.log
after,2026-10-04T05:47:23.895Z,04500685-3fa3-405c-a5ec-092d09f5058f,2,passed,68,0,0,0,10,0,04500685-3fa3-405c-a5ec-092d09f5058f/e2e-2.log
after,2026-10-04T09:39:38.156Z,76c5dd97-fde3-4a96-8784-4f4e3ad22fb0,1,passed,115,0,0,0,10,0,76c5dd97-fde3-4a96-8784-4f4e3ad22fb0/e2e-1.log
after,2026-10-04T10:06:24.184Z,bc4a1494-3b67-422f-9760-020c8e761a13,1,passed,112,0,0,0,10,0,bc4a1494-3b67-422f-9760-020c8e761a13/e2e-1.log
after,2026-10-04T10:21:46.843Z,a1b7032b-e911-42b9-950e-e5d6aa749a93,1,passed,80,0,0,0,10,0,a1b7032b-e911-42b9-950e-e5d6aa749a93/e2e-1.log
after,2026-10-04T12:21:57.686Z,e2445fdc-63fe-4151-bdc6-4d5ecf73d863,1,passed,64,0,0,0,10,0,e2445fdc-63fe-4151-bdc6-4d5ecf73d863/e2e-1.log
after,2026-10-04T13:34:43.248Z,6ad77ab1-2138-40c6-96a2-a406d5947bc4,1,passed,66,0,0,0,10,0,6ad77ab1-2138-40c6-96a2-a406d5947bc4/e2e-1.log
after,2026-10-04T14:02:57.010Z,3d21d841-867f-4a87-873e-0e95cd5a83e9,1,passed,67,0,0,0,10,0,3d21d841-867f-4a87-873e-0e95cd5a83e9/e2e-1.log
after,2026-10-04T14:05:51.187Z,278d3f15-ff01-425e-8af0-33b628edcaf9,1,passed,78,0,0,0,10,0,278d3f15-ff01-425e-8af0-33b628edcaf9/e2e-1.log
after,2026-10-04T18:18:53.502Z,bbd11ba3-0056-4621-96a4-fac3d4058ca6,1,passed,71,0,0,0,10,0,bbd11ba3-0056-4621-96a4-fac3d4058ca6/e2e-1.log
after,2026-10-04T18:56:01.891Z,d97216b8-eb3a-415f-8716-b087c588f086,1,passed,151,0,0,0,11,0,d97216b8-eb3a-415f-8716-b087c588f086/e2e-1.log
after,2026-10-04T19:45:33.606Z,c9c14221-6127-4713-bf1e-447c83a29823,1,passed,72,128,0,0,10,0,c9c14221-6127-4713-bf1e-447c83a29823/e2e-1.log
after,2026-10-04T20:52:42.364Z,5746a32e-64dd-4d3e-8352-93e67af75358,1,passed,75,0,0,0,11,0,5746a32e-64dd-4d3e-8352-93e67af75358/e2e-1.log
after,2026-10-04T21:00:43.926Z,f4c6e714-798f-4b98-8e79-c9fc271e5869,1,passed,164,0,0,0,11,0,f4c6e714-798f-4b98-8e79-c9fc271e5869/e2e-1.log
after,2026-10-04T22:44:25.230Z,5ed87780-c191-4a6b-b02e-dc7cb963a8d0,1,passed,327,0,0,0,11,0,5ed87780-c191-4a6b-b02e-dc7cb963a8d0/e2e-1.log
after,2026-10-04T23:06:48.064Z,d6790cac-3649-4b76-8600-6c6d902e44e1,1,passed,157,0,0,0,11,0,d6790cac-3649-4b76-8600-6c6d902e44e1/e2e-1.log
after,2026-10-05T00:07:28.095Z,1dc0d5cf-fe32-4579-ba47-616af532ec57,1,passed,181,0,0,0,11,0,1dc0d5cf-fe32-4579-ba47-616af532ec57/e2e-1.log
after,2026-10-05T00:42:20.793Z,f3de8eb0-a0f2-4231-a8a9-7e78ae407a2c,1,passed,97,0,0,0,11,0,f3de8eb0-a0f2-4231-a8a9-7e78ae407a2c/e2e-1.log
after,2026-10-05T01:19:15.490Z,1db376a4-489a-478d-a932-969346224528,1,passed,80,42,0,0,11,0,1db376a4-489a-478d-a932-969346224528/e2e-1.log
after,2026-10-05T02:45:25.296Z,31fb5b8c-7374-4563-a6f4-7b8ce2d948ac,1,passed,121,0,0,0,13,0,31fb5b8c-7374-4563-a6f4-7b8ce2d948ac/e2e-1.log
after,2026-10-05T03:55:36.206Z,7c88cb42-5a3e-4da9-9c75-f804cd74cd1a,1,passed,87,0,0,0,13,0,7c88cb42-5a3e-4da9-9c75-f804cd74cd1a/e2e-1.log
after,2026-10-05T04:53:00.141Z,068c08e3-eb24-4437-b01f-de7f6dd028c1,1,passed,104,0,0,0,13,0,068c08e3-eb24-4437-b01f-de7f6dd028c1/e2e-1.log
after,2026-10-05T06:48:45.080Z,ebd0fd66-722f-468c-9522-ef4e47baf54f,1,passed,118,0,0,0,13,0,ebd0fd66-722f-468c-9522-ef4e47baf54f/e2e-1.log
after,2026-10-05T07:14:39.553Z,379c0da8-57a4-4295-b46f-27e5f524fc4d,1,passed,270,0,0,0,13,0,379c0da8-57a4-4295-b46f-27e5f524fc4d/e2e-1.log
after,2026-10-05T07:50:02.276Z,379c0da8-57a4-4295-b46f-27e5f524fc4d,2,unavailable,1800,60,0,0,12,0,379c0da8-57a4-4295-b46f-27e5f524fc4d/e2e-2.log
after,2026-10-05T07:56:47.676Z,379c0da8-57a4-4295-b46f-27e5f524fc4d,3,passed,86,0,0,0,13,0,379c0da8-57a4-4295-b46f-27e5f524fc4d/e2e-3.log
after,2026-10-05T08:05:46.126Z,4a3b47e3-3947-40e6-b977-063cefc1402e,1,passed,140,0,0,0,13,0,4a3b47e3-3947-40e6-b977-063cefc1402e/e2e-1.log
after,2026-10-05T12:56:38.047Z,ed41a873-40bb-4179-8b86-a17a0a72f07e,1,passed,133,0,0,0,13,0,ed41a873-40bb-4179-8b86-a17a0a72f07e/e2e-1.log
after,2026-10-05T13:02:11.323Z,cf6f8393-cbb4-4253-a702-7615bfad3248,1,passed,214,0,0,0,13,0,cf6f8393-cbb4-4253-a702-7615bfad3248/e2e-1.log
after,2026-10-05T13:52:14.297Z,90b81ce8-61e5-416d-9315-53319d9e1ae9,1,passed,367,6,0,0,13,0,90b81ce8-61e5-416d-9315-53319d9e1ae9/e2e-1.log
after,2026-10-05T14:32:34.282Z,3538ef34-e457-4643-8bcd-5b8e66188ba5,1,passed,278,209,0,0,13,0,3538ef34-e457-4643-8bcd-5b8e66188ba5/e2e-1.log
after,2026-10-06T01:19:25.299Z,55ba7223-3054-4933-baf3-ef87bbdaf10c,1,passed,81,0,0,0,13,0,55ba7223-3054-4933-baf3-ef87bbdaf10c/e2e-1.log
after,2026-10-06T02:04:41.335Z,01da4857-b07b-4949-a779-8c5c8cd20f4f,1,passed,98,0,0,0,13,0,01da4857-b07b-4949-a779-8c5c8cd20f4f/e2e-1.log
after,2026-10-06T03:11:28.620Z,1ef538f4-bb7e-4aeb-b605-8efa327ab545,1,passed,77,0,0,0,13,0,1ef538f4-bb7e-4aeb-b605-8efa327ab545/e2e-1.log
after,2026-10-06T03:52:42.074Z,633d67e4-cf9e-47cf-becf-cc490d5c7f01,1,passed,86,0,0,0,13,0,633d67e4-cf9e-47cf-becf-cc490d5c7f01/e2e-1.log
after,2026-10-06T10:56:57.989Z,98b5d449-822c-409e-8964-af74901b3aac,1,passed,93,0,0,0,13,0,98b5d449-822c-409e-8964-af74901b3aac/e2e-1.log
after,2026-10-06T11:58:37.788Z,98b5d449-822c-409e-8964-af74901b3aac,3,passed,75,0,0,0,13,0,98b5d449-822c-409e-8964-af74901b3aac/e2e-3.log
after,2026-10-06T12:26:01.794Z,e4fb40f7-ea8b-408f-a171-f73f3dfa7682,1,passed,78,0,0,0,13,0,e4fb40f7-ea8b-408f-a171-f73f3dfa7682/e2e-1.log
after,2026-10-06T12:56:17.292Z,06d2859c-0fd8-45da-8cba-949a024bbddd,1,passed,121,0,0,0,13,0,06d2859c-0fd8-45da-8cba-949a024bbddd/e2e-1.log
after,2026-10-06T13:30:51.549Z,59f842a5-d062-465a-8648-fd00deba193e,1,passed,76,0,0,0,13,0,59f842a5-d062-465a-8648-fd00deba193e/e2e-1.log
after,2026-10-06T22:33:39.341Z,633d67e4-cf9e-47cf-becf-cc490d5c7f01,2,passed,84,0,0,0,13,0,633d67e4-cf9e-47cf-becf-cc490d5c7f01/e2e-2.log
after,2026-10-07T03:17:07.725Z,f42d4c2b-4369-4e9d-82b7-8a05d15058d6,1,passed,96,0,0,0,13,0,f42d4c2b-4369-4e9d-82b7-8a05d15058d6/e2e-1.log
after,2026-10-07T05:13:19.053Z,21291c4f-c263-4b5f-aa52-08399eac5863,1,passed,103,80,0,0,13,0,21291c4f-c263-4b5f-aa52-08399eac5863/e2e-1.log
after,2026-10-07T05:27:56.994Z,5ca52e56-6c9f-4b6c-9d4e-d971eee4a596,1,passed,101,56,0,0,13,0,5ca52e56-6c9f-4b6c-9d4e-d971eee4a596/e2e-1.log
after,2026-10-07T05:59:57.701Z,9dfa3613-bd6a-457e-8f57-a5ca0439bf23,1,passed,117,0,0,0,13,0,9dfa3613-bd6a-457e-8f57-a5ca0439bf23/e2e-1.log
after,2026-10-07T06:10:07.070Z,9250c703-2a7e-4a07-9778-0a9e16c4d65a,1,passed,117,0,0,0,13,0,9250c703-2a7e-4a07-9778-0a9e16c4d65a/e2e-1.log
after,2026-10-07T07:00:51.144Z,f0def117-40f5-4936-b0c8-c90612cbff4a,1,passed,108,66,0,0,13,0,f0def117-40f5-4936-b0c8-c90612cbff4a/e2e-1.log
after,2026-10-07T08:52:11.336Z,7b57239d-f076-4121-a2d5-30cc450eff8b,1,passed,158,0,0,0,13,0,7b57239d-f076-4121-a2d5-30cc450eff8b/e2e-1.log
after,2026-10-07T09:43:51.191Z,507af7c7-f6f9-46dd-84b7-3042840074a3,1,passed,93,0,0,0,13,0,507af7c7-f6f9-46dd-84b7-3042840074a3/e2e-1.log
after,2026-10-07T11:51:06.187Z,f41cdb88-20b9-4398-b56a-1da245b05b74,1,passed,129,0,0,0,13,0,f41cdb88-20b9-4398-b56a-1da245b05b74/e2e-1.log
after,2026-10-07T13:04:18.444Z,9eea1f21-1e4e-4776-92f1-d34dbc074527,2,passed,104,162,0,0,13,0,9eea1f21-1e4e-4776-92f1-d34dbc074527/e2e-2.log
after,2026-10-07T13:59:06.251Z,e2f02d00-eb18-420e-9e9e-672fce76038f,1,passed,172,0,0,0,13,2,e2f02d00-eb18-420e-9e9e-672fce76038f/e2e-1.log
after,2026-10-07T15:00:22.756Z,b7cd626c-de03-4ac4-aabb-fefa0fe11458,2,passed,97,0,0,0,13,0,b7cd626c-de03-4ac4-aabb-fefa0fe11458/e2e-2.log
after,2026-10-07T15:51:21.264Z,2551405d-3809-4a7b-9dab-ef7c1a94afa2,1,passed,81,0,0,0,13,0,2551405d-3809-4a7b-9dab-ef7c1a94afa2/e2e-1.log
after,2026-10-07T16:11:45.701Z,8f3514c0-f119-4c60-88e5-532b3832bf2e,1,passed,71,0,0,0,13,0,8f3514c0-f119-4c60-88e5-532b3832bf2e/e2e-1.log
after,2026-10-07T16:53:32.069Z,889d14a7-bfd3-4c42-9119-1b9bfbc46821,1,passed,95,0,0,0,13,0,889d14a7-bfd3-4c42-9119-1b9bfbc46821/e2e-1.log
after,2026-10-07T18:31:44.278Z,dcf01067-0489-40cd-9465-04f40fac86ca,1,passed,85,131,0,0,13,0,dcf01067-0489-40cd-9465-04f40fac86ca/e2e-1.log
after,2026-10-07T20:38:12.750Z,2249516d-d6f4-40ff-913e-c01536db0d94,1,passed,97,0,0,0,13,0,2249516d-d6f4-40ff-913e-c01536db0d94/e2e-1.log
after,2026-10-07T23:12:46.206Z,1fddba59-45d9-4440-9a69-fabd361f13c5,1,passed,83,0,0,0,13,0,1fddba59-45d9-4440-9a69-fabd361f13c5/e2e-1.log
after,2026-10-07T23:39:58.743Z,46e9d7c4-279e-4849-ae8f-5a8fcec69d82,1,passed,83,0,0,0,13,0,46e9d7c4-279e-4849-ae8f-5a8fcec69d82/e2e-1.log
after,2026-10-07T23:47:08.252Z,b2375b92-a2a7-4525-bb24-497c801f157c,1,passed,180,0,0,0,13,2,b2375b92-a2a7-4525-bb24-497c801f157c/e2e-1.log
after,2026-10-08T00:33:54.339Z,b5cd0c9c-5f7e-4268-ac2f-0b410b3163b7,1,passed,82,0,0,0,13,0,b5cd0c9c-5f7e-4268-ac2f-0b410b3163b7/e2e-1.log
after,2026-10-08T00:44:13.109Z,b405848b-d232-4d81-b1dd-e8530232db60,1,passed,228,0,0,0,13,1,b405848b-d232-4d81-b1dd-e8530232db60/e2e-1.log
after,2026-10-08T01:49:12.544Z,bd03f831-2952-4586-84d5-8702adf1d0ae,1,passed,100,86,0,0,13,0,bd03f831-2952-4586-84d5-8702adf1d0ae/e2e-1.log
after,2026-10-08T02:00:18.141Z,e87a4568-b953-4352-b496-7f7011543c21,1,passed,151,0,0,0,13,0,e87a4568-b953-4352-b496-7f7011543c21/e2e-1.log
after,2026-10-08T02:33:14.406Z,ba35c2e5-cf20-44c2-818a-c1c31e03f876,1,passed,181,0,0,0,13,0,ba35c2e5-cf20-44c2-818a-c1c31e03f876/e2e-1.log
after,2026-10-08T02:56:27.312Z,df3a1db6-2573-4d63-867e-23adc5e513f6,1,passed,86,0,0,0,13,0,df3a1db6-2573-4d63-867e-23adc5e513f6/e2e-1.log
after,2026-10-08T03:02:56.909Z,11e6ddd4-ab7b-4ad1-8bda-4448e2d92505,1,passed,222,0,0,0,13,0,11e6ddd4-ab7b-4ad1-8bda-4448e2d92505/e2e-1.log
after,2026-10-08T03:36:42.825Z,3c882c18-c3f5-4b1b-9bb0-4d9c1d370aae,1,passed,87,0,0,0,13,0,3c882c18-c3f5-4b1b-9bb0-4d9c1d370aae/e2e-1.log
after,2026-10-08T03:46:50.031Z,ba35c2e5-cf20-44c2-818a-c1c31e03f876,2,passed,90,0,0,0,13,0,ba35c2e5-cf20-44c2-818a-c1c31e03f876/e2e-2.log
after,2026-10-08T04:22:22.952Z,af269b2f-3339-4586-8238-1c4d3d87b6b7,1,passed,82,0,0,0,13,0,af269b2f-3339-4586-8238-1c4d3d87b6b7/e2e-1.log
after,2026-10-08T05:00:52.289Z,b80c3aa6-08f1-4dbe-964a-4275fbfd84ef,1,passed,81,0,0,0,13,0,b80c3aa6-08f1-4dbe-964a-4275fbfd84ef/e2e-1.log
after,2026-10-08T05:37:47.234Z,b15b3e98-b5a7-4cd6-ace1-64340176471c,1,passed,164,0,0,0,13,1,b15b3e98-b5a7-4cd6-ace1-64340176471c/e2e-1.log
after,2026-10-08T06:50:02.021Z,19d68ea5-cfe3-4f4c-a1e5-478fab5c888e,1,passed,55,0,0,0,10,0,19d68ea5-cfe3-4f4c-a1e5-478fab5c888e/e2e-1.log
after,2026-10-08T08:07:17.896Z,b17cc4f2-e1eb-4788-a498-9a94c9496983,1,passed,66,0,0,0,10,0,b17cc4f2-e1eb-4788-a498-9a94c9496983/e2e-1.log
after,2026-10-08T08:09:44.273Z,0a9ac81a-e9fd-4917-8f9a-0643448462d1,1,passed,107,0,0,0,10,0,0a9ac81a-e9fd-4917-8f9a-0643448462d1/e2e-1.log
after,2026-10-08T09:43:18.289Z,e383373b-be14-4d0c-90c0-9bad53d265e0,1,passed,64,0,0,0,10,0,e383373b-be14-4d0c-90c0-9bad53d265e0/e2e-1.log
after,2026-10-08T09:58:12.411Z,4a04eaf5-ddd6-4d26-b31d-707395c4fb2c,1,passed,309,0,0,0,10,0,4a04eaf5-ddd6-4d26-b31d-707395c4fb2c/e2e-1.log
after,2026-10-08T10:27:41.492Z,633477d9-3699-4bc4-b8cd-403da2d22505,1,passed,59,0,0,1,10,0,633477d9-3699-4bc4-b8cd-403da2d22505/e2e-1.log
after,2026-10-08T11:05:22.004Z,45f67d1f-d4cf-4a59-8742-5f8d1db995ac,1,passed,58,0,0,1,10,0,45f67d1f-d4cf-4a59-8742-5f8d1db995ac/e2e-1.log
after,2026-10-08T11:28:21.534Z,fd7065b8-98c2-4630-a0aa-41e40014ca0f,1,passed,70,0,0,1,9,0,fd7065b8-98c2-4630-a0aa-41e40014ca0f/e2e-1.log
after,2026-10-08T13:06:42.769Z,dd06164e-2311-4605-b92e-c93830f3624b,1,passed,114,0,0,1,9,0,dd06164e-2311-4605-b92e-c93830f3624b/e2e-1.log
after,2026-10-08T13:29:42.626Z,dd06164e-2311-4605-b92e-c93830f3624b,2,passed,68,0,0,1,9,0,dd06164e-2311-4605-b92e-c93830f3624b/e2e-2.log
after,2026-10-08T14:18:25.199Z,30f12d7f-9be2-436d-b3de-b7bb287561d6,1,passed,76,0,0,1,9,0,30f12d7f-9be2-436d-b3de-b7bb287561d6/e2e-1.log
