period,module,logs,mean_secs_per_log,mean_results_per_log
after,actor_model,9,14.6,2.0
after,agent_eval,9,0.9,1.0
after,background_logs,9,15.9,2.0
after,cli_actor,9,3.6,4.0
after,cli_areas,9,5.5,1.0
after,cli_authorization,9,4.9,11.0
after,cli_candidates,9,1.6,4.0
after,cli_changes,9,5.8,3.0
after,cli_dialogue,9,2.4,7.0
after,cli_forecast,9,0.8,2.0
after,cli_goals,9,5.7,12.0
after,cli_graph,9,4.5,4.0
after,cli_install_release,9,3.9,1.0
after,cli_kpi,9,5.6,10.0
after,cli_operations,9,2.2,3.0
after,cli_planner_request,9,2.6,7.0
after,cli_proposals,9,1.3,3.0
after,cli_read,9,8.7,14.0
after,cli_request_words,9,0.7,4.0
after,cli_roles,9,4.2,7.0
after,cli_screen,9,1.9,3.0
after,cli_session_event,9,0.1,1.0
after,cli_stats,9,0.9,3.0
after,cli_status_runs,9,2.7,2.0
after,cli_tasks,9,5.2,10.0
after,cli_version,9,61.8,8.0
after,draft_bundles,9,25.2,4.0
after,draft_revisit,9,20.3,3.0
after,finding_planner,9,29.1,5.0
after,fixture_templates,9,2.9,2.0
after,follow_up_membership,9,7.1,17.0
after,goal_review,9,34.1,12.0
after,goal_review_codex,9,8.8,4.0
after,inbox_nudge,9,14.7,6.0
after,inbox_watch_notify,9,1.3,1.0
after,inbox_watch_wake,9,10.0,5.0
after,inbox_watcher,9,5.9,5.0
after,installed_plugin,9,1.8,5.0
after,landing_branch,9,22.5,7.0
after,language,9,12.5,3.0
after,lifecycle_cmux,9,0.9,3.0
after,lifecycle_down,9,1.8,9.0
after,lifecycle_handoff_stop,9,0.2,2.0
after,lifecycle_install,9,15.4,27.0
after,lifecycle_install_asks,9,0.6,1.0
after,lifecycle_install_watch,9,10.0,8.0
after,lifecycle_plan,9,1.5,8.0
after,lifecycle_replace,9,9.0,16.0
after,lifecycle_up,9,9.9,29.0
after,location,9,12.7,9.0
after,main_checkout,9,1.9,4.0
after,observer_codex,9,15.4,9.0
after,plan_review,9,66.0,15.0
after,plan_review_codex,9,5.4,3.0
after,plan_review_concern,9,2.1,1.0
after,plan_review_expected_files,9,3.3,2.0
after,plan_review_launch,9,2.0,2.0
after,plan_review_turns,9,4.0,2.0
after,planner_close,9,1.6,2.0
after,planner_headless,9,36.3,6.4
after,planner_headless_stats,9,8.5,1.0
after,planner_headless_turns,9,44.2,5.0
after,planner_slots,9,51.4,10.0
after,provider_executables,9,35.0,6.0
after,queue_dependencies,9,1.1,9.0
after,queue_goals,9,0.6,6.0
after,queue_migration,9,15.8,17.0
after,queue_proposals,9,1.1,8.0
after,queue_runs,9,0.7,7.0
after,queue_schema,9,12.2,9.0
after,queue_search,9,0.1,1.0
after,queue_service,9,16.9,8.0
after,queue_service_client,9,7.5,4.0
after,queue_service_findings,9,4.8,3.0
after,queue_service_reads,9,36.0,6.0
after,queue_tasks,9,0.7,11.0
after,recovery_codex,9,44.2,13.0
after,related,9,0.7,2.0
after,request_planner,9,29.0,10.0
after,review_subagents,9,44.3,13.0
after,runtime_actor_env,9,4.1,1.0
after,runtime_adopt,9,37.8,12.0
after,runtime_ask,9,15.7,7.6
after,runtime_background,9,25.3,7.0
after,runtime_background_process,9,29.7,8.0
after,runtime_candidates,9,2.2,1.0
after,runtime_ci_watch,9,22.4,8.0
after,runtime_claim,9,46.3,23.0
after,runtime_claim_build,9,9.3,3.0
after,runtime_claim_defer,9,44.2,9.0
after,runtime_claim_hold,9,5.8,2.0
after,runtime_claim_spacing,9,23.9,3.0
after,runtime_claim_worker,9,3.6,5.0
after,runtime_cleanup,9,241.0,18.7
after,runtime_client_mode,9,11.6,2.0
after,runtime_codex,9,36.9,11.0
after,runtime_codex_ask,9,3.6,1.0
after,runtime_codex_work,9,3.3,1.0
after,runtime_disk,9,31.7,7.0
after,runtime_e2e,9,39.3,6.0
after,runtime_evidence,9,41.8,9.0
after,runtime_forecast,9,12.4,3.0
after,runtime_handoff,9,101.3,20.0
after,runtime_headless,9,82.7,20.0
after,runtime_headless_jobs,9,6.9,2.0
after,runtime_headless_reopen,9,23.8,6.0
after,runtime_headless_stall,9,43.8,9.0
after,runtime_heartbeat,9,2.7,4.0
after,runtime_host_metrics,9,5.4,2.0
after,runtime_inherit_by_hand,9,24.8,9.0
after,runtime_integrate,9,100.0,23.0
after,runtime_job_verdicts,9,18.0,6.0
after,runtime_landing_answers,9,26.6,4.0
after,runtime_landing_release,9,66.0,11.0
after,runtime_landing_verification,9,12.4,4.0
after,runtime_light_slots,9,16.6,2.0
after,runtime_observer,9,49.1,18.0
after,runtime_precheck,9,22.4,3.0
after,runtime_provider_switch,9,36.8,9.0
after,runtime_push,9,8.7,4.0
after,runtime_queue_hold,9,8.2,2.0
after,runtime_queue_hold_detect,9,6.1,2.0
after,runtime_queue_hold_shared,9,11.5,3.0
after,runtime_recheck,9,101.1,16.0
after,runtime_release,9,15.6,19.0
after,runtime_repair,9,27.3,5.0
after,runtime_report,9,5.5,4.0
after,runtime_resume,9,161.7,23.0
after,runtime_review,9,62.5,15.0
after,runtime_review_concern,9,26.4,9.0
after,runtime_review_conflict,9,30.9,7.0
after,runtime_review_questions,9,28.6,7.0
after,runtime_review_reasons,9,11.2,3.0
after,runtime_run_env,9,29.3,7.0
after,runtime_run_files,9,13.3,5.0
after,runtime_sccache,9,29.9,11.0
after,runtime_session,9,26.1,13.0
after,runtime_slot_limits,9,10.2,3.0
after,runtime_slot_order,9,11.8,5.0
after,runtime_stale_receipt,9,40.5,7.0
after,runtime_stall_end,9,1.0,2.0
after,runtime_support,9,8.1,8.0
after,runtime_sweep,9,32.4,11.0
after,runtime_throughput_review,9,21.1,9.0
after,runtime_triage,9,66.6,21.0
after,runtime_verify_flaky,9,18.7,5.0
after,runtime_verify_retry,9,18.0,5.0
after,runtime_waiting,9,39.8,9.0
after,runtime_waiting_stages,9,53.1,4.0
after,shell_leftovers,9,1.8,5.0
after,source_repository,9,0.8,2.0
after,stub_templates,9,0.3,1.0
after,supervisor_without_cmux,9,1.6,1.0
after,test_actor_env,9,0.0,2.0
after,throughput_review_codex,9,16.4,9.0
after,watch_read_only,9,0.4,3.0
after,worker_escalation,9,32.3,7.0
after,worker_model,9,8.9,5.0
before,actor_model,3,10.3,2.0
before,cli_actor,3,10.3,4.0
before,cli_areas,3,3.0,1.0
before,cli_authorization,3,7.7,9.0
before,cli_broker,3,1.3,4.0
before,cli_changes,3,3.9,3.0
before,cli_dialogue,3,2.4,8.0
before,cli_forecast,3,0.4,1.0
before,cli_goals,3,2.7,8.0
before,cli_graph,3,6.6,3.0
before,cli_install_release,3,5.4,1.0
before,cli_kpi,3,3.2,9.0
before,cli_operations,3,2.1,3.0
before,cli_proposals,3,1.4,3.0
before,cli_read,3,5.0,10.0
before,cli_roles,3,4.0,6.0
before,cli_screen,3,5.0,6.0
before,cli_stats,3,1.2,12.0
before,cli_tasks,3,4.2,10.0
before,cli_version,3,52.8,7.0
before,draft_bundles,3,4.4,3.0
before,finding_planner,3,5.2,4.0
before,goal_review,3,11.3,12.0
before,goal_review_codex,3,11.1,7.0
before,inbox_nudge,3,9.4,7.0
before,inbox_watcher,3,6.3,5.0
before,installed_plugin,3,2.5,7.0
before,landing_branch,3,14.4,7.0
before,language,3,7.4,3.0
before,lifecycle_cmux,3,3.4,5.0
before,lifecycle_down,3,1.2,7.0
before,lifecycle_in_cmux,3,0.8,4.0
before,lifecycle_install,3,8.5,26.0
before,lifecycle_install_client,3,0.1,6.0
before,lifecycle_plan,3,2.5,10.0
before,lifecycle_replace,3,7.6,17.0
before,lifecycle_up,3,8.8,26.0
before,location,3,11.9,9.0
before,main_checkout,3,1.5,4.0
before,plan_review,3,31.0,30.0
before,plan_review_codex,3,5.9,4.0
before,plan_review_concern,3,3.5,4.0
before,plan_review_reasons,3,1.2,1.0
before,planner_close,3,0.9,2.0
before,planner_screen_idle,3,2.7,3.3
before,planner_slots,3,4.0,4.0
before,planner_timeout,3,3.0,3.0
before,queue_dependencies,3,0.5,9.0
before,queue_goals,3,0.3,6.0
before,queue_migration,3,13.9,16.0
before,queue_proposals,3,0.6,8.0
before,queue_runs,3,0.4,7.0
before,queue_schema,3,12.7,9.0
before,queue_search,3,0.1,1.0
before,queue_service,3,8.7,7.0
before,queue_service_client,3,5.3,4.0
before,queue_service_findings,3,2.6,3.0
before,queue_service_reads,3,17.1,3.0
before,queue_tasks,3,0.4,8.0
before,related,3,1.3,2.0
before,runtime_abandon,3,4.6,2.0
before,runtime_actor_env,3,3.7,1.0
before,runtime_adopt,3,39.9,19.0
before,runtime_ask,3,16.3,9.0
before,runtime_broker,3,48.1,17.0
before,runtime_candidates,3,0.8,1.0
before,runtime_claim,3,39.3,25.0
before,runtime_claim_defer,3,13.6,2.0
before,runtime_claim_hold,3,4.3,2.0
before,runtime_claim_worker,3,2.9,5.0
before,runtime_cleanup,3,52.0,9.7
before,runtime_client_mode,3,10.5,2.0
before,runtime_codex,3,46.2,16.0
before,runtime_codex_ask,3,14.1,6.0
before,runtime_disk,3,22.7,7.0
before,runtime_e2e,3,33.1,6.0
before,runtime_evidence,3,32.7,9.0
before,runtime_exit_retry,3,33.4,11.0
before,runtime_forecast,3,8.1,2.0
before,runtime_handoff,3,81.9,18.0
before,runtime_headless,3,74.2,18.0
before,runtime_headless_jobs,3,6.5,2.0
before,runtime_headless_reopen,3,25.8,8.0
before,runtime_headless_stall,3,13.1,5.0
before,runtime_heartbeat,3,2.1,4.0
before,runtime_host_metrics,3,4.0,2.0
before,runtime_integrate,3,122.9,35.0
before,runtime_job_verdicts,3,49.7,9.0
before,runtime_landing_answers,3,16.9,4.0
before,runtime_landing_release,3,51.9,11.0
before,runtime_observer,3,27.8,15.0
before,runtime_open_turn,3,6.1,2.0
before,runtime_precheck,3,14.1,3.0
before,runtime_provider_switch,3,33.2,13.0
before,runtime_push,3,5.0,4.0
before,runtime_queue_hold,3,6.4,3.0
before,runtime_queue_hold_detect,3,5.0,3.0
before,runtime_queue_hold_shared,3,6.9,3.0
before,runtime_recheck,3,19.6,4.0
before,runtime_release,3,10.1,18.0
before,runtime_repair,3,25.7,7.0
before,runtime_report,3,4.0,4.0
before,runtime_resume,3,148.4,30.0
before,runtime_resume_adopt,3,30.8,6.0
before,runtime_resume_exit_retry,3,36.3,7.0
before,runtime_review,3,61.8,18.0
before,runtime_review_adopt,3,20.1,10.0
before,runtime_review_background,3,22.6,7.0
before,runtime_review_concern,3,19.5,9.0
before,runtime_review_conflict,3,28.2,11.0
before,runtime_review_exit,3,22.4,10.0
before,runtime_review_questions,3,22.4,8.0
before,runtime_review_reasons,3,6.8,3.0
before,runtime_run_env,3,19.0,7.0
before,runtime_run_files,3,8.9,5.0
before,runtime_sccache,3,5.4,3.0
before,runtime_screen_idle,3,21.2,9.0
before,runtime_screen_idle_input,3,27.2,8.0
before,runtime_session,3,60.6,30.0
before,runtime_slot_limits,3,6.4,3.0
before,runtime_stale_receipt,3,27.7,7.0
before,runtime_stall,3,23.8,8.0
before,runtime_stall_end,3,0.6,2.0
before,runtime_stall_recovery,3,37.7,11.0
before,runtime_support,3,3.8,5.0
before,runtime_sweep,3,23.9,10.0
before,runtime_throughput_review,3,13.7,9.0
before,runtime_triage,3,50.7,24.0
before,runtime_verify_flaky,3,11.0,5.0
before,runtime_verify_retry,3,11.9,5.0
before,runtime_waiting,3,32.9,12.0
before,runtime_waiting_stages,3,40.9,4.0
before,runtime_workspace_cleanup,3,6.5,1.0
before,source_repository,3,0.6,2.0
before,stub_templates,3,0.3,1.0
before,test_actor_env,3,0.0,2.0
before,throughput_review_codex,3,8.8,8.0
before,worker_escalation,3,24.1,9.0
before,worker_model,3,5.2,5.0
