period,run_id,task_id,landed_at,log,mode,tests_run,summary_secs,test_secs_sum,flaky,land_phases_verify,verify_load_mean,secs[lib・bin・crates],secs[it: interactive],secs[it: fake_cmux],secs[it: other],secs[it: unknown],secs[plugin],n[lib・bin・crates],n[it: interactive],n[it: fake_cmux],n[it: other],n[it: unknown],n[plugin]
before,4ea3a630-3fbb-43e1-8e03-b97274756187,1389,2026-10-02T14:50:09.334Z,4ea3a630-3fbb-43e1-8e03-b97274756187/integrate-1-verify-3.log,llvm-cov,2495,402.006,2353.2,0,587,18.32,148.2,622.8,1178.1,274.7,117.8,11.7,1406,228,487,299,59,16
before,baeccaaa-dbf7-4d3c-b44b-443060b5207b,648,2026-10-02T15:12:29.642Z,baeccaaa-dbf7-4d3c-b44b-443060b5207b/integrate-1-verify-3.log,llvm-cov,2496,405.349,2376.1,0,517,16.49,127.2,620.6,1227.5,251.0,136.5,13.2,1406,228,488,299,59,16
before,e6fceb15-7afe-43c8-bf11-e6b8c4fe12d2,1329,2026-10-02T15:23:27.856Z,e6fceb15-7afe-43c8-bf11-e6b8c4fe12d2/integrate-1-verify-3.log,llvm-cov,2497,445.522,2623.8,0,657,18.58,141.0,705.7,1383.8,233.7,142.7,16.8,1406,229,488,299,59,16
after,4a04eaf5-ddd6-4d26-b31d-707395c4fb2c,1443,2026-10-08T10:09:15.224Z,4a04eaf5-ddd6-4d26-b31d-707395c4fb2c/integrate-1-verify-4.log,landing-it (every IT),3085,466.953,2746.0,0,660,11.25,149.2,229.1,14.2,2307.6,31.0,14.8,1974,82,57,946,9,17
after,633477d9-3699-4bc4-b8cd-403da2d22505,2098,2026-10-08T10:37:02.963Z,633477d9-3699-4bc4-b8cd-403da2d22505/integrate-1-verify-3.log,landing-it (every IT),3090,457.064,2684.9,0,559,12.19,191.6,215.8,13.5,2220.7,31.9,11.5,1979,82,57,946,9,17
after,9d1bceca-a992-4fed-94e3-8b9b51f75f49,1494,2026-10-08T10:51:40.160Z,9d1bceca-a992-4fed-94e3-8b9b51f75f49/integrate-1-verify-3.log,landing-it (every IT),3096,435.993,2558.8,0,472,8.04,174.8,198.7,14.1,2119.3,43.3,8.5,1985,82,57,946,9,17
after,45f67d1f-d4cf-4a59-8742-5f8d1db995ac,1552,2026-10-08T11:14:06.639Z,45f67d1f-d4cf-4a59-8742-5f8d1db995ac/integrate-1-verify-3.log,landing-it (every IT),3098,369.518,2160.9,0,523,5.75,132.3,186.7,11.3,1792.4,24.8,13.3,1988,82,57,945,9,17
after,b8b19652-fc18-48d4-94a7-447eeffb03f9,2018,2026-10-08T12:17:49.532Z,b8b19652-fc18-48d4-94a7-447eeffb03f9/integrate-1-verify-3.log,landing-it (every IT),3110,724.563,4293.2,0,1170,13.79,278.6,335.7,38.9,3579.6,49.2,11.1,1998,82,57,947,9,17
after,30f12d7f-9be2-436d-b3de-b7bb287561d6,1556,2026-10-08T14:30:19.393Z,30f12d7f-9be2-436d-b3de-b7bb287561d6/integrate-1-verify-3.log,landing-it (every IT),3124,646.166,3851.4,0,697,8.45,233.3,317.6,23.7,3215.1,41.4,20.3,2012,82,57,947,9,17
after,c8fbf81d-232d-4e85-bb4a-b7ab2bee8bf6,2155,2026-10-08T15:43:33.273Z,c8fbf81d-232d-4e85-bb4a-b7ab2bee8bf6/integrate-1-verify-3.log,landing-it (every IT),3131,806.066,4806.1,0,1284,16.06,361.2,367.6,43.1,3957.2,55.1,21.8,2016,82,57,950,9,17
after,c3e9400e-db19-428e-86cd-8f7041f86aab,1650,2026-10-08T16:19:12.331Z,c3e9400e-db19-428e-86cd-8f7041f86aab/integrate-1-verify-3.log,landing-it (every IT),3133,698.993,4164.5,0,779,10.17,283.5,339.8,25.8,3454.9,42.9,17.5,2020,81,57,949,9,17
after,e1ac7213-97f4-4290-9153-ca373f3ba9c1,1715,2026-10-08T16:55:19.136Z,e1ac7213-97f4-4290-9153-ca373f3ba9c1/integrate-1-verify-3.log,landing-it (every IT),3142,684.976,4065.9,0,987,11.13,252.3,327.3,25.1,3432.8,13.2,15.2,2032,81,57,950,5,17
