log,mtime_jst,reason
fd1e1682-5955-4385-84ec-70279555a598/integrate-1-verify-3.log,2026-09-27T23:27:45+09:00,canceled (1295/1385 tests run)
ae899710-3538-48e5-8ebf-41a8a471a69d/integrate-1-verify-3.log,2026-09-28T03:09:37+09:00,canceled (1118/1431 tests run)
cc332aee-2416-4c01-8d52-c00741d04218/integrate-1-verify-3.log,2026-09-28T10:47:34+09:00,canceled (1211/1565 tests run)
93e08770-a7ef-4717-988b-e068659ad8e0/integrate-1-verify-3.log,2026-09-28T12:04:52+09:00,canceled (1451/1580 tests run)
9c0fc7c9-64f7-4d5d-8449-f7b42f21889a/integrate-1-verify-3.log,2026-09-28T12:34:38+09:00,canceled (1448/1583 tests run)
9c0fc7c9-64f7-4d5d-8449-f7b42f21889a/integrate-2-verify-3.log,2026-09-28T12:39:46+09:00,canceled (1446/1583 tests run)
522bedd6-5ba9-4315-bee9-146cfdf2fc36/integrate-1-verify-3.log,2026-09-28T12:42:17+09:00,canceled (1215/1617 tests run)
9c0fc7c9-64f7-4d5d-8449-f7b42f21889a/integrate-3-verify-3.log,2026-09-28T13:12:32+09:00,canceled (1159/1635 tests run)
dab83267-40ce-4a1c-a854-c4664f9e1fe6/integrate-1-verify-3.log,2026-09-28T14:33:25+09:00,canceled (951/1713 tests run)
254549ed-4989-442a-8832-f6846f973c3c/integrate-1-verify-3.log,2026-09-28T15:19:55+09:00,canceled (1618/1719 tests run)
03ba29ac-4c9a-4133-a0c5-4d20f45bce14/integrate-1-verify-3.log,2026-09-28T15:58:13+09:00,canceled (955/1731 tests run)
b14fc6bd-9178-4143-8707-37e1de776057/integrate-1-verify-3.log,2026-09-28T18:56:00+09:00,canceled (1214/1772 tests run)
94b8ef8b-90a5-4a88-bc37-0a238d5b890e/integrate-1-verify-3.log,2026-09-28T19:31:48+09:00,canceled (1365/1789 tests run)
ed967ea9-0500-410a-843e-c7a7ef50c053/integrate-1-verify-3.log,2026-09-28T19:54:35+09:00,canceled (991/1811 tests run)
ed967ea9-0500-410a-843e-c7a7ef50c053/integrate-2-verify-3.log,2026-09-28T20:13:13+09:00,canceled (1184/1815 tests run)
5328601b-11ed-451e-b732-f4b38036d4d4/integrate-3-verify-3.log,2026-10-02T14:32:46+09:00,canceled (1937/2395 tests run)
e6cfc445-d78c-461b-8d61-d35247c081db/integrate-2-verify-3.log,2026-10-03T21:24:36+09:00,no metrics in the test stage
7876b69f-cc2e-4a0c-ba5a-da66da0a5dd1/integrate-1-verify-3.log,2026-10-04T00:22:06+09:00,no metrics in the test stage
2f3b8539-be0c-413d-bc66-967100c48df3/integrate-1-verify-3.log,2026-10-04T03:06:28+09:00,no metrics in the test stage
d44b0bad-9aa9-449f-85e2-41648a574b8b/integrate-1-verify-3.log,2026-10-04T04:07:07+09:00,no metrics in the test stage
42db7f74-ac0b-44be-8cc8-fe50b21c9331/integrate-2-verify-3.log,2026-10-04T04:37:51+09:00,no metrics in the test stage
2aa0ae42-617e-498a-b9b4-7f0ed7e98bca/integrate-1-verify-3.log,2026-10-04T05:35:47+09:00,no metrics in the test stage
b7a02003-fc30-4bac-83a5-1c5b0669dd4b/integrate-1-verify-3.log,2026-10-04T08:09:39+09:00,no metrics in the test stage
65029e8f-df34-4b15-9e24-40346c53fae5/integrate-1-verify-3.log,2026-10-04T08:24:14+09:00,no metrics in the test stage
350d0486-d941-44c7-aaa8-6b30da3c51c7/integrate-1-verify-3.log,2026-10-04T10:16:41+09:00,no metrics in the test stage
e080a3ed-ad7d-47c6-bc29-2c89b6b89cda/integrate-1-verify-3.log,2026-10-04T11:29:48+09:00,no metrics in the test stage
a1b7032b-e911-42b9-950e-e5d6aa749a93/integrate-1-verify-3.log,2026-10-04T19:30:43+09:00,no metrics in the test stage
3d21d841-867f-4a87-873e-0e95cd5a83e9/integrate-2-verify-3.log,2026-10-04T23:31:07+09:00,no metrics in the test stage
bbd11ba3-0056-4621-96a4-fac3d4058ca6/integrate-2-verify-3.log,2026-10-05T03:43:38+09:00,no metrics in the test stage
c9c14221-6127-4713-bf1e-447c83a29823/integrate-1-verify-3.log,2026-10-05T04:54:04+09:00,no metrics in the test stage
64a3dfee-3dd3-4df9-9a96-2117817b76ec/integrate-1-verify-3.log,2026-10-05T05:07:18+09:00,no metrics in the test stage
b11084f7-fb68-46cf-951c-36ca6cd7f42f/integrate-1-verify-3.log,2026-10-05T06:23:00+09:00,no metrics in the test stage
1db376a4-489a-478d-a932-969346224528/integrate-1-verify-3.log,2026-10-05T10:29:45+09:00,no metrics in the test stage
947e89a1-6638-478b-acd4-06ef6168f701/integrate-1-verify-3.log,2026-10-05T14:59:08+09:00,no metrics in the test stage
1ede8f79-b329-4bb5-a9b0-03d380715ac7/integrate-1-verify-3.log,2026-10-05T22:33:50+09:00,no metrics in the test stage
a943da00-7565-4dc4-98ab-0e568c9bc31d/integrate-2-verify-3.log,2026-10-05T23:05:23+09:00,no metrics in the test stage
3538ef34-e457-4643-8bcd-5b8e66188ba5/integrate-1-verify-3.log,2026-10-05T23:44:24+09:00,no metrics in the test stage
8a86a175-6a6e-4e69-af67-ba52a052008c/integrate-1-verify-3.log,2026-10-05T23:57:15+09:00,no metrics in the test stage
13fbe0f9-7441-4c6e-8581-b27dd168370d/integrate-1-verify-2.log,2026-10-06T08:58:18+09:00,0 Summary lines
d7094229-1270-4316-b585-c6bed8f13791/integrate-1-verify-3.log,2026-10-07T09:27:39+09:00,no metrics in the test stage
c1ec2ca1-3881-41fc-8ca3-920d6e2393a7/integrate-1-verify-3.log,2026-10-07T14:07:18+09:00,no metrics in the test stage
21291c4f-c263-4b5f-aa52-08399eac5863/integrate-1-verify-3.log,2026-10-07T14:21:38+09:00,no metrics in the test stage
5ca52e56-6c9f-4b6c-9d4e-d971eee4a596/integrate-1-verify-3.log,2026-10-07T14:36:43+09:00,no metrics in the test stage
ddb28feb-3b7f-474d-b0cb-5a909aea8078/integrate-1-verify-3.log,2026-10-07T14:49:08+09:00,no metrics in the test stage
9250c703-2a7e-4a07-9778-0a9e16c4d65a/integrate-1-verify-3.log,2026-10-07T15:30:05+09:00,no metrics in the test stage
f23c2345-7341-43b2-be49-fbf4520732b9/integrate-1-verify-3.log,2026-10-07T15:45:51+09:00,no metrics in the test stage
f0def117-40f5-4936-b0c8-c90612cbff4a/integrate-1-verify-3.log,2026-10-07T16:10:05+09:00,no metrics in the test stage
3a058014-3486-4e6f-9c31-c6c66f41fd85/integrate-1-verify-3.log,2026-10-07T19:33:29+09:00,landing_verification (not the coverage gate)
72f19007-ab3c-4232-b3e8-27d4a491d77e/integrate-1-verify-3.log,2026-10-07T20:01:28+09:00,landing_verification (not the coverage gate)
d23d6934-a2a7-4278-9e3e-344d1a0d5297/integrate-1-verify-3.log,2026-10-07T20:17:03+09:00,landing_verification (not the coverage gate)
54ba518f-15ed-4f88-8cc3-895c75ded4a3/integrate-1-verify-3.log,2026-10-07T20:52:06+09:00,landing_verification (not the coverage gate)
f41cdb88-20b9-4398-b56a-1da245b05b74/integrate-1-verify-3.log,2026-10-07T21:06:09+09:00,landing_verification (not the coverage gate)
cb8fbdad-68aa-49fe-96b2-779c004f51ad/integrate-1-verify-3.log,2026-10-07T21:44:03+09:00,landing_verification (not the coverage gate)
8253ed85-e606-482c-a5b7-48c3e602df97/integrate-1-verify-3.log,2026-10-07T22:01:36+09:00,landing_verification (not the coverage gate)
4ac28b21-fc76-46aa-bc40-a2993dbebb9e/integrate-1-verify-3.log,2026-10-07T22:12:27+09:00,landing_verification (not the coverage gate)
9eea1f21-1e4e-4776-92f1-d34dbc074527/integrate-1-verify-4.log,2026-10-07T22:58:36+09:00,landing_verification (not the coverage gate)
2b3a893c-594d-4198-a730-252d0b7acc2d/integrate-1-verify-3.log,2026-10-07T23:08:26+09:00,landing_verification (not the coverage gate)
e2f02d00-eb18-420e-9e9e-672fce76038f/integrate-1-verify-3.log,2026-10-07T23:24:47+09:00,landing_verification (not the coverage gate)
9eea1f21-1e4e-4776-92f1-d34dbc074527/integrate-2-verify-4.log,2026-10-07T23:38:23+09:00,landing_verification (not the coverage gate)
01881c1c-8ec9-4f95-b904-b947e9989020/integrate-1-verify-3.log,2026-10-07T23:49:40+09:00,landing_verification (not the coverage gate)
b7cd626c-de03-4ac4-aabb-fefa0fe11458/integrate-1-verify-3.log,2026-10-08T00:09:10+09:00,landing_verification (not the coverage gate)
9eea1f21-1e4e-4776-92f1-d34dbc074527/integrate-3-verify-4.log,2026-10-08T00:21:32+09:00,landing_verification (not the coverage gate)
2551405d-3809-4a7b-9dab-ef7c1a94afa2/integrate-1-verify-3.log,2026-10-08T01:00:37+09:00,landing_verification (not the coverage gate)
8f3514c0-f119-4c60-88e5-532b3832bf2e/integrate-1-verify-3.log,2026-10-08T01:22:00+09:00,landing_verification (not the coverage gate)
889d14a7-bfd3-4c42-9119-1b9bfbc46821/integrate-1-verify-3.log,2026-10-08T02:01:42+09:00,landing_verification (not the coverage gate)
ccaed544-1306-43ad-9d18-f97d50f69b06/integrate-1-verify-3.log,2026-10-08T02:14:33+09:00,landing_verification (not the coverage gate)
9150b3de-022c-4039-9abd-18e2e1215ea6/integrate-1-verify-3.log,2026-10-08T02:58:06+09:00,landing_verification (not the coverage gate)
9e18d6f6-f38c-49c3-88d7-c89eef43d827/integrate-1-verify-3.log,2026-10-08T03:24:43+09:00,landing_verification (not the coverage gate)
dcf01067-0489-40cd-9465-04f40fac86ca/integrate-1-verify-3.log,2026-10-08T03:46:33+09:00,landing_verification (not the coverage gate)
32a781bc-c4da-4e98-b63a-252a05594da9/integrate-1-verify-3.log,2026-10-08T05:02:53+09:00,landing_verification (not the coverage gate)
62872282-8927-48d8-84ee-8537d78175b1/integrate-1-verify-3.log,2026-10-08T05:06:15+09:00,landing_verification (not the coverage gate)
7fd1dd78-6307-45c6-998a-69d11aace223/integrate-1-verify-3.log,2026-10-08T05:17:44+09:00,landing_verification (not the coverage gate)
8effea39-4ed9-41d4-a6cc-bac58694f60c/integrate-1-verify-3.log,2026-10-08T05:44:21+09:00,landing_verification (not the coverage gate)
df5e77fb-57a5-4789-951a-f6f67d5fdd2b/integrate-1-verify-3.log,2026-10-08T05:54:33+09:00,landing_verification (not the coverage gate)
2249516d-d6f4-40ff-913e-c01536db0d94/integrate-1-verify-3.log,2026-10-08T06:07:57+09:00,landing_verification (not the coverage gate)
2249516d-d6f4-40ff-913e-c01536db0d94/integrate-2-verify-3.log,2026-10-08T06:14:29+09:00,landing_verification (not the coverage gate)
