log,mtime_jst,interval,threads,tests_run,flaky,fail,summary_seconds,tests_seconds,it_seconds,target_modules_seconds,load1_mean,load1_max,load_samples
04500685-3fa3-405c-a5ec-092d09f5058f/integrate-1-verify-3.log,2026-10-04T14:57:04+09:00,before,6,2826,0,0,451.147,2653.616,2511.956,377.018,9.97,12.38,14
e6cc9e1f-9055-4d2c-beb5-df48acb81614/integrate-1-verify-3.log,2026-10-04T15:20:56+09:00,before,6,2833,0,0,417.147,2451.035,2311.905,327.723,7.799,10.92,13
11752111-14af-46ce-b530-96cc9d9b5f3e/integrate-1-verify-3.log,2026-10-04T15:49:51+09:00,before,6,2845,0,1,373.942,2180.299,2062.922,296.89,5.538,6.84,12
11752111-14af-46ce-b530-96cc9d9b5f3e/integrate-2-verify-3.log,2026-10-04T16:16:00+09:00,before,6,2845,0,0,479.758,2820.128,2668.266,394.023,9.738,12.01,16
31ae076a-affc-4cf0-b2e7-5e7eaea69ded/integrate-1-verify-3.log,2026-10-04T16:37:33+09:00,before,6,2846,0,0,563.102,3323.629,3146.093,445.335,13.885,19.81,18
eebd09ed-5007-4a60-a53b-5470758bfc34/integrate-1-verify-3.log,2026-10-04T16:59:26+09:00,before,6,2851,0,0,461.515,2710.3,2581.01,368.025,8.76,11.07,15
1c707f55-f5b3-4a7c-a720-7f17f0ef1db7/integrate-1-verify-3.log,2026-10-04T17:19:19+09:00,before,6,2853,0,0,618.614,3650.699,3521.479,500.881,15.399,21.09,20
3c5a55c1-72a1-4f78-adda-9e13bc3937ed/integrate-1-verify-3.log,2026-10-04T17:35:02+09:00,before,6,2863,0,0,641.033,3808.365,3588.492,574.581,16.785,17.0,2
e474159d-70bb-4e7c-af2f-1de46aac5b38/integrate-1-verify-3.log,2026-10-04T18:22:00+09:00,before,6,2866,0,0,614.992,3638.362,3437.114,470.896,20.5,29.13,20
76c5dd97-fde3-4a96-8784-4f4e3ad22fb0/integrate-1-verify-3.log,2026-10-04T18:51:57+09:00,before,6,2874,0,0,520.415,3064.556,2911.625,396.491,15.772,24.27,17
bc4a1494-3b67-422f-9760-020c8e761a13/integrate-1-verify-3.log,2026-10-04T19:19:21+09:00,before,6,2875,0,0,622.837,3681.345,3487.352,517.466,16.599,29.18,21
895ad40d-e308-4cb3-b908-be8bdddf4844/integrate-1-verify-3.log,2026-10-04T20:07:32+09:00,before,6,2879,0,0,539.155,3176.249,2968.247,511.682,13.02,18.57,18
0cd16a3b-520c-4ce0-a502-b4e3293c236b/integrate-1-verify-3.log,2026-10-04T20:32:50+09:00,before,6,2879,0,0,589.387,3476.537,3300.53,517.256,16.256,24.4,19
b25072c7-3d35-4e9c-a3fa-87b8b5208f6f/integrate-1-verify-3.log,2026-10-04T21:00:02+09:00,before,6,2879,0,0,465.007,2753.159,2566.049,349.615,12.604,20.81,15
b57b4f8c-9142-432c-9438-c1430de2936d/integrate-1-verify-3.log,2026-10-04T21:15:14+09:00,before,6,2883,0,0,599.843,3542.107,3350.792,555.084,15.679,21.6,20
e2445fdc-63fe-4151-bdc6-4d5ecf73d863/integrate-1-verify-3.log,2026-10-04T21:34:01+09:00,before,6,2883,0,0,565.716,3339.786,3101.577,390.056,12.074,16.12,19
43ca40ac-f40a-4c91-8048-b4630765c2e2/integrate-1-verify-3.log,2026-10-04T22:03:29+09:00,before,6,2883,0,0,468.888,2760.13,2613.081,341.976,9.871,13.17,15
6ad77ab1-2138-40c6-96a2-a406d5947bc4/integrate-1-verify-3.log,2026-10-04T22:46:39+09:00,before,6,2890,0,0,563.723,3327.994,3163.368,467.669,12.837,18.67,18
49d87965-e2f6-4fc4-8cb7-b8d96414ae80/integrate-1-verify-3.log,2026-10-04T23:01:17+09:00,before,6,2891,0,0,554.94,3270.051,2961.599,579.573,20.597,21.79,3
278d3f15-ff01-425e-8af0-33b628edcaf9/integrate-1-verify-3.log,2026-10-04T23:16:48+09:00,before,6,2896,0,0,494.85,2911.512,2725.955,401.779,10.553,11.89,17
44ad0456-3946-4fab-a9db-27c09385314b/integrate-1-verify-3.log,2026-10-05T00:06:42+09:00,middle,6,2709,0,0,348.591,2033.913,1900.869,292.828,7.555,8.72,11
ae1fdf72-6ec2-462f-8eaa-e80583371076/integrate-1-verify-3.log,2026-10-05T00:21:52+09:00,middle,6,2712,0,0,340.359,1981.176,1851.817,298.439,6.396,7.3,11
853c5ae1-26d2-40da-af5d-fc158c669810/integrate-1-verify-3.log,2026-10-05T01:02:59+09:00,middle,6,2710,0,0,396.323,2322.316,2182.274,294.203,10.098,13.83,12
dd5e9347-5c16-4aff-a749-d94f1be503a8/integrate-1-verify-3.log,2026-10-05T01:45:48+09:00,middle,6,2716,0,0,574.475,3396.247,3102.77,430.365,19.232,22.19,18
5f34c076-84d6-4e90-8457-1a33d44bfc1a/integrate-1-verify-3.log,2026-10-05T02:34:42+09:00,middle+after4,6,2718,0,0,362.124,2118.397,1974.943,249.63,9.44,11.23,11
62a47b7c-22e8-4840-9342-0fffdf1352cf/integrate-1-verify-3.log,2026-10-05T03:00:40+09:00,middle+after4,6,2720,0,0,393.31,2298.923,2154.965,260.811,10.51,16.41,13
b8869c02-7458-4f2e-855b-0b703b598d5e/integrate-1-verify-3.log,2026-10-05T03:25:19+09:00,middle+after4,6,2723,0,0,339.188,1977.828,1846.741,228.567,7.526,9.14,11
bbd11ba3-0056-4621-96a4-fac3d4058ca6/integrate-1-verify-3.log,2026-10-05T03:36:34+09:00,middle+after4,6,2730,1,0,435.934,2548.716,2379.015,351.746,39.406,60.21,5
d97216b8-eb3a-415f-8716-b087c588f086/integrate-1-verify-3.log,2026-10-05T04:03:48+09:00,middle+after4,6,2730,0,0,351.994,2053.098,1920.271,240.194,8.882,10.53,11
a256a156-f5d4-44b4-8baf-4ca064aa9b4d/integrate-1-verify-3.log,2026-10-05T04:32:37+09:00,middle+after4,6,2732,0,0,710.74,4212.717,4064.021,459.925,41.438,83.16,21
4bc7f1b4-c735-4c29-9551-541ba6022c86/integrate-1-verify-3.log,2026-10-05T05:26:26+09:00,middle+after4,6,2739,0,0,356.645,2082.927,1950.528,230.598,8.335,11.91,11
5746a32e-64dd-4d3e-8352-93e67af75358/integrate-1-verify-3.log,2026-10-05T06:01:31+09:00,middle+after4,6,2741,0,0,399.461,2336.542,2192.034,266.479,11.559,17.05,13
f4c6e714-798f-4b98-8e79-c9fc271e5869/integrate-1-verify-3.log,2026-10-05T06:11:30+09:00,middle+after4,6,2741,0,0,420.001,2460.556,2301.529,313.586,14.679,16.25,7
115d7cf9-e41a-4a81-b031-4ecb1f092481/integrate-1-verify-3.log,2026-10-05T06:43:34+09:00,middle+after4,6,2749,0,0,383.491,2240.183,2108.157,249.199,9.542,11.64,12
e8bda067-5b08-4061-bce0-148528c1ac9f/integrate-1-verify-3.log,2026-10-05T06:58:35+09:00,middle+after4,6,2749,0,0,414.831,2431.539,2258.759,300.777,14.285,16.25,13
542fa1a4-e38b-4205-85a7-a1199be31b94/integrate-1-verify-3.log,2026-10-05T07:09:58+09:00,middle+after4,6,2751,0,0,433.425,2539.061,2364.486,318.01,16.328,27.28,14
9207fcfd-e0f3-43cf-a572-2aa8fe5f366d/integrate-1-verify-3.log,2026-10-05T07:35:09+09:00,middle+after4,6,2753,0,0,435.458,2558.939,2388.759,314.589,14.699,16.4,14
5ed87780-c191-4a6b-b02e-dc7cb963a8d0/integrate-1-verify-3.log,2026-10-05T08:06:06+09:00,middle+after4,6,2761,0,0,467.324,2753.431,2545.115,298.522,13.994,16.86,15
d6790cac-3649-4b76-8600-6c6d902e44e1/integrate-1-verify-3.log,2026-10-05T08:25:30+09:00,middle+after4,6,2776,0,0,587.975,3472.378,3228.78,462.859,18.031,29.03,13
b826f03c-b395-4222-ae6e-367909c6e270/integrate-1-verify-3.log,2026-10-05T08:50:07+09:00,middle+after4,6,2779,0,0,390.631,2283.387,2138.673,272.277,9.243,11.25,13
4383f305-aa23-40a4-bb0f-b4ef177cb158/integrate-1-verify-3.log,2026-10-05T09:09:12+09:00,middle+after4,6,2779,0,0,442.065,2593.984,2433.388,335.498,13.46,20.41,15
1dc0d5cf-fe32-4579-ba47-616af532ec57/integrate-1-verify-3.log,2026-10-05T09:20:41+09:00,middle+after4,6,2791,0,0,500.22,2943.125,2782.571,415.803,20.548,24.81,9
371aa87a-d085-41b6-8827-ec4503307ae7/integrate-1-verify-3.log,2026-10-05T09:50:13+09:00,middle+after4,6,2792,0,0,399.136,2336.648,2191.113,283.555,10.922,12.07,13
f3de8eb0-a0f2-4231-a8a9-7e78ae407a2c/integrate-1-verify-3.log,2026-10-05T09:59:51+09:00,middle+after4,6,2805,0,0,423.79,2490.71,2323.736,291.844,12.953,16.97,13
857eea61-452f-489f-b956-b9edf208e5c5/integrate-1-verify-3.log,2026-10-05T10:12:24+09:00,middle,6,2809,0,0,505.608,2985.672,2790.158,425.984,22.546,24.24,7
f16dfa94-fa42-469a-932e-f74ef0f46582/integrate-1-verify-3.log,2026-10-05T11:39:05+09:00,middle,6,2809,0,0,468.148,2761.642,2591.786,320.438,12.227,16.2,15
31fb5b8c-7374-4563-a6f4-7b8ce2d948ac/integrate-1-verify-3.log,2026-10-05T11:54:06+09:00,middle,6,2809,0,0,413.646,2428.631,2283.212,308.704,8.974,10.71,14
f0ead9ad-3dd1-4082-9eb6-90415e2588c0/integrate-1-verify-3.log,2026-10-05T12:38:49+09:00,middle,6,2809,0,0,411.395,2411.434,2276.113,265.488,10.084,13.29,13
7c88cb42-5a3e-4da9-9c75-f804cd74cd1a/integrate-1-verify-3.log,2026-10-05T13:03:17+09:00,middle,6,2818,0,0,358.691,2096.185,1956.394,238.667,8.475,11.99,12
068c08e3-eb24-4437-b01f-de7f6dd028c1/integrate-1-verify-3.log,2026-10-05T14:01:50+09:00,middle,6,2830,0,0,402.407,2361.818,2172.318,283.995,8.815,11.19,13
326b914c-8a4d-4415-a5e2-996bc07f7274/integrate-1-verify-3.log,2026-10-05T14:20:40+09:00,middle,6,2843,0,0,445.206,2622.233,2466.952,288.501,11.883,15.24,14
244535fa-d04d-4a18-a22b-fa0f9c217e6b/integrate-1-verify-3.log,2026-10-05T14:40:00+09:00,middle,6,2854,0,0,433.531,2547.221,2396.663,304.485,10.994,14.39,14
0d519cd3-7f6d-4c2f-9a85-9d1f9d21702a/integrate-1-verify-3.log,2026-10-05T15:21:25+09:00,middle,6,2858,0,0,481.464,2833.2,2666.298,309.317,10.411,13.18,15
f8f9ae0d-3592-4589-ac6c-e2602e941f48/integrate-1-verify-3.log,2026-10-05T15:36:27+09:00,middle,6,2861,0,0,400.131,2345.049,2205.814,259.241,9.965,13.31,12
ebd0fd66-722f-468c-9522-ef4e47baf54f/integrate-1-verify-3.log,2026-10-05T15:58:16+09:00,middle,6,2862,1,0,452.468,2664.182,2473.664,321.0,11.736,15.19,14
ebd0fd66-722f-468c-9522-ef4e47baf54f/integrate-2-verify-3.log,2026-10-05T16:12:22+09:00,middle,6,2862,0,0,633.024,3764.154,3559.743,401.233,20.512,24.45,21
379c0da8-57a4-4295-b46f-27e5f524fc4d/integrate-1-verify-3.log,2026-10-05T17:07:32+09:00,middle,6,2864,0,0,484.937,2852.4,2702.794,339.155,11.429,14.42,16
ed41a873-40bb-4179-8b86-a17a0a72f07e/integrate-1-verify-3.log,2026-10-05T22:07:13+09:00,middle,6,2865,0,0,496.637,2924.37,2759.088,370.81,15.591,22.05,16
cf6f8393-cbb4-4253-a702-7615bfad3248/integrate-1-verify-3.log,2026-10-05T22:23:40+09:00,middle,6,2867,0,0,646.477,3843.173,3569.607,583.69,36.541,52.36,10
a943da00-7565-4dc4-98ab-0e568c9bc31d/integrate-1-verify-3.log,2026-10-05T22:51:12+09:00,middle,6,2871,1,0,764.361,4550.497,4198.021,579.009,26.61,33.81,13
90b81ce8-61e5-416d-9315-53319d9e1ae9/integrate-1-verify-3.log,2026-10-05T23:20:38+09:00,middle,6,2872,0,0,650.167,3859.743,3631.394,419.173,28.14,41.6,10
cb3ad75e-056b-4b40-a7cc-056f9d5d3ff6/integrate-1-verify-3.log,2026-10-06T00:32:01+09:00,middle,6,2872,0,0,871.279,5185.525,4795.713,735.177,26.233,43.51,28
f1d2111a-c855-4595-9095-a83b8fcda92a/integrate-1-verify-1.log,2026-10-06T07:33:15+09:00,middle,6,2896,0,0,572.361,3402.387,3178.397,361.604,20.736,29.25,17
d4773faa-1ed4-4511-9f65-3127f7fd03e1/integrate-1-verify-3.log,2026-10-06T08:00:04+09:00,middle,6,2898,2,0,618.27,3650.403,3450.221,391.482,20.734,30.44,19
d4773faa-1ed4-4511-9f65-3127f7fd03e1/integrate-2-verify-3.log,2026-10-06T08:14:05+09:00,middle,6,2898,0,0,556.161,3279.357,3129.282,420.933,16.103,20.08,18
659ddb93-98bc-44ea-a892-f1315c81d143/integrate-1-verify-3.log,2026-10-06T08:26:23+09:00,middle,6,2900,0,0,475.172,2794.243,2622.975,424.05,18.905,21.51,8
c85be6af-3b45-4dc8-bbe5-03a6dff59bd8/integrate-1-verify-3.log,2026-10-06T08:51:39+09:00,middle,6,2901,0,0,706.788,4203.613,4008.493,391.765,38.823,53.08,12
c85be6af-3b45-4dc8-bbe5-03a6dff59bd8/integrate-2-verify-3.log,2026-10-06T09:20:02+09:00,middle,6,2897,0,0,394.204,2308.203,2169.287,255.017,9.172,11.88,13
e66aa82f-ddfd-4f82-a020-a921143866e0/integrate-1-verify-3.log,2026-10-06T09:42:28+09:00,middle,6,2897,1,0,570.739,3364.704,3191.497,428.174,20.511,25.82,14
e66aa82f-ddfd-4f82-a020-a921143866e0/integrate-2-verify-3.log,2026-10-06T09:54:14+09:00,middle,6,2897,0,0,571.632,3376.303,3216.171,334.974,19.116,25.13,16
2d14ecf3-299f-4819-9311-b6947bec9032/integrate-1-verify-3.log,2026-10-06T10:05:12+09:00,middle,6,2892,0,0,481.189,2836.641,2679.245,292.274,11.984,19.93,14
55ba7223-3054-4933-baf3-ef87bbdaf10c/integrate-1-verify-5.log,2026-10-06T10:29:48+09:00,middle,6,2899,1,0,508.146,2989.762,2822.008,382.003,12.786,15.21,16
55ba7223-3054-4933-baf3-ef87bbdaf10c/integrate-2-verify-5.log,2026-10-06T10:41:01+09:00,middle,6,2899,0,0,503.715,2965.596,2784.001,344.593,10.013,13.68,15
df41a53a-9014-4676-8c50-348e25c5f372/integrate-1-verify-3.log,2026-10-06T10:54:59+09:00,middle,6,2901,0,0,523.314,3082.569,2905.496,399.271,21.229,28.36,9
01da4857-b07b-4949-a779-8c5c8cd20f4f/integrate-1-verify-3.log,2026-10-06T11:13:28+09:00,middle,6,2901,0,0,408.102,2392.174,2248.073,265.606,8.521,11.13,14
a906f17a-115c-4ca9-af60-2354641ac229/integrate-1-verify-3.log,2026-10-06T11:23:51+09:00,middle,6,2901,0,0,428.685,2513.894,2350.367,352.662,20.715,32.44,6
e598198d-1c03-49eb-92da-da1e193e3d3f/integrate-1-verify-3.log,2026-10-06T11:59:07+09:00,middle,6,2903,0,0,508.883,3030.392,2803.524,304.444,15.455,22.72,15
1ef538f4-bb7e-4aeb-b605-8efa327ab545/integrate-1-verify-3.log,2026-10-06T12:21:58+09:00,middle,6,2909,0,0,469.084,2758.909,2585.147,336.622,14.387,18.21,15
c91fe7d6-e1d8-4057-a2e9-ab6254e9c330/integrate-1-verify-3.log,2026-10-06T12:43:56+09:00,middle,6,2912,0,0,394.982,2315.984,2170.969,256.075,9.505,13.12,13
633d67e4-cf9e-47cf-becf-cc490d5c7f01/integrate-1-verify-3.log,2026-10-06T13:04:08+09:00,middle,6,2914,1,1,573.316,3339.072,3181.704,348.983,10.533,14.89,18
d451df26-a2b8-46c0-a676-8d6946a73c0f/integrate-1-verify-3.log,2026-10-06T20:05:01+09:00,middle,6,2916,0,0,440.879,2589.02,2433.991,294.383,12.181,14.77,14
98b5d449-822c-409e-8964-af74901b3aac/integrate-1-verify-3.log,2026-10-06T21:07:23+09:00,middle,6,2925,0,0,411.137,2410.029,2234.555,299.324,10.461,13.54,14
e4fb40f7-ea8b-408f-a171-f73f3dfa7682/integrate-1-verify-3.log,2026-10-06T21:36:21+09:00,middle,6,2930,0,0,483.928,2851.717,2687.487,347.238,15.109,17.66,16
06d2859c-0fd8-45da-8cba-949a024bbddd/integrate-1-verify-3.log,2026-10-06T22:08:52+09:00,middle,6,2959,0,0,486.543,2872.537,2693.242,309.175,12.605,17.35,15
59f842a5-d062-465a-8648-fd00deba193e/integrate-1-verify-3.log,2026-10-06T22:41:21+09:00,middle,6,2953,0,0,499.2,2944.14,2775.543,349.849,12.492,15.48,16
d8b9c5e3-7c85-4a39-ae47-711f51665c9f/integrate-1-verify-6.log,2026-10-07T07:32:25+09:00,middle,6,2955,1,0,370.705,2165.652,2028.514,252.794,8.592,10.62,12
d8b9c5e3-7c85-4a39-ae47-711f51665c9f/integrate-2-verify-6.log,2026-10-07T07:40:36+09:00,middle,6,2955,0,0,354.903,2072.341,1938.995,247.067,7.174,8.62,11
0dfeb5d7-4624-429a-b762-49119a6b8d4c/integrate-1-verify-4.log,2026-10-07T08:29:39+09:00,middle,6,2965,0,0,385.327,2255.258,2112.479,265.189,8.858,10.2,12
c75f6be8-bb14-4ae8-8984-f6b4503a8e76/integrate-1-verify-3.log,2026-10-07T08:48:20+09:00,middle,6,2964,0,0,387.91,2270.144,2124.039,275.927,9.409,12.46,13
d9e44747-aff3-44d1-bcb3-17dec4b56ebb/integrate-1-verify-3.log,2026-10-07T09:07:40+09:00,middle,6,2989,1,0,483.665,2843.596,2680.63,312.257,11.983,16.28,14
d9e44747-aff3-44d1-bcb3-17dec4b56ebb/integrate-2-verify-3.log,2026-10-07T09:15:50+09:00,middle,6,2989,0,0,379.093,2217.855,2075.5,258.424,7.928,9.96,13
6192d28c-f944-4b4e-8761-a575864f0b2e/integrate-1-verify-3.log,2026-10-07T09:47:50+09:00,middle,6,2989,0,0,380.368,2225.13,2083.219,256.198,7.388,8.36,12
e6905056-7dc7-4b61-9c5c-2db61be55ed7/integrate-1-verify-3.log,2026-10-07T10:45:52+09:00,middle,6,2979,1,0,389.26,2256.373,2114.179,232.839,7.101,8.09,12
e6905056-7dc7-4b61-9c5c-2db61be55ed7/integrate-2-verify-3.log,2026-10-07T10:54:16+09:00,middle,6,2979,0,0,405.369,2376.472,2234.219,235.122,8.375,12.31,13
56a4ab34-6d04-42bd-a2cc-c5968fa5aef4/integrate-1-verify-3.log,2026-10-07T11:18:18+09:00,after,6,2981,0,0,389.484,2279.148,2133.883,231.819,7.742,9.64,13
5db81690-43a2-41a5-a1a5-f89778e84364/integrate-1-verify-3.log,2026-10-07T12:02:04+09:00,after,6,2983,0,0,399.684,2341.137,2200.867,260.323,9.669,12.02,13
f42d4c2b-4369-4e9d-82b7-8a05d15058d6/integrate-1-verify-3.log,2026-10-07T12:25:46+09:00,after,6,2991,0,0,394.383,2309.625,2158.706,241.346,7.679,8.75,13
49be069c-6f9d-4776-839f-ba8d13481342/integrate-1-verify-3.log,2026-10-07T12:41:48+09:00,after,6,2994,0,1,454.133,2538.37,2325.411,262.563,19.66,19.66,1
d7094229-1270-4316-b585-c6bed8f13791/integrate-2-verify-3.log,2026-10-07T12:59:40+09:00,after,6,2991,0,0,416.027,2439.886,2256.881,251.788,9.184,11.01,14
49be069c-6f9d-4776-839f-ba8d13481342/integrate-2-verify-3.log,2026-10-07T13:17:05+09:00,after,6,2994,0,0,375.491,2196.263,2045.982,224.081,8.383,9.7,11
12273626-02bd-4608-b8ea-5440fae445aa/integrate-1-verify-3.log,2026-10-07T13:42:54+09:00,after,6,2994,0,0,381.265,2231.511,2081.73,222.884,8.728,11.87,12
e21a52f8-bcf6-4a78-91cc-29fc2c8b4fa4/integrate-1-verify-3.log,2026-10-07T13:53:59+09:00,after,6,3014,0,0,450.693,2647.007,2478.017,282.72,18.637,21.72,3
9dfa3613-bd6a-457e-8f57-a5ca0439bf23/integrate-1-verify-3.log,2026-10-07T15:08:44+09:00,after,6,3014,0,0,404.868,2371.801,2227.752,238.819,8.185,11.31,13
5ae955d3-0448-416f-8993-3e5ce40c05b9/integrate-1-verify-3.log,2026-10-07T15:20:36+09:00,after,6,3014,0,0,471.939,2777.431,2595.78,317.466,23.04,39.82,6
9684d30b-205f-44e6-a871-b447efaf0eb9/integrate-1-verify-3.log,2026-10-07T16:37:04+09:00,after,6,3021,0,0,373.34,2183.568,2042.494,218.496,6.935,9.01,12
856a9a37-7cb1-4ad0-bdcf-331186ebba17/integrate-1-verify-3.log,2026-10-07T16:58:08+09:00,after,6,3021,0,0,439.005,2581.659,2397.841,256.497,10.591,12.62,14
ed279683-57a4-4b5c-bbdb-8cfb20ccccb9/integrate-1-verify-3.log,2026-10-07T17:54:07+09:00,after,6,3035,0,0,423.531,2483.141,2330.72,244.774,9.263,12.3,13
7b57239d-f076-4121-a2d5-30cc450eff8b/integrate-1-verify-3.log,2026-10-07T18:09:04+09:00,after,6,3039,0,0,540.734,3188.265,2999.915,368.002,17.155,23.76,17
507af7c7-f6f9-46dd-84b7-3042840074a3/integrate-1-verify-3.log,2026-10-07T18:54:09+09:00,after,6,3049,0,0,459.747,2707.449,2537.676,264.557,12.391,15.15,14
