interval,run_id,task_id,number,found,chars,evidence,evidenced
main,732f927d-1fd4-488e-9d19-52e4e23b79d0,1200,1,1,23,,0
main,732f927d-1fd4-488e-9d19-52e4e23b79d0,1200,2,0,,,0
main,732f927d-1fd4-488e-9d19-52e4e23b79d0,1200,3,1,632,code;sha;value,1
main,732f927d-1fd4-488e-9d19-52e4e23b79d0,1200,4,0,,,0
main,4e133ab6-4174-4927-b7b2-68e6e7db1787,1220,1,0,,,0
main,4e133ab6-4174-4927-b7b2-68e6e7db1787,1220,2,0,,,0
main,4e133ab6-4174-4927-b7b2-68e6e7db1787,1220,3,0,,,0
main,4e133ab6-4174-4927-b7b2-68e6e7db1787,1220,4,0,,,0
main,4e133ab6-4174-4927-b7b2-68e6e7db1787,1220,5,0,,,0
main,eecb5fa8-d16f-4a40-8881-4fffc0b345b1,1340,1,0,,,0
main,eecb5fa8-d16f-4a40-8881-4fffc0b345b1,1340,2,0,,,0
main,eecb5fa8-d16f-4a40-8881-4fffc0b345b1,1340,3,0,,,0
main,eecb5fa8-d16f-4a40-8881-4fffc0b345b1,1340,4,0,,,0
main,eecb5fa8-d16f-4a40-8881-4fffc0b345b1,1340,5,0,,,0
main,eecb5fa8-d16f-4a40-8881-4fffc0b345b1,1340,6,0,,,0
main,357172fe-31b4-4ff0-9e0a-3cbb414db1d0,961,1,1,265,value,1
main,357172fe-31b4-4ff0-9e0a-3cbb414db1d0,961,2,1,578,path;code;command;word;value,1
main,9ff42413-1f37-4061-a248-1bbfb7d08f50,1075,1,1,521,path;code;sha;word;value,1
main,9ff42413-1f37-4061-a248-1bbfb7d08f50,1075,2,1,949,path;code;command;word,1
main,9ff42413-1f37-4061-a248-1bbfb7d08f50,1075,3,1,127,,0
main,9ff42413-1f37-4061-a248-1bbfb7d08f50,1075,4,1,2514,path;code;command;word;value,1
main,9ff42413-1f37-4061-a248-1bbfb7d08f50,1075,5,0,,,0
main,9ff42413-1f37-4061-a248-1bbfb7d08f50,1075,1100,1,686,path;code;word,1
main,b0d34c04-718a-4a51-bd39-6f368eb768cc,1161,1,1,618,path;code,1
main,b0d34c04-718a-4a51-bd39-6f368eb768cc,1161,2,1,170,path;code;word,1
main,b0d34c04-718a-4a51-bd39-6f368eb768cc,1161,3,1,803,path;code;sha;command;word,1
main,b0d34c04-718a-4a51-bd39-6f368eb768cc,1161,4,1,9,word,0
main,6f7ea894-b95f-4f36-93ba-97d6d1ce3dc9,1318,1,0,,,0
main,6f7ea894-b95f-4f36-93ba-97d6d1ce3dc9,1318,2,0,,,0
main,6f7ea894-b95f-4f36-93ba-97d6d1ce3dc9,1318,3,0,,,0
main,6f7ea894-b95f-4f36-93ba-97d6d1ce3dc9,1318,4,0,,,0
main,6f7ea894-b95f-4f36-93ba-97d6d1ce3dc9,1318,5,0,,,0
main,6f7ea894-b95f-4f36-93ba-97d6d1ce3dc9,1318,6,0,,,0
main,6f7ea894-b95f-4f36-93ba-97d6d1ce3dc9,1318,7,0,,,0
main,6f7ea894-b95f-4f36-93ba-97d6d1ce3dc9,1318,8,0,,,0
main,571b7613-8d9d-4eef-b38a-a5fe3f289e9b,1333,1,1,273,path;code;value,1
main,571b7613-8d9d-4eef-b38a-a5fe3f289e9b,1333,2,1,836,code;word,1
main,571b7613-8d9d-4eef-b38a-a5fe3f289e9b,1333,3,1,97,word,1
main,571b7613-8d9d-4eef-b38a-a5fe3f289e9b,1333,4,1,444,code,1
main,571b7613-8d9d-4eef-b38a-a5fe3f289e9b,1333,5,1,416,path;code;value,1
main,571b7613-8d9d-4eef-b38a-a5fe3f289e9b,1333,6,1,241,path;code;word,1
main,d0176e89-f2ae-40b2-aa18-05e002018f89,1300,1,0,,,0
main,d0176e89-f2ae-40b2-aa18-05e002018f89,1300,2,0,,,0
main,d0176e89-f2ae-40b2-aa18-05e002018f89,1300,3,0,,,0
main,d0176e89-f2ae-40b2-aa18-05e002018f89,1300,4,0,,,0
main,d0176e89-f2ae-40b2-aa18-05e002018f89,1300,5,0,,,0
main,da215c20-820b-4a1b-bcaa-a8327fd7f9a9,1370,1,0,,,0
main,da215c20-820b-4a1b-bcaa-a8327fd7f9a9,1370,2,0,,,0
main,da215c20-820b-4a1b-bcaa-a8327fd7f9a9,1370,3,0,,,0
main,da215c20-820b-4a1b-bcaa-a8327fd7f9a9,1370,4,0,,,0
main,1e2734f7-f5bf-4efc-9586-0ca83c8b997f,1368,1,1,321,code;word;value,1
main,1e2734f7-f5bf-4efc-9586-0ca83c8b997f,1368,2,1,200,code;word;value,1
main,1e2734f7-f5bf-4efc-9586-0ca83c8b997f,1368,3,1,125,word,1
main,1e2734f7-f5bf-4efc-9586-0ca83c8b997f,1368,4,1,256,code;word;value,1
main,e5c4ea89-17f8-4a5a-8754-d1b568b1332a,1289,1,0,,,0
main,e5c4ea89-17f8-4a5a-8754-d1b568b1332a,1289,2,0,,,0
main,e5c4ea89-17f8-4a5a-8754-d1b568b1332a,1289,3,0,,,0
main,e5c4ea89-17f8-4a5a-8754-d1b568b1332a,1289,4,0,,,0
main,e5c4ea89-17f8-4a5a-8754-d1b568b1332a,1289,5,0,,,0
main,e5c4ea89-17f8-4a5a-8754-d1b568b1332a,1289,6,0,,,0
main,d35d9c3f-be96-4843-9fa4-976b5d044eb3,1378,1,0,,,0
main,d35d9c3f-be96-4843-9fa4-976b5d044eb3,1378,2,0,,,0
main,d35d9c3f-be96-4843-9fa4-976b5d044eb3,1378,3,0,,,0
main,d35d9c3f-be96-4843-9fa4-976b5d044eb3,1378,4,0,,,0
main,57151b60-d708-4c4b-9edc-a37573e7909c,1369,1,1,95,value,1
main,57151b60-d708-4c4b-9edc-a37573e7909c,1369,2,1,60,value,1
main,57151b60-d708-4c4b-9edc-a37573e7909c,1369,3,1,136,code,1
main,57151b60-d708-4c4b-9edc-a37573e7909c,1369,4,0,,,0
main,ea40dfd5-af06-4794-8be9-a6d5e7e69627,1317,1,0,,,0
main,ea40dfd5-af06-4794-8be9-a6d5e7e69627,1317,2,0,,,0
main,ea40dfd5-af06-4794-8be9-a6d5e7e69627,1317,3,0,,,0
main,ea40dfd5-af06-4794-8be9-a6d5e7e69627,1317,4,0,,,0
main,ea40dfd5-af06-4794-8be9-a6d5e7e69627,1317,5,0,,,0
main,ea40dfd5-af06-4794-8be9-a6d5e7e69627,1317,6,0,,,0
main,ea40dfd5-af06-4794-8be9-a6d5e7e69627,1317,7,0,,,0
main,ea40dfd5-af06-4794-8be9-a6d5e7e69627,1317,8,0,,,0
main,726e286b-dd83-4ca6-b739-d0a42a9a4282,1371,1,1,573,path;code;word;value,1
main,726e286b-dd83-4ca6-b739-d0a42a9a4282,1371,2,1,719,path;code;command;word,1
main,726e286b-dd83-4ca6-b739-d0a42a9a4282,1371,3,0,,,0
main,726e286b-dd83-4ca6-b739-d0a42a9a4282,1371,4,0,,,0
main,c4c4405b-1348-4f83-be20-96864f3afd5d,1316,1,0,,,0
main,c4c4405b-1348-4f83-be20-96864f3afd5d,1316,2,0,,,0
main,c4c4405b-1348-4f83-be20-96864f3afd5d,1316,3,0,,,0
main,c4c4405b-1348-4f83-be20-96864f3afd5d,1316,4,0,,,0
main,c4c4405b-1348-4f83-be20-96864f3afd5d,1316,5,0,,,0
main,c4c4405b-1348-4f83-be20-96864f3afd5d,1316,6,0,,,0
main,c4c4405b-1348-4f83-be20-96864f3afd5d,1316,7,0,,,0
main,c4c4405b-1348-4f83-be20-96864f3afd5d,1316,8,0,,,0
main,c4c4405b-1348-4f83-be20-96864f3afd5d,1316,9,0,,,0
main,8dcd7775-f024-41e5-931b-153b51f134e0,1290,1,0,,,0
main,8dcd7775-f024-41e5-931b-153b51f134e0,1290,2,0,,,0
main,8dcd7775-f024-41e5-931b-153b51f134e0,1290,3,0,,,0
main,8dcd7775-f024-41e5-931b-153b51f134e0,1290,4,0,,,0
main,8dcd7775-f024-41e5-931b-153b51f134e0,1290,5,0,,,0
main,8dcd7775-f024-41e5-931b-153b51f134e0,1290,6,0,,,0
main,eebaca9b-ebfd-4104-b22e-8091905c2951,1372,1,1,847,code;value,1
main,eebaca9b-ebfd-4104-b22e-8091905c2951,1372,2,1,492,path;code;word,1
main,eebaca9b-ebfd-4104-b22e-8091905c2951,1372,3,0,,,0
main,eebaca9b-ebfd-4104-b22e-8091905c2951,1372,4,0,,,0
main,675b888d-1532-4b4f-8a9a-6ccc80fd9fb5,1334,1,0,,,0
main,675b888d-1532-4b4f-8a9a-6ccc80fd9fb5,1334,2,0,,,0
main,675b888d-1532-4b4f-8a9a-6ccc80fd9fb5,1334,3,0,,,0
main,675b888d-1532-4b4f-8a9a-6ccc80fd9fb5,1334,4,0,,,0
main,4ea3a630-3fbb-43e1-8e03-b97274756187,1389,1,0,,,0
main,4ea3a630-3fbb-43e1-8e03-b97274756187,1389,2,0,,,0
main,4ea3a630-3fbb-43e1-8e03-b97274756187,1389,3,0,,,0
main,4ea3a630-3fbb-43e1-8e03-b97274756187,1389,4,0,,,0
main,4ea3a630-3fbb-43e1-8e03-b97274756187,1389,5,0,,,0
main,50fddc19-7259-47e3-a197-f19438df7619,1425,1,0,,,0
main,50fddc19-7259-47e3-a197-f19438df7619,1425,2,0,,,0
main,50fddc19-7259-47e3-a197-f19438df7619,1425,3,0,,,0
main,50fddc19-7259-47e3-a197-f19438df7619,1425,4,0,,,0
main,ab0eed00-bdfb-4071-ba2d-966ff5a961d0,1265,1,0,,,0
main,ab0eed00-bdfb-4071-ba2d-966ff5a961d0,1265,2,0,,,0
main,ab0eed00-bdfb-4071-ba2d-966ff5a961d0,1265,3,0,,,0
main,ab0eed00-bdfb-4071-ba2d-966ff5a961d0,1265,4,0,,,0
main,3be848c0-6af6-4d0b-94d9-65f37e594fdf,1334,1,1,839,code;word,1
main,3be848c0-6af6-4d0b-94d9-65f37e594fdf,1334,2,1,1480,path;code;sha;word,1
main,3be848c0-6af6-4d0b-94d9-65f37e594fdf,1334,3,0,,,0
main,3be848c0-6af6-4d0b-94d9-65f37e594fdf,1334,4,0,,,0
main,3664fe7f-1636-4378-8b95-a17a1246ac3d,1320,1,0,,,0
main,3664fe7f-1636-4378-8b95-a17a1246ac3d,1320,2,0,,,0
main,3664fe7f-1636-4378-8b95-a17a1246ac3d,1320,3,0,,,0
main,3664fe7f-1636-4378-8b95-a17a1246ac3d,1320,4,0,,,0
main,3664fe7f-1636-4378-8b95-a17a1246ac3d,1320,5,0,,,0
main,3664fe7f-1636-4378-8b95-a17a1246ac3d,1320,6,0,,,0
main,3664fe7f-1636-4378-8b95-a17a1246ac3d,1320,7,0,,,0
main,eb7a8859-0371-4a47-bb8e-62ce5b7eb20c,1337,1,0,,,0
main,eb7a8859-0371-4a47-bb8e-62ce5b7eb20c,1337,2,0,,,0
main,eb7a8859-0371-4a47-bb8e-62ce5b7eb20c,1337,3,0,,,0
main,eb7a8859-0371-4a47-bb8e-62ce5b7eb20c,1337,4,0,,,0
main,eb7a8859-0371-4a47-bb8e-62ce5b7eb20c,1337,5,0,,,0
main,27cca522-091c-42aa-b956-3fb18754bf10,1414,1,0,,,0
main,27cca522-091c-42aa-b956-3fb18754bf10,1414,2,0,,,0
main,27cca522-091c-42aa-b956-3fb18754bf10,1414,3,0,,,0
main,27cca522-091c-42aa-b956-3fb18754bf10,1414,4,0,,,0
main,27cca522-091c-42aa-b956-3fb18754bf10,1414,5,0,,,0
main,02edf3a8-1e69-443e-80b6-ce8f830a8572,724,1,0,,,0
main,02edf3a8-1e69-443e-80b6-ce8f830a8572,724,2,0,,,0
main,02edf3a8-1e69-443e-80b6-ce8f830a8572,724,3,0,,,0
main,02edf3a8-1e69-443e-80b6-ce8f830a8572,724,4,0,,,0
main,02edf3a8-1e69-443e-80b6-ce8f830a8572,724,5,0,,,0
main,a38a2691-67b0-4a48-bb69-bc2c556a9634,627,1,0,,,0
main,a38a2691-67b0-4a48-bb69-bc2c556a9634,627,2,0,,,0
main,a38a2691-67b0-4a48-bb69-bc2c556a9634,627,3,0,,,0
main,a38a2691-67b0-4a48-bb69-bc2c556a9634,627,4,0,,,0
main,a38a2691-67b0-4a48-bb69-bc2c556a9634,627,5,1,221,path;command;word,1
main,a38a2691-67b0-4a48-bb69-bc2c556a9634,627,6,1,94,path;word,1
main,a38a2691-67b0-4a48-bb69-bc2c556a9634,627,7,1,120,word,1
main,a38a2691-67b0-4a48-bb69-bc2c556a9634,627,8,1,106,path;command,1
main,a38a2691-67b0-4a48-bb69-bc2c556a9634,627,9,0,,,0
main,a38a2691-67b0-4a48-bb69-bc2c556a9634,627,10,0,,,0
main,bea024b2-2c8b-4144-a01d-7562622489d3,1453,1,0,,,0
main,bea024b2-2c8b-4144-a01d-7562622489d3,1453,2,0,,,0
main,bea024b2-2c8b-4144-a01d-7562622489d3,1453,3,0,,,0
main,bea024b2-2c8b-4144-a01d-7562622489d3,1453,4,0,,,0
main,bea024b2-2c8b-4144-a01d-7562622489d3,1453,5,0,,,0
main,bf4f66cb-794d-4ae3-8a70-62033e7722db,1454,1,0,,,0
main,bf4f66cb-794d-4ae3-8a70-62033e7722db,1454,2,0,,,0
main,bf4f66cb-794d-4ae3-8a70-62033e7722db,1454,3,0,,,0
main,bf4f66cb-794d-4ae3-8a70-62033e7722db,1454,4,0,,,0
main,bf4f66cb-794d-4ae3-8a70-62033e7722db,1454,5,0,,,0
main,16257d7f-bd59-4e75-a397-4c2395f7b503,1412,1,0,,,0
main,16257d7f-bd59-4e75-a397-4c2395f7b503,1412,2,0,,,0
main,16257d7f-bd59-4e75-a397-4c2395f7b503,1412,3,0,,,0
main,16257d7f-bd59-4e75-a397-4c2395f7b503,1412,4,0,,,0
main,16257d7f-bd59-4e75-a397-4c2395f7b503,1412,5,0,,,0
main,2dc57acb-b40c-46d5-a47d-6730f2de127d,1413,1,0,,,0
main,2dc57acb-b40c-46d5-a47d-6730f2de127d,1413,2,0,,,0
main,2dc57acb-b40c-46d5-a47d-6730f2de127d,1413,3,0,,,0
main,2dc57acb-b40c-46d5-a47d-6730f2de127d,1413,4,0,,,0
main,2dc57acb-b40c-46d5-a47d-6730f2de127d,1413,5,0,,,0
main,e29f2da8-612f-476c-881e-bf60f88ad1d4,1456,1,0,,,0
main,e29f2da8-612f-476c-881e-bf60f88ad1d4,1456,2,0,,,0
main,e29f2da8-612f-476c-881e-bf60f88ad1d4,1456,3,0,,,0
main,e29f2da8-612f-476c-881e-bf60f88ad1d4,1456,4,0,,,0
main,e29f2da8-612f-476c-881e-bf60f88ad1d4,1456,5,0,,,0
main,b40dbc9d-eb8f-4ae6-b66d-5035e397b29a,1416,1,0,,,0
main,b40dbc9d-eb8f-4ae6-b66d-5035e397b29a,1416,2,0,,,0
main,b40dbc9d-eb8f-4ae6-b66d-5035e397b29a,1416,3,0,,,0
main,b40dbc9d-eb8f-4ae6-b66d-5035e397b29a,1416,4,0,,,0
main,c77e93d4-1d71-4920-aa5b-098b9f4deaa0,1455,1,1,177,path;code,1
main,c77e93d4-1d71-4920-aa5b-098b9f4deaa0,1455,2,1,257,path;code,1
main,c77e93d4-1d71-4920-aa5b-098b9f4deaa0,1455,3,1,231,code,1
main,c77e93d4-1d71-4920-aa5b-098b9f4deaa0,1455,4,1,283,code;value,1
main,8333d781-27b3-4c57-8381-8ded6a925988,1415,1,0,,,0
main,8333d781-27b3-4c57-8381-8ded6a925988,1415,2,0,,,0
main,8333d781-27b3-4c57-8381-8ded6a925988,1415,3,0,,,0
main,8333d781-27b3-4c57-8381-8ded6a925988,1415,4,0,,,0
main,8333d781-27b3-4c57-8381-8ded6a925988,1415,5,0,,,0
main,93222d22-2a7e-48ca-9bc1-a6de8fe6442e,1458,1,0,,,0
main,93222d22-2a7e-48ca-9bc1-a6de8fe6442e,1458,2,0,,,0
main,93222d22-2a7e-48ca-9bc1-a6de8fe6442e,1458,3,0,,,0
main,93222d22-2a7e-48ca-9bc1-a6de8fe6442e,1458,4,0,,,0
main,93222d22-2a7e-48ca-9bc1-a6de8fe6442e,1458,5,0,,,0
main,93222d22-2a7e-48ca-9bc1-a6de8fe6442e,1458,6,0,,,0
main,78bdfc9c-5ed5-4e4b-a6aa-b36b6a2ae139,1391,1,1,501,path;code,1
main,78bdfc9c-5ed5-4e4b-a6aa-b36b6a2ae139,1391,2,1,556,code;word;value,1
main,78bdfc9c-5ed5-4e4b-a6aa-b36b6a2ae139,1391,3,0,,,0
main,78bdfc9c-5ed5-4e4b-a6aa-b36b6a2ae139,1391,4,0,,,0
main,85a5328f-55a7-4b99-9b1c-486d434c8484,1466,1,0,,,0
main,85a5328f-55a7-4b99-9b1c-486d434c8484,1466,2,0,,,0
main,85a5328f-55a7-4b99-9b1c-486d434c8484,1466,3,0,,,0
main,85a5328f-55a7-4b99-9b1c-486d434c8484,1466,4,0,,,0
main,85a5328f-55a7-4b99-9b1c-486d434c8484,1466,5,0,,,0
main,3f479771-2896-49b9-9512-1aeed8b5a93b,1392,1,0,,,0
main,3f479771-2896-49b9-9512-1aeed8b5a93b,1392,2,0,,,0
main,3f479771-2896-49b9-9512-1aeed8b5a93b,1392,3,0,,,0
main,3f479771-2896-49b9-9512-1aeed8b5a93b,1392,4,0,,,0
main,3f479771-2896-49b9-9512-1aeed8b5a93b,1392,5,0,,,0
main,3f479771-2896-49b9-9512-1aeed8b5a93b,1392,6,0,,,0
main,3f479771-2896-49b9-9512-1aeed8b5a93b,1392,7,0,,,0
main,710ace0e-4fa5-419a-b72e-54667dc5c83d,1335,1,0,,,0
main,710ace0e-4fa5-419a-b72e-54667dc5c83d,1335,2,0,,,0
main,710ace0e-4fa5-419a-b72e-54667dc5c83d,1335,3,0,,,0
main,710ace0e-4fa5-419a-b72e-54667dc5c83d,1335,4,0,,,0
main,96f427d4-ea6b-4dec-85b8-07357c18b94f,1284,1,0,,,0
main,96f427d4-ea6b-4dec-85b8-07357c18b94f,1284,2,0,,,0
main,96f427d4-ea6b-4dec-85b8-07357c18b94f,1284,3,0,,,0
main,96f427d4-ea6b-4dec-85b8-07357c18b94f,1284,4,0,,,0
main,92fe42cf-9776-4804-b3f4-8f6f856d48fc,1288,1,0,,,0
main,92fe42cf-9776-4804-b3f4-8f6f856d48fc,1288,2,0,,,0
main,92fe42cf-9776-4804-b3f4-8f6f856d48fc,1288,3,0,,,0
main,92fe42cf-9776-4804-b3f4-8f6f856d48fc,1288,4,0,,,0
main,92fe42cf-9776-4804-b3f4-8f6f856d48fc,1288,5,0,,,0
main,8cf5ae79-9fde-4b98-a4fe-d38360ae379c,1319,1,0,,,0
main,8cf5ae79-9fde-4b98-a4fe-d38360ae379c,1319,2,0,,,0
main,8cf5ae79-9fde-4b98-a4fe-d38360ae379c,1319,3,0,,,0
main,8cf5ae79-9fde-4b98-a4fe-d38360ae379c,1319,4,0,,,0
main,8cf5ae79-9fde-4b98-a4fe-d38360ae379c,1319,5,0,,,0
main,8cf5ae79-9fde-4b98-a4fe-d38360ae379c,1319,6,0,,,0
main,8cf5ae79-9fde-4b98-a4fe-d38360ae379c,1319,7,0,,,0
main,d0e77030-796a-44d6-b3e8-cc584cf2b2be,1420,1,1,290,path;word;value,1
main,d0e77030-796a-44d6-b3e8-cc584cf2b2be,1420,2,1,566,path;code;word,1
main,d0e77030-796a-44d6-b3e8-cc584cf2b2be,1420,3,1,255,code;command;word,1
main,d0e77030-796a-44d6-b3e8-cc584cf2b2be,1420,4,1,102,code;word,1
main,d0e77030-796a-44d6-b3e8-cc584cf2b2be,1420,5,1,219,path;code;word,1
main,d0e77030-796a-44d6-b3e8-cc584cf2b2be,1420,6,1,109,path;word,1
main_1422,732f927d-1fd4-488e-9d19-52e4e23b79d0,1200,1,1,23,,0
main_1422,732f927d-1fd4-488e-9d19-52e4e23b79d0,1200,2,0,,,0
main_1422,732f927d-1fd4-488e-9d19-52e4e23b79d0,1200,3,1,632,code;sha;value,1
main_1422,732f927d-1fd4-488e-9d19-52e4e23b79d0,1200,4,0,,,0
main_1422,4e133ab6-4174-4927-b7b2-68e6e7db1787,1220,1,0,,,0
main_1422,4e133ab6-4174-4927-b7b2-68e6e7db1787,1220,2,0,,,0
main_1422,4e133ab6-4174-4927-b7b2-68e6e7db1787,1220,3,0,,,0
main_1422,4e133ab6-4174-4927-b7b2-68e6e7db1787,1220,4,0,,,0
main_1422,4e133ab6-4174-4927-b7b2-68e6e7db1787,1220,5,0,,,0
main_1422,eecb5fa8-d16f-4a40-8881-4fffc0b345b1,1340,1,0,,,0
main_1422,eecb5fa8-d16f-4a40-8881-4fffc0b345b1,1340,2,0,,,0
main_1422,eecb5fa8-d16f-4a40-8881-4fffc0b345b1,1340,3,0,,,0
main_1422,eecb5fa8-d16f-4a40-8881-4fffc0b345b1,1340,4,0,,,0
main_1422,eecb5fa8-d16f-4a40-8881-4fffc0b345b1,1340,5,0,,,0
main_1422,eecb5fa8-d16f-4a40-8881-4fffc0b345b1,1340,6,0,,,0
main_1422,357172fe-31b4-4ff0-9e0a-3cbb414db1d0,961,1,1,265,value,1
main_1422,357172fe-31b4-4ff0-9e0a-3cbb414db1d0,961,2,1,578,path;code;command;word;value,1
main_1422,9ff42413-1f37-4061-a248-1bbfb7d08f50,1075,1,1,521,path;code;sha;word;value,1
main_1422,9ff42413-1f37-4061-a248-1bbfb7d08f50,1075,2,1,949,path;code;command;word,1
main_1422,9ff42413-1f37-4061-a248-1bbfb7d08f50,1075,3,1,127,,0
main_1422,9ff42413-1f37-4061-a248-1bbfb7d08f50,1075,4,1,2514,path;code;command;word;value,1
main_1422,9ff42413-1f37-4061-a248-1bbfb7d08f50,1075,5,0,,,0
main_1422,9ff42413-1f37-4061-a248-1bbfb7d08f50,1075,1100,1,686,path;code;word,1
main_1422,b0d34c04-718a-4a51-bd39-6f368eb768cc,1161,1,1,618,path;code,1
main_1422,b0d34c04-718a-4a51-bd39-6f368eb768cc,1161,2,1,170,path;code;word,1
main_1422,b0d34c04-718a-4a51-bd39-6f368eb768cc,1161,3,1,803,path;code;sha;command;word,1
main_1422,b0d34c04-718a-4a51-bd39-6f368eb768cc,1161,4,1,9,word,0
main_1422,6f7ea894-b95f-4f36-93ba-97d6d1ce3dc9,1318,1,0,,,0
main_1422,6f7ea894-b95f-4f36-93ba-97d6d1ce3dc9,1318,2,0,,,0
main_1422,6f7ea894-b95f-4f36-93ba-97d6d1ce3dc9,1318,3,0,,,0
main_1422,6f7ea894-b95f-4f36-93ba-97d6d1ce3dc9,1318,4,0,,,0
main_1422,6f7ea894-b95f-4f36-93ba-97d6d1ce3dc9,1318,5,0,,,0
main_1422,6f7ea894-b95f-4f36-93ba-97d6d1ce3dc9,1318,6,0,,,0
main_1422,6f7ea894-b95f-4f36-93ba-97d6d1ce3dc9,1318,7,0,,,0
main_1422,6f7ea894-b95f-4f36-93ba-97d6d1ce3dc9,1318,8,0,,,0
main_1422,571b7613-8d9d-4eef-b38a-a5fe3f289e9b,1333,1,1,273,path;code;value,1
main_1422,571b7613-8d9d-4eef-b38a-a5fe3f289e9b,1333,2,1,836,code;word,1
main_1422,571b7613-8d9d-4eef-b38a-a5fe3f289e9b,1333,3,1,97,word,1
main_1422,571b7613-8d9d-4eef-b38a-a5fe3f289e9b,1333,4,1,444,code,1
main_1422,571b7613-8d9d-4eef-b38a-a5fe3f289e9b,1333,5,1,416,path;code;value,1
main_1422,571b7613-8d9d-4eef-b38a-a5fe3f289e9b,1333,6,1,241,path;code;word,1
main_1422,d0176e89-f2ae-40b2-aa18-05e002018f89,1300,1,0,,,0
main_1422,d0176e89-f2ae-40b2-aa18-05e002018f89,1300,2,0,,,0
main_1422,d0176e89-f2ae-40b2-aa18-05e002018f89,1300,3,0,,,0
main_1422,d0176e89-f2ae-40b2-aa18-05e002018f89,1300,4,0,,,0
main_1422,d0176e89-f2ae-40b2-aa18-05e002018f89,1300,5,0,,,0
main_1422,da215c20-820b-4a1b-bcaa-a8327fd7f9a9,1370,1,0,,,0
main_1422,da215c20-820b-4a1b-bcaa-a8327fd7f9a9,1370,2,0,,,0
main_1422,da215c20-820b-4a1b-bcaa-a8327fd7f9a9,1370,3,0,,,0
main_1422,da215c20-820b-4a1b-bcaa-a8327fd7f9a9,1370,4,0,,,0
main_1422,1e2734f7-f5bf-4efc-9586-0ca83c8b997f,1368,1,1,321,code;word;value,1
main_1422,1e2734f7-f5bf-4efc-9586-0ca83c8b997f,1368,2,1,200,code;word;value,1
main_1422,1e2734f7-f5bf-4efc-9586-0ca83c8b997f,1368,3,1,125,word,1
main_1422,1e2734f7-f5bf-4efc-9586-0ca83c8b997f,1368,4,1,256,code;word;value,1
main_1422,e5c4ea89-17f8-4a5a-8754-d1b568b1332a,1289,1,0,,,0
main_1422,e5c4ea89-17f8-4a5a-8754-d1b568b1332a,1289,2,0,,,0
main_1422,e5c4ea89-17f8-4a5a-8754-d1b568b1332a,1289,3,0,,,0
main_1422,e5c4ea89-17f8-4a5a-8754-d1b568b1332a,1289,4,0,,,0
main_1422,e5c4ea89-17f8-4a5a-8754-d1b568b1332a,1289,5,0,,,0
main_1422,e5c4ea89-17f8-4a5a-8754-d1b568b1332a,1289,6,0,,,0
main_1422,d35d9c3f-be96-4843-9fa4-976b5d044eb3,1378,1,0,,,0
main_1422,d35d9c3f-be96-4843-9fa4-976b5d044eb3,1378,2,0,,,0
main_1422,d35d9c3f-be96-4843-9fa4-976b5d044eb3,1378,3,0,,,0
main_1422,d35d9c3f-be96-4843-9fa4-976b5d044eb3,1378,4,0,,,0
main_1422,57151b60-d708-4c4b-9edc-a37573e7909c,1369,1,1,95,value,1
main_1422,57151b60-d708-4c4b-9edc-a37573e7909c,1369,2,1,60,value,1
main_1422,57151b60-d708-4c4b-9edc-a37573e7909c,1369,3,1,136,code,1
main_1422,57151b60-d708-4c4b-9edc-a37573e7909c,1369,4,0,,,0
main_1422,ea40dfd5-af06-4794-8be9-a6d5e7e69627,1317,1,0,,,0
main_1422,ea40dfd5-af06-4794-8be9-a6d5e7e69627,1317,2,0,,,0
main_1422,ea40dfd5-af06-4794-8be9-a6d5e7e69627,1317,3,0,,,0
main_1422,ea40dfd5-af06-4794-8be9-a6d5e7e69627,1317,4,0,,,0
main_1422,ea40dfd5-af06-4794-8be9-a6d5e7e69627,1317,5,0,,,0
main_1422,ea40dfd5-af06-4794-8be9-a6d5e7e69627,1317,6,0,,,0
main_1422,ea40dfd5-af06-4794-8be9-a6d5e7e69627,1317,7,0,,,0
main_1422,ea40dfd5-af06-4794-8be9-a6d5e7e69627,1317,8,0,,,0
main_1422,726e286b-dd83-4ca6-b739-d0a42a9a4282,1371,1,1,573,path;code;word;value,1
main_1422,726e286b-dd83-4ca6-b739-d0a42a9a4282,1371,2,1,719,path;code;command;word,1
main_1422,726e286b-dd83-4ca6-b739-d0a42a9a4282,1371,3,0,,,0
main_1422,726e286b-dd83-4ca6-b739-d0a42a9a4282,1371,4,0,,,0
main_1422,c4c4405b-1348-4f83-be20-96864f3afd5d,1316,1,0,,,0
main_1422,c4c4405b-1348-4f83-be20-96864f3afd5d,1316,2,0,,,0
main_1422,c4c4405b-1348-4f83-be20-96864f3afd5d,1316,3,0,,,0
main_1422,c4c4405b-1348-4f83-be20-96864f3afd5d,1316,4,0,,,0
main_1422,c4c4405b-1348-4f83-be20-96864f3afd5d,1316,5,0,,,0
main_1422,c4c4405b-1348-4f83-be20-96864f3afd5d,1316,6,0,,,0
main_1422,c4c4405b-1348-4f83-be20-96864f3afd5d,1316,7,0,,,0
main_1422,c4c4405b-1348-4f83-be20-96864f3afd5d,1316,8,0,,,0
main_1422,c4c4405b-1348-4f83-be20-96864f3afd5d,1316,9,0,,,0
main_1422,8dcd7775-f024-41e5-931b-153b51f134e0,1290,1,0,,,0
main_1422,8dcd7775-f024-41e5-931b-153b51f134e0,1290,2,0,,,0
main_1422,8dcd7775-f024-41e5-931b-153b51f134e0,1290,3,0,,,0
main_1422,8dcd7775-f024-41e5-931b-153b51f134e0,1290,4,0,,,0
main_1422,8dcd7775-f024-41e5-931b-153b51f134e0,1290,5,0,,,0
main_1422,8dcd7775-f024-41e5-931b-153b51f134e0,1290,6,0,,,0
main_1422,eebaca9b-ebfd-4104-b22e-8091905c2951,1372,1,1,847,code;value,1
main_1422,eebaca9b-ebfd-4104-b22e-8091905c2951,1372,2,1,492,path;code;word,1
main_1422,eebaca9b-ebfd-4104-b22e-8091905c2951,1372,3,0,,,0
main_1422,eebaca9b-ebfd-4104-b22e-8091905c2951,1372,4,0,,,0
main_1422,675b888d-1532-4b4f-8a9a-6ccc80fd9fb5,1334,1,0,,,0
main_1422,675b888d-1532-4b4f-8a9a-6ccc80fd9fb5,1334,2,0,,,0
main_1422,675b888d-1532-4b4f-8a9a-6ccc80fd9fb5,1334,3,0,,,0
main_1422,675b888d-1532-4b4f-8a9a-6ccc80fd9fb5,1334,4,0,,,0
main_1422,4ea3a630-3fbb-43e1-8e03-b97274756187,1389,1,0,,,0
main_1422,4ea3a630-3fbb-43e1-8e03-b97274756187,1389,2,0,,,0
main_1422,4ea3a630-3fbb-43e1-8e03-b97274756187,1389,3,0,,,0
main_1422,4ea3a630-3fbb-43e1-8e03-b97274756187,1389,4,0,,,0
main_1422,4ea3a630-3fbb-43e1-8e03-b97274756187,1389,5,0,,,0
main_1422,50fddc19-7259-47e3-a197-f19438df7619,1425,1,0,,,0
main_1422,50fddc19-7259-47e3-a197-f19438df7619,1425,2,0,,,0
main_1422,50fddc19-7259-47e3-a197-f19438df7619,1425,3,0,,,0
main_1422,50fddc19-7259-47e3-a197-f19438df7619,1425,4,0,,,0
main_1422,ab0eed00-bdfb-4071-ba2d-966ff5a961d0,1265,1,0,,,0
main_1422,ab0eed00-bdfb-4071-ba2d-966ff5a961d0,1265,2,0,,,0
main_1422,ab0eed00-bdfb-4071-ba2d-966ff5a961d0,1265,3,0,,,0
main_1422,ab0eed00-bdfb-4071-ba2d-966ff5a961d0,1265,4,0,,,0
main_1422,3be848c0-6af6-4d0b-94d9-65f37e594fdf,1334,1,1,839,code;word,1
main_1422,3be848c0-6af6-4d0b-94d9-65f37e594fdf,1334,2,1,1480,path;code;sha;word,1
main_1422,3be848c0-6af6-4d0b-94d9-65f37e594fdf,1334,3,0,,,0
main_1422,3be848c0-6af6-4d0b-94d9-65f37e594fdf,1334,4,0,,,0
main_1422,3664fe7f-1636-4378-8b95-a17a1246ac3d,1320,1,0,,,0
main_1422,3664fe7f-1636-4378-8b95-a17a1246ac3d,1320,2,0,,,0
main_1422,3664fe7f-1636-4378-8b95-a17a1246ac3d,1320,3,0,,,0
main_1422,3664fe7f-1636-4378-8b95-a17a1246ac3d,1320,4,0,,,0
main_1422,3664fe7f-1636-4378-8b95-a17a1246ac3d,1320,5,0,,,0
main_1422,3664fe7f-1636-4378-8b95-a17a1246ac3d,1320,6,0,,,0
main_1422,3664fe7f-1636-4378-8b95-a17a1246ac3d,1320,7,0,,,0
main_1422,eb7a8859-0371-4a47-bb8e-62ce5b7eb20c,1337,1,0,,,0
main_1422,eb7a8859-0371-4a47-bb8e-62ce5b7eb20c,1337,2,0,,,0
main_1422,eb7a8859-0371-4a47-bb8e-62ce5b7eb20c,1337,3,0,,,0
main_1422,eb7a8859-0371-4a47-bb8e-62ce5b7eb20c,1337,4,0,,,0
main_1422,eb7a8859-0371-4a47-bb8e-62ce5b7eb20c,1337,5,0,,,0
main_1422,27cca522-091c-42aa-b956-3fb18754bf10,1414,1,0,,,0
main_1422,27cca522-091c-42aa-b956-3fb18754bf10,1414,2,0,,,0
main_1422,27cca522-091c-42aa-b956-3fb18754bf10,1414,3,0,,,0
main_1422,27cca522-091c-42aa-b956-3fb18754bf10,1414,4,0,,,0
main_1422,27cca522-091c-42aa-b956-3fb18754bf10,1414,5,0,,,0
main_1422,02edf3a8-1e69-443e-80b6-ce8f830a8572,724,1,0,,,0
main_1422,02edf3a8-1e69-443e-80b6-ce8f830a8572,724,2,0,,,0
main_1422,02edf3a8-1e69-443e-80b6-ce8f830a8572,724,3,0,,,0
main_1422,02edf3a8-1e69-443e-80b6-ce8f830a8572,724,4,0,,,0
main_1422,02edf3a8-1e69-443e-80b6-ce8f830a8572,724,5,0,,,0
main_1422,a38a2691-67b0-4a48-bb69-bc2c556a9634,627,1,0,,,0
main_1422,a38a2691-67b0-4a48-bb69-bc2c556a9634,627,2,0,,,0
main_1422,a38a2691-67b0-4a48-bb69-bc2c556a9634,627,3,0,,,0
main_1422,a38a2691-67b0-4a48-bb69-bc2c556a9634,627,4,0,,,0
main_1422,a38a2691-67b0-4a48-bb69-bc2c556a9634,627,5,1,221,path;command;word,1
main_1422,a38a2691-67b0-4a48-bb69-bc2c556a9634,627,6,1,94,path;word,1
main_1422,a38a2691-67b0-4a48-bb69-bc2c556a9634,627,7,1,120,word,1
main_1422,a38a2691-67b0-4a48-bb69-bc2c556a9634,627,8,1,106,path;command,1
main_1422,a38a2691-67b0-4a48-bb69-bc2c556a9634,627,9,0,,,0
main_1422,a38a2691-67b0-4a48-bb69-bc2c556a9634,627,10,0,,,0
main_1422,bea024b2-2c8b-4144-a01d-7562622489d3,1453,1,0,,,0
main_1422,bea024b2-2c8b-4144-a01d-7562622489d3,1453,2,0,,,0
main_1422,bea024b2-2c8b-4144-a01d-7562622489d3,1453,3,0,,,0
main_1422,bea024b2-2c8b-4144-a01d-7562622489d3,1453,4,0,,,0
main_1422,bea024b2-2c8b-4144-a01d-7562622489d3,1453,5,0,,,0
main_1422,bf4f66cb-794d-4ae3-8a70-62033e7722db,1454,1,0,,,0
main_1422,bf4f66cb-794d-4ae3-8a70-62033e7722db,1454,2,0,,,0
main_1422,bf4f66cb-794d-4ae3-8a70-62033e7722db,1454,3,0,,,0
main_1422,bf4f66cb-794d-4ae3-8a70-62033e7722db,1454,4,0,,,0
main_1422,bf4f66cb-794d-4ae3-8a70-62033e7722db,1454,5,0,,,0
main_1422,16257d7f-bd59-4e75-a397-4c2395f7b503,1412,1,0,,,0
main_1422,16257d7f-bd59-4e75-a397-4c2395f7b503,1412,2,0,,,0
main_1422,16257d7f-bd59-4e75-a397-4c2395f7b503,1412,3,0,,,0
main_1422,16257d7f-bd59-4e75-a397-4c2395f7b503,1412,4,0,,,0
main_1422,16257d7f-bd59-4e75-a397-4c2395f7b503,1412,5,0,,,0
main_1422,2dc57acb-b40c-46d5-a47d-6730f2de127d,1413,1,0,,,0
main_1422,2dc57acb-b40c-46d5-a47d-6730f2de127d,1413,2,0,,,0
main_1422,2dc57acb-b40c-46d5-a47d-6730f2de127d,1413,3,0,,,0
main_1422,2dc57acb-b40c-46d5-a47d-6730f2de127d,1413,4,0,,,0
main_1422,2dc57acb-b40c-46d5-a47d-6730f2de127d,1413,5,0,,,0
main_1422,e29f2da8-612f-476c-881e-bf60f88ad1d4,1456,1,0,,,0
main_1422,e29f2da8-612f-476c-881e-bf60f88ad1d4,1456,2,0,,,0
main_1422,e29f2da8-612f-476c-881e-bf60f88ad1d4,1456,3,0,,,0
main_1422,e29f2da8-612f-476c-881e-bf60f88ad1d4,1456,4,0,,,0
main_1422,e29f2da8-612f-476c-881e-bf60f88ad1d4,1456,5,0,,,0
main_1422,b40dbc9d-eb8f-4ae6-b66d-5035e397b29a,1416,1,0,,,0
main_1422,b40dbc9d-eb8f-4ae6-b66d-5035e397b29a,1416,2,0,,,0
main_1422,b40dbc9d-eb8f-4ae6-b66d-5035e397b29a,1416,3,0,,,0
main_1422,b40dbc9d-eb8f-4ae6-b66d-5035e397b29a,1416,4,0,,,0
main_1422,c77e93d4-1d71-4920-aa5b-098b9f4deaa0,1455,1,1,177,path;code,1
main_1422,c77e93d4-1d71-4920-aa5b-098b9f4deaa0,1455,2,1,257,path;code,1
main_1422,c77e93d4-1d71-4920-aa5b-098b9f4deaa0,1455,3,1,231,code,1
main_1422,c77e93d4-1d71-4920-aa5b-098b9f4deaa0,1455,4,1,283,code;value,1
main_1422,8333d781-27b3-4c57-8381-8ded6a925988,1415,1,0,,,0
main_1422,8333d781-27b3-4c57-8381-8ded6a925988,1415,2,0,,,0
main_1422,8333d781-27b3-4c57-8381-8ded6a925988,1415,3,0,,,0
main_1422,8333d781-27b3-4c57-8381-8ded6a925988,1415,4,0,,,0
main_1422,8333d781-27b3-4c57-8381-8ded6a925988,1415,5,0,,,0
main_1422,93222d22-2a7e-48ca-9bc1-a6de8fe6442e,1458,1,0,,,0
main_1422,93222d22-2a7e-48ca-9bc1-a6de8fe6442e,1458,2,0,,,0
main_1422,93222d22-2a7e-48ca-9bc1-a6de8fe6442e,1458,3,0,,,0
main_1422,93222d22-2a7e-48ca-9bc1-a6de8fe6442e,1458,4,0,,,0
main_1422,93222d22-2a7e-48ca-9bc1-a6de8fe6442e,1458,5,0,,,0
main_1422,93222d22-2a7e-48ca-9bc1-a6de8fe6442e,1458,6,0,,,0
main_1422,78bdfc9c-5ed5-4e4b-a6aa-b36b6a2ae139,1391,1,1,501,path;code,1
main_1422,78bdfc9c-5ed5-4e4b-a6aa-b36b6a2ae139,1391,2,1,556,code;word;value,1
main_1422,78bdfc9c-5ed5-4e4b-a6aa-b36b6a2ae139,1391,3,0,,,0
main_1422,78bdfc9c-5ed5-4e4b-a6aa-b36b6a2ae139,1391,4,0,,,0
main_1422,85a5328f-55a7-4b99-9b1c-486d434c8484,1466,1,0,,,0
main_1422,85a5328f-55a7-4b99-9b1c-486d434c8484,1466,2,0,,,0
main_1422,85a5328f-55a7-4b99-9b1c-486d434c8484,1466,3,0,,,0
main_1422,85a5328f-55a7-4b99-9b1c-486d434c8484,1466,4,0,,,0
main_1422,85a5328f-55a7-4b99-9b1c-486d434c8484,1466,5,0,,,0
main_1422,3f479771-2896-49b9-9512-1aeed8b5a93b,1392,1,0,,,0
main_1422,3f479771-2896-49b9-9512-1aeed8b5a93b,1392,2,0,,,0
main_1422,3f479771-2896-49b9-9512-1aeed8b5a93b,1392,3,0,,,0
main_1422,3f479771-2896-49b9-9512-1aeed8b5a93b,1392,4,0,,,0
main_1422,3f479771-2896-49b9-9512-1aeed8b5a93b,1392,5,0,,,0
main_1422,3f479771-2896-49b9-9512-1aeed8b5a93b,1392,6,0,,,0
main_1422,3f479771-2896-49b9-9512-1aeed8b5a93b,1392,7,0,,,0
main_1422,710ace0e-4fa5-419a-b72e-54667dc5c83d,1335,1,0,,,0
main_1422,710ace0e-4fa5-419a-b72e-54667dc5c83d,1335,2,0,,,0
main_1422,710ace0e-4fa5-419a-b72e-54667dc5c83d,1335,3,0,,,0
main_1422,710ace0e-4fa5-419a-b72e-54667dc5c83d,1335,4,0,,,0
main_1422,96f427d4-ea6b-4dec-85b8-07357c18b94f,1284,1,0,,,0
main_1422,96f427d4-ea6b-4dec-85b8-07357c18b94f,1284,2,0,,,0
main_1422,96f427d4-ea6b-4dec-85b8-07357c18b94f,1284,3,0,,,0
main_1422,96f427d4-ea6b-4dec-85b8-07357c18b94f,1284,4,0,,,0
main_1422,92fe42cf-9776-4804-b3f4-8f6f856d48fc,1288,1,0,,,0
main_1422,92fe42cf-9776-4804-b3f4-8f6f856d48fc,1288,2,0,,,0
main_1422,92fe42cf-9776-4804-b3f4-8f6f856d48fc,1288,3,0,,,0
main_1422,92fe42cf-9776-4804-b3f4-8f6f856d48fc,1288,4,0,,,0
main_1422,92fe42cf-9776-4804-b3f4-8f6f856d48fc,1288,5,0,,,0
main_1422,8cf5ae79-9fde-4b98-a4fe-d38360ae379c,1319,1,0,,,0
main_1422,8cf5ae79-9fde-4b98-a4fe-d38360ae379c,1319,2,0,,,0
main_1422,8cf5ae79-9fde-4b98-a4fe-d38360ae379c,1319,3,0,,,0
main_1422,8cf5ae79-9fde-4b98-a4fe-d38360ae379c,1319,4,0,,,0
main_1422,8cf5ae79-9fde-4b98-a4fe-d38360ae379c,1319,5,0,,,0
main_1422,8cf5ae79-9fde-4b98-a4fe-d38360ae379c,1319,6,0,,,0
main_1422,8cf5ae79-9fde-4b98-a4fe-d38360ae379c,1319,7,0,,,0
main_before_0805,732f927d-1fd4-488e-9d19-52e4e23b79d0,1200,1,1,23,,0
main_before_0805,732f927d-1fd4-488e-9d19-52e4e23b79d0,1200,2,0,,,0
main_before_0805,732f927d-1fd4-488e-9d19-52e4e23b79d0,1200,3,1,632,code;sha;value,1
main_before_0805,732f927d-1fd4-488e-9d19-52e4e23b79d0,1200,4,0,,,0
main_before_0805,4e133ab6-4174-4927-b7b2-68e6e7db1787,1220,1,0,,,0
main_before_0805,4e133ab6-4174-4927-b7b2-68e6e7db1787,1220,2,0,,,0
main_before_0805,4e133ab6-4174-4927-b7b2-68e6e7db1787,1220,3,0,,,0
main_before_0805,4e133ab6-4174-4927-b7b2-68e6e7db1787,1220,4,0,,,0
main_before_0805,4e133ab6-4174-4927-b7b2-68e6e7db1787,1220,5,0,,,0
main_before_0805,eecb5fa8-d16f-4a40-8881-4fffc0b345b1,1340,1,0,,,0
main_before_0805,eecb5fa8-d16f-4a40-8881-4fffc0b345b1,1340,2,0,,,0
main_before_0805,eecb5fa8-d16f-4a40-8881-4fffc0b345b1,1340,3,0,,,0
main_before_0805,eecb5fa8-d16f-4a40-8881-4fffc0b345b1,1340,4,0,,,0
main_before_0805,eecb5fa8-d16f-4a40-8881-4fffc0b345b1,1340,5,0,,,0
main_before_0805,eecb5fa8-d16f-4a40-8881-4fffc0b345b1,1340,6,0,,,0
main_before_0805,357172fe-31b4-4ff0-9e0a-3cbb414db1d0,961,1,1,265,value,1
main_before_0805,357172fe-31b4-4ff0-9e0a-3cbb414db1d0,961,2,1,578,path;code;command;word;value,1
main_before_0805,9ff42413-1f37-4061-a248-1bbfb7d08f50,1075,1,1,521,path;code;sha;word;value,1
main_before_0805,9ff42413-1f37-4061-a248-1bbfb7d08f50,1075,2,1,949,path;code;command;word,1
main_before_0805,9ff42413-1f37-4061-a248-1bbfb7d08f50,1075,3,1,127,,0
main_before_0805,9ff42413-1f37-4061-a248-1bbfb7d08f50,1075,4,1,2514,path;code;command;word;value,1
main_before_0805,9ff42413-1f37-4061-a248-1bbfb7d08f50,1075,5,0,,,0
main_before_0805,9ff42413-1f37-4061-a248-1bbfb7d08f50,1075,1100,1,686,path;code;word,1
main_after_0805,b0d34c04-718a-4a51-bd39-6f368eb768cc,1161,1,1,618,path;code,1
main_after_0805,b0d34c04-718a-4a51-bd39-6f368eb768cc,1161,2,1,170,path;code;word,1
main_after_0805,b0d34c04-718a-4a51-bd39-6f368eb768cc,1161,3,1,803,path;code;sha;command;word,1
main_after_0805,b0d34c04-718a-4a51-bd39-6f368eb768cc,1161,4,1,9,word,0
main_after_0805,6f7ea894-b95f-4f36-93ba-97d6d1ce3dc9,1318,1,0,,,0
main_after_0805,6f7ea894-b95f-4f36-93ba-97d6d1ce3dc9,1318,2,0,,,0
main_after_0805,6f7ea894-b95f-4f36-93ba-97d6d1ce3dc9,1318,3,0,,,0
main_after_0805,6f7ea894-b95f-4f36-93ba-97d6d1ce3dc9,1318,4,0,,,0
main_after_0805,6f7ea894-b95f-4f36-93ba-97d6d1ce3dc9,1318,5,0,,,0
main_after_0805,6f7ea894-b95f-4f36-93ba-97d6d1ce3dc9,1318,6,0,,,0
main_after_0805,6f7ea894-b95f-4f36-93ba-97d6d1ce3dc9,1318,7,0,,,0
main_after_0805,6f7ea894-b95f-4f36-93ba-97d6d1ce3dc9,1318,8,0,,,0
main_after_0805,571b7613-8d9d-4eef-b38a-a5fe3f289e9b,1333,1,1,273,path;code;value,1
main_after_0805,571b7613-8d9d-4eef-b38a-a5fe3f289e9b,1333,2,1,836,code;word,1
main_after_0805,571b7613-8d9d-4eef-b38a-a5fe3f289e9b,1333,3,1,97,word,1
main_after_0805,571b7613-8d9d-4eef-b38a-a5fe3f289e9b,1333,4,1,444,code,1
main_after_0805,571b7613-8d9d-4eef-b38a-a5fe3f289e9b,1333,5,1,416,path;code;value,1
main_after_0805,571b7613-8d9d-4eef-b38a-a5fe3f289e9b,1333,6,1,241,path;code;word,1
main_after_0805,d0176e89-f2ae-40b2-aa18-05e002018f89,1300,1,0,,,0
main_after_0805,d0176e89-f2ae-40b2-aa18-05e002018f89,1300,2,0,,,0
main_after_0805,d0176e89-f2ae-40b2-aa18-05e002018f89,1300,3,0,,,0
main_after_0805,d0176e89-f2ae-40b2-aa18-05e002018f89,1300,4,0,,,0
main_after_0805,d0176e89-f2ae-40b2-aa18-05e002018f89,1300,5,0,,,0
main_after_0805,da215c20-820b-4a1b-bcaa-a8327fd7f9a9,1370,1,0,,,0
main_after_0805,da215c20-820b-4a1b-bcaa-a8327fd7f9a9,1370,2,0,,,0
main_after_0805,da215c20-820b-4a1b-bcaa-a8327fd7f9a9,1370,3,0,,,0
main_after_0805,da215c20-820b-4a1b-bcaa-a8327fd7f9a9,1370,4,0,,,0
main_after_0805,1e2734f7-f5bf-4efc-9586-0ca83c8b997f,1368,1,1,321,code;word;value,1
main_after_0805,1e2734f7-f5bf-4efc-9586-0ca83c8b997f,1368,2,1,200,code;word;value,1
main_after_0805,1e2734f7-f5bf-4efc-9586-0ca83c8b997f,1368,3,1,125,word,1
main_after_0805,1e2734f7-f5bf-4efc-9586-0ca83c8b997f,1368,4,1,256,code;word;value,1
main_after_0805,e5c4ea89-17f8-4a5a-8754-d1b568b1332a,1289,1,0,,,0
main_after_0805,e5c4ea89-17f8-4a5a-8754-d1b568b1332a,1289,2,0,,,0
main_after_0805,e5c4ea89-17f8-4a5a-8754-d1b568b1332a,1289,3,0,,,0
main_after_0805,e5c4ea89-17f8-4a5a-8754-d1b568b1332a,1289,4,0,,,0
main_after_0805,e5c4ea89-17f8-4a5a-8754-d1b568b1332a,1289,5,0,,,0
main_after_0805,e5c4ea89-17f8-4a5a-8754-d1b568b1332a,1289,6,0,,,0
main_after_0805,d35d9c3f-be96-4843-9fa4-976b5d044eb3,1378,1,0,,,0
main_after_0805,d35d9c3f-be96-4843-9fa4-976b5d044eb3,1378,2,0,,,0
main_after_0805,d35d9c3f-be96-4843-9fa4-976b5d044eb3,1378,3,0,,,0
main_after_0805,d35d9c3f-be96-4843-9fa4-976b5d044eb3,1378,4,0,,,0
main_after_0805,57151b60-d708-4c4b-9edc-a37573e7909c,1369,1,1,95,value,1
main_after_0805,57151b60-d708-4c4b-9edc-a37573e7909c,1369,2,1,60,value,1
main_after_0805,57151b60-d708-4c4b-9edc-a37573e7909c,1369,3,1,136,code,1
main_after_0805,57151b60-d708-4c4b-9edc-a37573e7909c,1369,4,0,,,0
main_after_0805,ea40dfd5-af06-4794-8be9-a6d5e7e69627,1317,1,0,,,0
main_after_0805,ea40dfd5-af06-4794-8be9-a6d5e7e69627,1317,2,0,,,0
main_after_0805,ea40dfd5-af06-4794-8be9-a6d5e7e69627,1317,3,0,,,0
main_after_0805,ea40dfd5-af06-4794-8be9-a6d5e7e69627,1317,4,0,,,0
main_after_0805,ea40dfd5-af06-4794-8be9-a6d5e7e69627,1317,5,0,,,0
main_after_0805,ea40dfd5-af06-4794-8be9-a6d5e7e69627,1317,6,0,,,0
main_after_0805,ea40dfd5-af06-4794-8be9-a6d5e7e69627,1317,7,0,,,0
main_after_0805,ea40dfd5-af06-4794-8be9-a6d5e7e69627,1317,8,0,,,0
main_after_0805,726e286b-dd83-4ca6-b739-d0a42a9a4282,1371,1,1,573,path;code;word;value,1
main_after_0805,726e286b-dd83-4ca6-b739-d0a42a9a4282,1371,2,1,719,path;code;command;word,1
main_after_0805,726e286b-dd83-4ca6-b739-d0a42a9a4282,1371,3,0,,,0
main_after_0805,726e286b-dd83-4ca6-b739-d0a42a9a4282,1371,4,0,,,0
main_after_0805,c4c4405b-1348-4f83-be20-96864f3afd5d,1316,1,0,,,0
main_after_0805,c4c4405b-1348-4f83-be20-96864f3afd5d,1316,2,0,,,0
main_after_0805,c4c4405b-1348-4f83-be20-96864f3afd5d,1316,3,0,,,0
main_after_0805,c4c4405b-1348-4f83-be20-96864f3afd5d,1316,4,0,,,0
main_after_0805,c4c4405b-1348-4f83-be20-96864f3afd5d,1316,5,0,,,0
main_after_0805,c4c4405b-1348-4f83-be20-96864f3afd5d,1316,6,0,,,0
main_after_0805,c4c4405b-1348-4f83-be20-96864f3afd5d,1316,7,0,,,0
main_after_0805,c4c4405b-1348-4f83-be20-96864f3afd5d,1316,8,0,,,0
main_after_0805,c4c4405b-1348-4f83-be20-96864f3afd5d,1316,9,0,,,0
main_after_0805,8dcd7775-f024-41e5-931b-153b51f134e0,1290,1,0,,,0
main_after_0805,8dcd7775-f024-41e5-931b-153b51f134e0,1290,2,0,,,0
main_after_0805,8dcd7775-f024-41e5-931b-153b51f134e0,1290,3,0,,,0
main_after_0805,8dcd7775-f024-41e5-931b-153b51f134e0,1290,4,0,,,0
main_after_0805,8dcd7775-f024-41e5-931b-153b51f134e0,1290,5,0,,,0
main_after_0805,8dcd7775-f024-41e5-931b-153b51f134e0,1290,6,0,,,0
main_after_0805,eebaca9b-ebfd-4104-b22e-8091905c2951,1372,1,1,847,code;value,1
main_after_0805,eebaca9b-ebfd-4104-b22e-8091905c2951,1372,2,1,492,path;code;word,1
main_after_0805,eebaca9b-ebfd-4104-b22e-8091905c2951,1372,3,0,,,0
main_after_0805,eebaca9b-ebfd-4104-b22e-8091905c2951,1372,4,0,,,0
main_after_0805,675b888d-1532-4b4f-8a9a-6ccc80fd9fb5,1334,1,0,,,0
main_after_0805,675b888d-1532-4b4f-8a9a-6ccc80fd9fb5,1334,2,0,,,0
main_after_0805,675b888d-1532-4b4f-8a9a-6ccc80fd9fb5,1334,3,0,,,0
main_after_0805,675b888d-1532-4b4f-8a9a-6ccc80fd9fb5,1334,4,0,,,0
main_after_0805,4ea3a630-3fbb-43e1-8e03-b97274756187,1389,1,0,,,0
main_after_0805,4ea3a630-3fbb-43e1-8e03-b97274756187,1389,2,0,,,0
main_after_0805,4ea3a630-3fbb-43e1-8e03-b97274756187,1389,3,0,,,0
main_after_0805,4ea3a630-3fbb-43e1-8e03-b97274756187,1389,4,0,,,0
main_after_0805,4ea3a630-3fbb-43e1-8e03-b97274756187,1389,5,0,,,0
main_after_0805,50fddc19-7259-47e3-a197-f19438df7619,1425,1,0,,,0
main_after_0805,50fddc19-7259-47e3-a197-f19438df7619,1425,2,0,,,0
main_after_0805,50fddc19-7259-47e3-a197-f19438df7619,1425,3,0,,,0
main_after_0805,50fddc19-7259-47e3-a197-f19438df7619,1425,4,0,,,0
main_after_0805,ab0eed00-bdfb-4071-ba2d-966ff5a961d0,1265,1,0,,,0
main_after_0805,ab0eed00-bdfb-4071-ba2d-966ff5a961d0,1265,2,0,,,0
main_after_0805,ab0eed00-bdfb-4071-ba2d-966ff5a961d0,1265,3,0,,,0
main_after_0805,ab0eed00-bdfb-4071-ba2d-966ff5a961d0,1265,4,0,,,0
main_after_0805,3be848c0-6af6-4d0b-94d9-65f37e594fdf,1334,1,1,839,code;word,1
main_after_0805,3be848c0-6af6-4d0b-94d9-65f37e594fdf,1334,2,1,1480,path;code;sha;word,1
main_after_0805,3be848c0-6af6-4d0b-94d9-65f37e594fdf,1334,3,0,,,0
main_after_0805,3be848c0-6af6-4d0b-94d9-65f37e594fdf,1334,4,0,,,0
main_after_0805,3664fe7f-1636-4378-8b95-a17a1246ac3d,1320,1,0,,,0
main_after_0805,3664fe7f-1636-4378-8b95-a17a1246ac3d,1320,2,0,,,0
main_after_0805,3664fe7f-1636-4378-8b95-a17a1246ac3d,1320,3,0,,,0
main_after_0805,3664fe7f-1636-4378-8b95-a17a1246ac3d,1320,4,0,,,0
main_after_0805,3664fe7f-1636-4378-8b95-a17a1246ac3d,1320,5,0,,,0
main_after_0805,3664fe7f-1636-4378-8b95-a17a1246ac3d,1320,6,0,,,0
main_after_0805,3664fe7f-1636-4378-8b95-a17a1246ac3d,1320,7,0,,,0
main_after_0805,eb7a8859-0371-4a47-bb8e-62ce5b7eb20c,1337,1,0,,,0
main_after_0805,eb7a8859-0371-4a47-bb8e-62ce5b7eb20c,1337,2,0,,,0
main_after_0805,eb7a8859-0371-4a47-bb8e-62ce5b7eb20c,1337,3,0,,,0
main_after_0805,eb7a8859-0371-4a47-bb8e-62ce5b7eb20c,1337,4,0,,,0
main_after_0805,eb7a8859-0371-4a47-bb8e-62ce5b7eb20c,1337,5,0,,,0
main_after_0805,27cca522-091c-42aa-b956-3fb18754bf10,1414,1,0,,,0
main_after_0805,27cca522-091c-42aa-b956-3fb18754bf10,1414,2,0,,,0
main_after_0805,27cca522-091c-42aa-b956-3fb18754bf10,1414,3,0,,,0
main_after_0805,27cca522-091c-42aa-b956-3fb18754bf10,1414,4,0,,,0
main_after_0805,27cca522-091c-42aa-b956-3fb18754bf10,1414,5,0,,,0
main_after_0805,02edf3a8-1e69-443e-80b6-ce8f830a8572,724,1,0,,,0
main_after_0805,02edf3a8-1e69-443e-80b6-ce8f830a8572,724,2,0,,,0
main_after_0805,02edf3a8-1e69-443e-80b6-ce8f830a8572,724,3,0,,,0
main_after_0805,02edf3a8-1e69-443e-80b6-ce8f830a8572,724,4,0,,,0
main_after_0805,02edf3a8-1e69-443e-80b6-ce8f830a8572,724,5,0,,,0
main_after_0805,a38a2691-67b0-4a48-bb69-bc2c556a9634,627,1,0,,,0
main_after_0805,a38a2691-67b0-4a48-bb69-bc2c556a9634,627,2,0,,,0
main_after_0805,a38a2691-67b0-4a48-bb69-bc2c556a9634,627,3,0,,,0
main_after_0805,a38a2691-67b0-4a48-bb69-bc2c556a9634,627,4,0,,,0
main_after_0805,a38a2691-67b0-4a48-bb69-bc2c556a9634,627,5,1,221,path;command;word,1
main_after_0805,a38a2691-67b0-4a48-bb69-bc2c556a9634,627,6,1,94,path;word,1
main_after_0805,a38a2691-67b0-4a48-bb69-bc2c556a9634,627,7,1,120,word,1
main_after_0805,a38a2691-67b0-4a48-bb69-bc2c556a9634,627,8,1,106,path;command,1
main_after_0805,a38a2691-67b0-4a48-bb69-bc2c556a9634,627,9,0,,,0
main_after_0805,a38a2691-67b0-4a48-bb69-bc2c556a9634,627,10,0,,,0
main_after_0805,bea024b2-2c8b-4144-a01d-7562622489d3,1453,1,0,,,0
main_after_0805,bea024b2-2c8b-4144-a01d-7562622489d3,1453,2,0,,,0
main_after_0805,bea024b2-2c8b-4144-a01d-7562622489d3,1453,3,0,,,0
main_after_0805,bea024b2-2c8b-4144-a01d-7562622489d3,1453,4,0,,,0
main_after_0805,bea024b2-2c8b-4144-a01d-7562622489d3,1453,5,0,,,0
main_after_0805,bf4f66cb-794d-4ae3-8a70-62033e7722db,1454,1,0,,,0
main_after_0805,bf4f66cb-794d-4ae3-8a70-62033e7722db,1454,2,0,,,0
main_after_0805,bf4f66cb-794d-4ae3-8a70-62033e7722db,1454,3,0,,,0
main_after_0805,bf4f66cb-794d-4ae3-8a70-62033e7722db,1454,4,0,,,0
main_after_0805,bf4f66cb-794d-4ae3-8a70-62033e7722db,1454,5,0,,,0
main_after_0805,16257d7f-bd59-4e75-a397-4c2395f7b503,1412,1,0,,,0
main_after_0805,16257d7f-bd59-4e75-a397-4c2395f7b503,1412,2,0,,,0
main_after_0805,16257d7f-bd59-4e75-a397-4c2395f7b503,1412,3,0,,,0
main_after_0805,16257d7f-bd59-4e75-a397-4c2395f7b503,1412,4,0,,,0
main_after_0805,16257d7f-bd59-4e75-a397-4c2395f7b503,1412,5,0,,,0
main_after_0805,2dc57acb-b40c-46d5-a47d-6730f2de127d,1413,1,0,,,0
main_after_0805,2dc57acb-b40c-46d5-a47d-6730f2de127d,1413,2,0,,,0
main_after_0805,2dc57acb-b40c-46d5-a47d-6730f2de127d,1413,3,0,,,0
main_after_0805,2dc57acb-b40c-46d5-a47d-6730f2de127d,1413,4,0,,,0
main_after_0805,2dc57acb-b40c-46d5-a47d-6730f2de127d,1413,5,0,,,0
main_after_0805,e29f2da8-612f-476c-881e-bf60f88ad1d4,1456,1,0,,,0
main_after_0805,e29f2da8-612f-476c-881e-bf60f88ad1d4,1456,2,0,,,0
main_after_0805,e29f2da8-612f-476c-881e-bf60f88ad1d4,1456,3,0,,,0
main_after_0805,e29f2da8-612f-476c-881e-bf60f88ad1d4,1456,4,0,,,0
main_after_0805,e29f2da8-612f-476c-881e-bf60f88ad1d4,1456,5,0,,,0
main_after_0805,b40dbc9d-eb8f-4ae6-b66d-5035e397b29a,1416,1,0,,,0
main_after_0805,b40dbc9d-eb8f-4ae6-b66d-5035e397b29a,1416,2,0,,,0
main_after_0805,b40dbc9d-eb8f-4ae6-b66d-5035e397b29a,1416,3,0,,,0
main_after_0805,b40dbc9d-eb8f-4ae6-b66d-5035e397b29a,1416,4,0,,,0
main_after_0805,c77e93d4-1d71-4920-aa5b-098b9f4deaa0,1455,1,1,177,path;code,1
main_after_0805,c77e93d4-1d71-4920-aa5b-098b9f4deaa0,1455,2,1,257,path;code,1
main_after_0805,c77e93d4-1d71-4920-aa5b-098b9f4deaa0,1455,3,1,231,code,1
main_after_0805,c77e93d4-1d71-4920-aa5b-098b9f4deaa0,1455,4,1,283,code;value,1
main_after_0805,8333d781-27b3-4c57-8381-8ded6a925988,1415,1,0,,,0
main_after_0805,8333d781-27b3-4c57-8381-8ded6a925988,1415,2,0,,,0
main_after_0805,8333d781-27b3-4c57-8381-8ded6a925988,1415,3,0,,,0
main_after_0805,8333d781-27b3-4c57-8381-8ded6a925988,1415,4,0,,,0
main_after_0805,8333d781-27b3-4c57-8381-8ded6a925988,1415,5,0,,,0
main_after_0805,93222d22-2a7e-48ca-9bc1-a6de8fe6442e,1458,1,0,,,0
main_after_0805,93222d22-2a7e-48ca-9bc1-a6de8fe6442e,1458,2,0,,,0
main_after_0805,93222d22-2a7e-48ca-9bc1-a6de8fe6442e,1458,3,0,,,0
main_after_0805,93222d22-2a7e-48ca-9bc1-a6de8fe6442e,1458,4,0,,,0
main_after_0805,93222d22-2a7e-48ca-9bc1-a6de8fe6442e,1458,5,0,,,0
main_after_0805,93222d22-2a7e-48ca-9bc1-a6de8fe6442e,1458,6,0,,,0
main_after_0805,78bdfc9c-5ed5-4e4b-a6aa-b36b6a2ae139,1391,1,1,501,path;code,1
main_after_0805,78bdfc9c-5ed5-4e4b-a6aa-b36b6a2ae139,1391,2,1,556,code;word;value,1
main_after_0805,78bdfc9c-5ed5-4e4b-a6aa-b36b6a2ae139,1391,3,0,,,0
main_after_0805,78bdfc9c-5ed5-4e4b-a6aa-b36b6a2ae139,1391,4,0,,,0
main_after_0805,85a5328f-55a7-4b99-9b1c-486d434c8484,1466,1,0,,,0
main_after_0805,85a5328f-55a7-4b99-9b1c-486d434c8484,1466,2,0,,,0
main_after_0805,85a5328f-55a7-4b99-9b1c-486d434c8484,1466,3,0,,,0
main_after_0805,85a5328f-55a7-4b99-9b1c-486d434c8484,1466,4,0,,,0
main_after_0805,85a5328f-55a7-4b99-9b1c-486d434c8484,1466,5,0,,,0
main_after_0805,3f479771-2896-49b9-9512-1aeed8b5a93b,1392,1,0,,,0
main_after_0805,3f479771-2896-49b9-9512-1aeed8b5a93b,1392,2,0,,,0
main_after_0805,3f479771-2896-49b9-9512-1aeed8b5a93b,1392,3,0,,,0
main_after_0805,3f479771-2896-49b9-9512-1aeed8b5a93b,1392,4,0,,,0
main_after_0805,3f479771-2896-49b9-9512-1aeed8b5a93b,1392,5,0,,,0
main_after_0805,3f479771-2896-49b9-9512-1aeed8b5a93b,1392,6,0,,,0
main_after_0805,3f479771-2896-49b9-9512-1aeed8b5a93b,1392,7,0,,,0
main_after_0805,710ace0e-4fa5-419a-b72e-54667dc5c83d,1335,1,0,,,0
main_after_0805,710ace0e-4fa5-419a-b72e-54667dc5c83d,1335,2,0,,,0
main_after_0805,710ace0e-4fa5-419a-b72e-54667dc5c83d,1335,3,0,,,0
main_after_0805,710ace0e-4fa5-419a-b72e-54667dc5c83d,1335,4,0,,,0
main_after_0805,96f427d4-ea6b-4dec-85b8-07357c18b94f,1284,1,0,,,0
main_after_0805,96f427d4-ea6b-4dec-85b8-07357c18b94f,1284,2,0,,,0
main_after_0805,96f427d4-ea6b-4dec-85b8-07357c18b94f,1284,3,0,,,0
main_after_0805,96f427d4-ea6b-4dec-85b8-07357c18b94f,1284,4,0,,,0
main_after_0805,92fe42cf-9776-4804-b3f4-8f6f856d48fc,1288,1,0,,,0
main_after_0805,92fe42cf-9776-4804-b3f4-8f6f856d48fc,1288,2,0,,,0
main_after_0805,92fe42cf-9776-4804-b3f4-8f6f856d48fc,1288,3,0,,,0
main_after_0805,92fe42cf-9776-4804-b3f4-8f6f856d48fc,1288,4,0,,,0
main_after_0805,92fe42cf-9776-4804-b3f4-8f6f856d48fc,1288,5,0,,,0
main_after_0805,8cf5ae79-9fde-4b98-a4fe-d38360ae379c,1319,1,0,,,0
main_after_0805,8cf5ae79-9fde-4b98-a4fe-d38360ae379c,1319,2,0,,,0
main_after_0805,8cf5ae79-9fde-4b98-a4fe-d38360ae379c,1319,3,0,,,0
main_after_0805,8cf5ae79-9fde-4b98-a4fe-d38360ae379c,1319,4,0,,,0
main_after_0805,8cf5ae79-9fde-4b98-a4fe-d38360ae379c,1319,5,0,,,0
main_after_0805,8cf5ae79-9fde-4b98-a4fe-d38360ae379c,1319,6,0,,,0
main_after_0805,8cf5ae79-9fde-4b98-a4fe-d38360ae379c,1319,7,0,,,0
main_after_0805,d0e77030-796a-44d6-b3e8-cc584cf2b2be,1420,1,1,290,path;word;value,1
main_after_0805,d0e77030-796a-44d6-b3e8-cc584cf2b2be,1420,2,1,566,path;code;word,1
main_after_0805,d0e77030-796a-44d6-b3e8-cc584cf2b2be,1420,3,1,255,code;command;word,1
main_after_0805,d0e77030-796a-44d6-b3e8-cc584cf2b2be,1420,4,1,102,code;word,1
main_after_0805,d0e77030-796a-44d6-b3e8-cc584cf2b2be,1420,5,1,219,path;code;word,1
main_after_0805,d0e77030-796a-44d6-b3e8-cc584cf2b2be,1420,6,1,109,path;word,1
reference,e12b273b-bd01-4f92-b1d0-7c9efaca9879,1028,1,0,,,0
reference,e12b273b-bd01-4f92-b1d0-7c9efaca9879,1028,2,0,,,0
reference,e12b273b-bd01-4f92-b1d0-7c9efaca9879,1028,3,0,,,0
reference,e12b273b-bd01-4f92-b1d0-7c9efaca9879,1028,4,0,,,0
reference,e12b273b-bd01-4f92-b1d0-7c9efaca9879,1028,5,0,,,0
reference,e12b273b-bd01-4f92-b1d0-7c9efaca9879,1028,6,0,,,0
reference,9102561c-0e3c-475e-81b6-1ed97a81d01b,979,1,0,,,0
reference,9102561c-0e3c-475e-81b6-1ed97a81d01b,979,2,0,,,0
reference,9102561c-0e3c-475e-81b6-1ed97a81d01b,979,3,0,,,0
reference,9102561c-0e3c-475e-81b6-1ed97a81d01b,979,4,0,,,0
reference,546a4be5-f6db-42b0-b03c-6a9a5490d730,883,1,0,,,0
reference,546a4be5-f6db-42b0-b03c-6a9a5490d730,883,2,0,,,0
reference,546a4be5-f6db-42b0-b03c-6a9a5490d730,883,3,0,,,0
reference,546a4be5-f6db-42b0-b03c-6a9a5490d730,883,4,0,,,0
reference,546a4be5-f6db-42b0-b03c-6a9a5490d730,883,5,0,,,0
reference,d0d9ee5b-afc9-471b-9b77-7db41d095529,1222,1,1,206,path;command;word,1
reference,d0d9ee5b-afc9-471b-9b77-7db41d095529,1222,2,1,97,,0
reference,d0d9ee5b-afc9-471b-9b77-7db41d095529,1222,3,1,144,path,1
reference,d0d9ee5b-afc9-471b-9b77-7db41d095529,1222,4,1,154,path;code;word,1
reference,b65138e4-7ffd-46c0-8a72-35788a264755,1228,1,0,,,0
reference,b65138e4-7ffd-46c0-8a72-35788a264755,1228,2,0,,,0
reference,b65138e4-7ffd-46c0-8a72-35788a264755,1228,3,0,,,0
reference,afb456dc-1472-4f88-ac9d-508119fbcd76,1115,1,0,,,0
reference,afb456dc-1472-4f88-ac9d-508119fbcd76,1115,2,0,,,0
reference,afb456dc-1472-4f88-ac9d-508119fbcd76,1115,3,0,,,0
reference,afb456dc-1472-4f88-ac9d-508119fbcd76,1115,4,0,,,0
reference,a0ccef76-40ec-47b4-bb72-89dad4a9df51,1079,1,1,155,code,1
reference,a0ccef76-40ec-47b4-bb72-89dad4a9df51,1079,2,1,164,code,1
reference,a0ccef76-40ec-47b4-bb72-89dad4a9df51,1079,3,1,255,path;code;word;value,1
reference,a0ccef76-40ec-47b4-bb72-89dad4a9df51,1079,4,0,,,0
reference,a0ccef76-40ec-47b4-bb72-89dad4a9df51,1079,5,1,424,path;code;word;value,1
reference,0a24b223-3b73-4f1e-a311-6470329ac8e0,1184,1,0,,,0
reference,0a24b223-3b73-4f1e-a311-6470329ac8e0,1184,2,0,,,0
reference,0a24b223-3b73-4f1e-a311-6470329ac8e0,1184,3,0,,,0
reference,0a24b223-3b73-4f1e-a311-6470329ac8e0,1184,4,0,,,0
reference,0d660335-4182-4a48-83ca-96d07e3cacd0,1186,1,0,,,0
reference,0d660335-4182-4a48-83ca-96d07e3cacd0,1186,2,0,,,0
reference,0d660335-4182-4a48-83ca-96d07e3cacd0,1186,3,0,,,0
reference,d8b730e4-777d-4792-b6a3-c7e329bf7bd7,1177,1,0,,,0
reference,d8b730e4-777d-4792-b6a3-c7e329bf7bd7,1177,2,0,,,0
reference,d8b730e4-777d-4792-b6a3-c7e329bf7bd7,1177,3,0,,,0
reference,462a61e8-9cc0-4672-a0a2-096256d185aa,1264,1,1,104,path;code;word,1
reference,462a61e8-9cc0-4672-a0a2-096256d185aa,1264,2,1,47,code,1
reference,462a61e8-9cc0-4672-a0a2-096256d185aa,1264,3,1,45,code,1
reference,462a61e8-9cc0-4672-a0a2-096256d185aa,1264,4,1,44,code,1
reference,3c5d75eb-06f9-483d-99e1-d3ad022bf0bd,1164,1,0,,,0
reference,3c5d75eb-06f9-483d-99e1-d3ad022bf0bd,1164,2,0,,,0
reference,3c5d75eb-06f9-483d-99e1-d3ad022bf0bd,1164,3,0,,,0
reference,3c5d75eb-06f9-483d-99e1-d3ad022bf0bd,1164,4,0,,,0
reference,3c5d75eb-06f9-483d-99e1-d3ad022bf0bd,1164,5,0,,,0
reference,bd60fb29-04b5-438f-a0f3-4e9941765b73,1270,1,0,,,0
reference,bd60fb29-04b5-438f-a0f3-4e9941765b73,1270,2,0,,,0
reference,bd60fb29-04b5-438f-a0f3-4e9941765b73,1270,3,0,,,0
reference,0389f222-415f-4c00-96f9-fb05998f7a3c,1020,1,0,,,0
reference,0389f222-415f-4c00-96f9-fb05998f7a3c,1020,2,0,,,0
reference,1df032d1-460d-418b-adb4-0ae58c9f1419,1034,1,0,,,0
reference,1df032d1-460d-418b-adb4-0ae58c9f1419,1034,2,0,,,0
reference,1df032d1-460d-418b-adb4-0ae58c9f1419,1034,3,0,,,0
reference,1df032d1-460d-418b-adb4-0ae58c9f1419,1034,4,0,,,0
reference,1df032d1-460d-418b-adb4-0ae58c9f1419,1034,5,0,,,0
reference,e87ccfef-cf34-48a3-a407-8c3cd40ff7ca,1039,1,0,,,0
reference,e87ccfef-cf34-48a3-a407-8c3cd40ff7ca,1039,2,0,,,0
reference,e87ccfef-cf34-48a3-a407-8c3cd40ff7ca,1039,3,0,,,0
reference,e87ccfef-cf34-48a3-a407-8c3cd40ff7ca,1039,4,0,,,0
reference,e87ccfef-cf34-48a3-a407-8c3cd40ff7ca,1039,5,0,,,0
reference,e87ccfef-cf34-48a3-a407-8c3cd40ff7ca,1039,6,0,,,0
reference,da7a64f3-83c0-4f88-9855-fe39523c2712,1077,1,0,,,0
reference,da7a64f3-83c0-4f88-9855-fe39523c2712,1077,2,0,,,0
reference,da7a64f3-83c0-4f88-9855-fe39523c2712,1077,3,0,,,0
reference,da7a64f3-83c0-4f88-9855-fe39523c2712,1077,4,0,,,0
reference,da7a64f3-83c0-4f88-9855-fe39523c2712,1077,5,0,,,0
reference,8b047e26-ba81-482b-9392-89d07543fa29,1080,1,1,1169,path;code;command;word,1
reference,8b047e26-ba81-482b-9392-89d07543fa29,1080,2,0,,,0
reference,8b047e26-ba81-482b-9392-89d07543fa29,1080,3,0,,,0
reference,8b047e26-ba81-482b-9392-89d07543fa29,1080,4,0,,,0
reference,8b047e26-ba81-482b-9392-89d07543fa29,1080,5,1,1185,path;code;word;value,1
reference,2893dc54-2218-40ee-93a7-8d8835ae7c94,451,1,1,101,,0
reference,2893dc54-2218-40ee-93a7-8d8835ae7c94,451,4,1,29,,0
reference,789047f1-2c00-4287-a473-3616677e1b19,1218,1,1,152,code,1
reference,789047f1-2c00-4287-a473-3616677e1b19,1218,2,1,265,code,1
reference,789047f1-2c00-4287-a473-3616677e1b19,1218,3,1,1052,path;code;command;word,1
reference,789047f1-2c00-4287-a473-3616677e1b19,1218,4,0,,,0
reference,789047f1-2c00-4287-a473-3616677e1b19,1218,5,0,,,0
reference,6000103e-2245-4dcf-aa11-756ffd8b7536,1119,1,0,,,0
reference,6000103e-2245-4dcf-aa11-756ffd8b7536,1119,2,0,,,0
reference,6000103e-2245-4dcf-aa11-756ffd8b7536,1119,3,0,,,0
reference,6000103e-2245-4dcf-aa11-756ffd8b7536,1119,4,0,,,0
reference,6000103e-2245-4dcf-aa11-756ffd8b7536,1119,5,0,,,0
reference,6000103e-2245-4dcf-aa11-756ffd8b7536,1119,6,0,,,0
reference,b2174d09-5dfc-4351-83b3-5140b32e39fe,1129,1,0,,,0
reference,b2174d09-5dfc-4351-83b3-5140b32e39fe,1129,2,0,,,0
reference,b2174d09-5dfc-4351-83b3-5140b32e39fe,1129,3,0,,,0
reference,b2174d09-5dfc-4351-83b3-5140b32e39fe,1129,4,0,,,0
reference,b2174d09-5dfc-4351-83b3-5140b32e39fe,1129,5,0,,,0
reference,b2174d09-5dfc-4351-83b3-5140b32e39fe,1129,6,0,,,0
reference,c488e968-53f2-4083-9a20-e16ec6b4dcf6,1197,1,0,,,0
reference,c488e968-53f2-4083-9a20-e16ec6b4dcf6,1197,2,0,,,0
reference,c488e968-53f2-4083-9a20-e16ec6b4dcf6,1197,3,0,,,0
reference,c488e968-53f2-4083-9a20-e16ec6b4dcf6,1197,4,0,,,0
audit,732f927d-1fd4-488e-9d19-52e4e23b79d0,1200,1,1,23,,0
audit,732f927d-1fd4-488e-9d19-52e4e23b79d0,1200,2,0,,,0
audit,732f927d-1fd4-488e-9d19-52e4e23b79d0,1200,3,1,632,code;sha;value,1
audit,732f927d-1fd4-488e-9d19-52e4e23b79d0,1200,4,0,,,0
audit,4e133ab6-4174-4927-b7b2-68e6e7db1787,1220,1,0,,,0
audit,4e133ab6-4174-4927-b7b2-68e6e7db1787,1220,2,0,,,0
audit,4e133ab6-4174-4927-b7b2-68e6e7db1787,1220,3,0,,,0
audit,4e133ab6-4174-4927-b7b2-68e6e7db1787,1220,4,0,,,0
audit,4e133ab6-4174-4927-b7b2-68e6e7db1787,1220,5,0,,,0
audit,eecb5fa8-d16f-4a40-8881-4fffc0b345b1,1340,1,0,,,0
audit,eecb5fa8-d16f-4a40-8881-4fffc0b345b1,1340,2,0,,,0
audit,eecb5fa8-d16f-4a40-8881-4fffc0b345b1,1340,3,0,,,0
audit,eecb5fa8-d16f-4a40-8881-4fffc0b345b1,1340,4,0,,,0
audit,eecb5fa8-d16f-4a40-8881-4fffc0b345b1,1340,5,0,,,0
audit,eecb5fa8-d16f-4a40-8881-4fffc0b345b1,1340,6,0,,,0
audit,357172fe-31b4-4ff0-9e0a-3cbb414db1d0,961,1,1,265,value,1
audit,357172fe-31b4-4ff0-9e0a-3cbb414db1d0,961,2,1,578,path;code;command;word;value,1
audit,9ff42413-1f37-4061-a248-1bbfb7d08f50,1075,1,1,521,path;code;sha;word;value,1
audit,9ff42413-1f37-4061-a248-1bbfb7d08f50,1075,2,1,949,path;code;command;word,1
audit,9ff42413-1f37-4061-a248-1bbfb7d08f50,1075,3,1,127,,0
audit,9ff42413-1f37-4061-a248-1bbfb7d08f50,1075,4,1,2514,path;code;command;word;value,1
audit,9ff42413-1f37-4061-a248-1bbfb7d08f50,1075,5,0,,,0
audit,9ff42413-1f37-4061-a248-1bbfb7d08f50,1075,1100,1,686,path;code;word,1
audit,b0d34c04-718a-4a51-bd39-6f368eb768cc,1161,1,1,618,path;code,1
audit,b0d34c04-718a-4a51-bd39-6f368eb768cc,1161,2,1,170,path;code;word,1
audit,b0d34c04-718a-4a51-bd39-6f368eb768cc,1161,3,1,803,path;code;sha;command;word,1
audit,b0d34c04-718a-4a51-bd39-6f368eb768cc,1161,4,1,9,word,0
audit,6f7ea894-b95f-4f36-93ba-97d6d1ce3dc9,1318,1,0,,,0
audit,6f7ea894-b95f-4f36-93ba-97d6d1ce3dc9,1318,2,0,,,0
audit,6f7ea894-b95f-4f36-93ba-97d6d1ce3dc9,1318,3,0,,,0
audit,6f7ea894-b95f-4f36-93ba-97d6d1ce3dc9,1318,4,0,,,0
audit,6f7ea894-b95f-4f36-93ba-97d6d1ce3dc9,1318,5,0,,,0
audit,6f7ea894-b95f-4f36-93ba-97d6d1ce3dc9,1318,6,0,,,0
audit,6f7ea894-b95f-4f36-93ba-97d6d1ce3dc9,1318,7,0,,,0
audit,6f7ea894-b95f-4f36-93ba-97d6d1ce3dc9,1318,8,0,,,0
audit,571b7613-8d9d-4eef-b38a-a5fe3f289e9b,1333,1,1,273,path;code;value,1
audit,571b7613-8d9d-4eef-b38a-a5fe3f289e9b,1333,2,1,836,code;word,1
audit,571b7613-8d9d-4eef-b38a-a5fe3f289e9b,1333,3,1,97,word,1
audit,571b7613-8d9d-4eef-b38a-a5fe3f289e9b,1333,4,1,444,code,1
audit,571b7613-8d9d-4eef-b38a-a5fe3f289e9b,1333,5,1,416,path;code;value,1
audit,571b7613-8d9d-4eef-b38a-a5fe3f289e9b,1333,6,1,241,path;code;word,1
audit,d0176e89-f2ae-40b2-aa18-05e002018f89,1300,1,0,,,0
audit,d0176e89-f2ae-40b2-aa18-05e002018f89,1300,2,0,,,0
audit,d0176e89-f2ae-40b2-aa18-05e002018f89,1300,3,0,,,0
audit,d0176e89-f2ae-40b2-aa18-05e002018f89,1300,4,0,,,0
audit,d0176e89-f2ae-40b2-aa18-05e002018f89,1300,5,0,,,0
audit,da215c20-820b-4a1b-bcaa-a8327fd7f9a9,1370,1,0,,,0
audit,da215c20-820b-4a1b-bcaa-a8327fd7f9a9,1370,2,0,,,0
audit,da215c20-820b-4a1b-bcaa-a8327fd7f9a9,1370,3,0,,,0
audit,da215c20-820b-4a1b-bcaa-a8327fd7f9a9,1370,4,0,,,0
audit,1e2734f7-f5bf-4efc-9586-0ca83c8b997f,1368,1,1,321,code;word;value,1
audit,1e2734f7-f5bf-4efc-9586-0ca83c8b997f,1368,2,1,200,code;word;value,1
audit,1e2734f7-f5bf-4efc-9586-0ca83c8b997f,1368,3,1,125,word,1
audit,1e2734f7-f5bf-4efc-9586-0ca83c8b997f,1368,4,1,256,code;word;value,1
audit,e5c4ea89-17f8-4a5a-8754-d1b568b1332a,1289,1,0,,,0
audit,e5c4ea89-17f8-4a5a-8754-d1b568b1332a,1289,2,0,,,0
audit,e5c4ea89-17f8-4a5a-8754-d1b568b1332a,1289,3,0,,,0
audit,e5c4ea89-17f8-4a5a-8754-d1b568b1332a,1289,4,0,,,0
audit,e5c4ea89-17f8-4a5a-8754-d1b568b1332a,1289,5,0,,,0
audit,e5c4ea89-17f8-4a5a-8754-d1b568b1332a,1289,6,0,,,0
audit,d35d9c3f-be96-4843-9fa4-976b5d044eb3,1378,1,0,,,0
audit,d35d9c3f-be96-4843-9fa4-976b5d044eb3,1378,2,0,,,0
audit,d35d9c3f-be96-4843-9fa4-976b5d044eb3,1378,3,0,,,0
audit,d35d9c3f-be96-4843-9fa4-976b5d044eb3,1378,4,0,,,0
audit,57151b60-d708-4c4b-9edc-a37573e7909c,1369,1,1,95,value,1
audit,57151b60-d708-4c4b-9edc-a37573e7909c,1369,2,1,60,value,1
audit,57151b60-d708-4c4b-9edc-a37573e7909c,1369,3,1,136,code,1
audit,57151b60-d708-4c4b-9edc-a37573e7909c,1369,4,0,,,0
audit,ea40dfd5-af06-4794-8be9-a6d5e7e69627,1317,1,0,,,0
audit,ea40dfd5-af06-4794-8be9-a6d5e7e69627,1317,2,0,,,0
audit,ea40dfd5-af06-4794-8be9-a6d5e7e69627,1317,3,0,,,0
audit,ea40dfd5-af06-4794-8be9-a6d5e7e69627,1317,4,0,,,0
audit,ea40dfd5-af06-4794-8be9-a6d5e7e69627,1317,5,0,,,0
audit,ea40dfd5-af06-4794-8be9-a6d5e7e69627,1317,6,0,,,0
audit,ea40dfd5-af06-4794-8be9-a6d5e7e69627,1317,7,0,,,0
audit,ea40dfd5-af06-4794-8be9-a6d5e7e69627,1317,8,0,,,0
audit,726e286b-dd83-4ca6-b739-d0a42a9a4282,1371,1,1,573,path;code;word;value,1
audit,726e286b-dd83-4ca6-b739-d0a42a9a4282,1371,2,1,719,path;code;command;word,1
audit,726e286b-dd83-4ca6-b739-d0a42a9a4282,1371,3,0,,,0
audit,726e286b-dd83-4ca6-b739-d0a42a9a4282,1371,4,0,,,0
audit,c4c4405b-1348-4f83-be20-96864f3afd5d,1316,1,0,,,0
audit,c4c4405b-1348-4f83-be20-96864f3afd5d,1316,2,0,,,0
audit,c4c4405b-1348-4f83-be20-96864f3afd5d,1316,3,0,,,0
audit,c4c4405b-1348-4f83-be20-96864f3afd5d,1316,4,0,,,0
audit,c4c4405b-1348-4f83-be20-96864f3afd5d,1316,5,0,,,0
audit,c4c4405b-1348-4f83-be20-96864f3afd5d,1316,6,0,,,0
audit,c4c4405b-1348-4f83-be20-96864f3afd5d,1316,7,0,,,0
audit,c4c4405b-1348-4f83-be20-96864f3afd5d,1316,8,0,,,0
audit,c4c4405b-1348-4f83-be20-96864f3afd5d,1316,9,0,,,0
audit,8dcd7775-f024-41e5-931b-153b51f134e0,1290,1,0,,,0
audit,8dcd7775-f024-41e5-931b-153b51f134e0,1290,2,0,,,0
audit,8dcd7775-f024-41e5-931b-153b51f134e0,1290,3,0,,,0
audit,8dcd7775-f024-41e5-931b-153b51f134e0,1290,4,0,,,0
audit,8dcd7775-f024-41e5-931b-153b51f134e0,1290,5,0,,,0
audit,8dcd7775-f024-41e5-931b-153b51f134e0,1290,6,0,,,0
audit,eebaca9b-ebfd-4104-b22e-8091905c2951,1372,1,1,847,code;value,1
audit,eebaca9b-ebfd-4104-b22e-8091905c2951,1372,2,1,492,path;code;word,1
audit,eebaca9b-ebfd-4104-b22e-8091905c2951,1372,3,0,,,0
audit,eebaca9b-ebfd-4104-b22e-8091905c2951,1372,4,0,,,0
audit,675b888d-1532-4b4f-8a9a-6ccc80fd9fb5,1334,1,0,,,0
audit,675b888d-1532-4b4f-8a9a-6ccc80fd9fb5,1334,2,0,,,0
audit,675b888d-1532-4b4f-8a9a-6ccc80fd9fb5,1334,3,0,,,0
audit,675b888d-1532-4b4f-8a9a-6ccc80fd9fb5,1334,4,0,,,0
audit,4ea3a630-3fbb-43e1-8e03-b97274756187,1389,1,0,,,0
audit,4ea3a630-3fbb-43e1-8e03-b97274756187,1389,2,0,,,0
audit,4ea3a630-3fbb-43e1-8e03-b97274756187,1389,3,0,,,0
audit,4ea3a630-3fbb-43e1-8e03-b97274756187,1389,4,0,,,0
audit,4ea3a630-3fbb-43e1-8e03-b97274756187,1389,5,0,,,0
after,90e4def0-6d9a-41fc-96ef-c066c26dd096,1430,1,1,576,path;command;word,1
after,90e4def0-6d9a-41fc-96ef-c066c26dd096,1430,2,1,966,path;code;word,1
after,90e4def0-6d9a-41fc-96ef-c066c26dd096,1430,3,1,144,path;word,1
after,90e4def0-6d9a-41fc-96ef-c066c26dd096,1430,4,1,546,path;code;command;word,1
after,624c9f7f-de76-4695-b762-de271316a5e7,1459,1,1,584,path;word,1
after,624c9f7f-de76-4695-b762-de271316a5e7,1459,2,1,339,path;word,1
after,624c9f7f-de76-4695-b762-de271316a5e7,1459,3,1,567,path,1
after,624c9f7f-de76-4695-b762-de271316a5e7,1459,4,1,59,word,1
after,624c9f7f-de76-4695-b762-de271316a5e7,1459,5,1,36,command;word,1
after,624c9f7f-de76-4695-b762-de271316a5e7,1459,6,1,573,path;code;command;word,1
after,df56cda3-565b-4dfb-accc-eb5f17f493be,1503,1,1,444,path;code;command;word,1
after,df56cda3-565b-4dfb-accc-eb5f17f493be,1503,2,1,621,path;code;command;word,1
after,df56cda3-565b-4dfb-accc-eb5f17f493be,1503,3,1,347,path;command,1
after,df56cda3-565b-4dfb-accc-eb5f17f493be,1503,4,1,25,,0
after,df56cda3-565b-4dfb-accc-eb5f17f493be,1503,5,1,400,path;code;command;word,1
after,d4bed4c9-982e-4ba3-b763-95a7ea0554ca,1429,1,1,539,path;code;word,1
after,d4bed4c9-982e-4ba3-b763-95a7ea0554ca,1429,2,1,252,path;code;word,1
after,d4bed4c9-982e-4ba3-b763-95a7ea0554ca,1429,3,1,142,path,1
after,d4bed4c9-982e-4ba3-b763-95a7ea0554ca,1429,4,1,254,path;code;word,1
after,d4bed4c9-982e-4ba3-b763-95a7ea0554ca,1429,5,1,676,path;code;command;word,1
