layer,metric,values_used,before_runs_used,after_runs_used,before_left_out,after_left_out,before_rate,after_weighted,diff
change,first_pass_rate,config;docs;feature,35,7,fix:10;measure:8;refactor:9;test:10;unknown:4,,0.143,0.000,-0.143
change,sent_back_rate,config;docs;feature,35,7,fix:10;measure:8;refactor:9;test:10;unknown:4,,0.857,1.000,0.143
change,au_rate,config;docs;feature,35,7,fix:10;measure:8;refactor:9;test:10;unknown:4,,0.600,0.695,0.095
items,first_pass_rate,1-3;4-6,67,7,7+:9,,0.343,0.000,-0.343
items,sent_back_rate,1-3;4-6,67,7,7+:9,,0.672,1.000,0.328
items,au_rate,1-3;4-6,67,7,7+:9,,0.493,0.731,0.239
lines,first_pass_rate,179-458;<=178;>458,74,5,未着地:2,未着地:2,0.338,0.000,-0.338
lines,sent_back_rate,179-458;<=178;>458,74,5,未着地:2,未着地:2,0.676,1.000,0.324
lines,au_rate,179-458;<=178;>458,74,5,未着地:2,未着地:2,0.500,0.824,0.324
