run_id,attempts,secs_sum,jobs_sum,results,output_sum
e12b273b-bd01-4f92-b1d0-7c9efaca9879,2,57,2,revise pass,3911
9102561c-0e3c-475e-81b6-1ed97a81d01b,4,140,4,revise pass open pass,10471
86600eeb-1074-4e54-b521-f8530a3748a5,1,26,1,pass,1995
632a4d51-af87-47a4-b419-fc2087496ce5,5,267,5,revise revise concern pass pass,20298
546a4be5-f6db-42b0-b03c-6a9a5490d730,3,234,3,revise pass pass,19085
0ce0d8a2-a1d4-49e1-a173-3fc90086c562,6,1001,6,revise revise revise open revise pass,42925
2fbd3f71-1ef2-497a-83c9-00ec70adee5b,1,23,1,pass,1598
6c020347-671d-4160-90db-e4f56bc29ec8,1,35,1,pass,2769
bf874c0d-a3e7-4194-8f29-e2352e011c86,1,44,1,pass,1719
d0d9ee5b-afc9-471b-9b77-7db41d095529,1,20,1,pass,1489
b65138e4-7ffd-46c0-8a72-35788a264755,1,23,1,pass,1619
15ff4986-5d7f-43ce-969e-fdf297318d10,1,25,1,pass,1909
00887e59-fa3a-4783-821a-c46afa98a88c,2,211,2,revise pass,12817
5b7e2393-1023-4961-84f0-a2051cb2a593,1,72,1,pass,4926
6fc26402-9610-4ccc-9cad-f7eac4c7344c,3,158,3,revise pass pass,7552
2afccf36-0922-465b-81d0-73a8f890886a,1,28,1,pass,1792
afb456dc-1472-4f88-ac9d-508119fbcd76,1,17,1,pass,1169
1ccd4e67-3102-4b42-9903-7d0356d7d936,2,55,2,revise pass,3753
8375e094-f794-43ad-95a8-c67c8d3c9836,3,187,3,revise pass pass,14279
a0ccef76-40ec-47b4-bb72-89dad4a9df51,1,50,1,pass,3438
0a24b223-3b73-4f1e-a311-6470329ac8e0,2,228,2,revise pass,17976
0d660335-4182-4a48-83ca-96d07e3cacd0,1,24,1,pass,1806
d8b730e4-777d-4792-b6a3-c7e329bf7bd7,1,9,1,pass,405
462a61e8-9cc0-4672-a0a2-096256d185aa,1,31,1,pass,2332
2d20c6cb-8270-4923-a341-f8e95e792874,2,135,2,revise pass,9461
8542edbf-06e4-4fd1-8f52-14d2b86e7d8c,5,796,5,revise revise revise pass pass,49165
4f69bfe8-dc03-4cb3-84e5-c47f0547a1bb,2,152,2,open pass,26728
34d90fa8-3556-4390-a85f-3524973ed700,2,43,2,open pass,8392
3c5d75eb-06f9-483d-99e1-d3ad022bf0bd,2,267,2,revise pass,22317
c3ba1752-7fd4-4de7-9967-c9684a94fbd4,1,45,1,pass,3147
bd60fb29-04b5-438f-a0f3-4e9941765b73,1,50,1,pass,2601
0389f222-415f-4c00-96f9-fb05998f7a3c,2,31,2,open pass,3017
0fdebb98-1375-4f94-8d7a-4634aa83f28f,2,59,2,pass pass,3615
1df032d1-460d-418b-adb4-0ae58c9f1419,2,97,2,open pass,3185
eeba1ad5-274d-424c-a6cd-1c62daa4cf6d,1,16,1,pass,965
e87ccfef-cf34-48a3-a407-8c3cd40ff7ca,1,52,1,pass,4220
9335785c-d876-4c51-b684-d154ce76ce08,1,45,1,pass,3312
da7a64f3-83c0-4f88-9855-fe39523c2712,1,24,1,pass,1886
8b047e26-ba81-482b-9392-89d07543fa29,1,28,1,pass,1918
2893dc54-2218-40ee-93a7-8d8835ae7c94,1,26,1,pass,1976
6877114d-7b2a-43df-8a32-149f5d445321,1,18,1,pass,1376
4aa1430a-913f-4884-b496-5be956470d96,1,28,1,pass,2404
789047f1-2c00-4287-a473-3616677e1b19,4,500,4,revise pass revise revise,27273
fb9ba422-9b2c-4ebe-ad1d-642af0bbe79c,1,29,1,pass,1903
62f3a648-30aa-46e6-a5c1-681667398d6e,2,88,2,revise pass,5795
6000103e-2245-4dcf-aa11-756ffd8b7536,2,179,2,open pass,29511
b2174d09-5dfc-4351-83b3-5140b32e39fe,3,261,3,open revise pass,29186
c488e968-53f2-4083-9a20-e16ec6b4dcf6,1,151,1,pass,10701
e94f55e2-3ba4-430a-8862-64028f1eaaa2,4,97,4,open revise pass pass,14176
732f927d-1fd4-488e-9d19-52e4e23b79d0,2,583,2,revise pass,0
4e133ab6-4174-4927-b7b2-68e6e7db1787,3,620,3,revise revise revise,0
bbc93102-328e-499a-afb9-2cd056b70bcc,2,77,2,revise pass,0
5328601b-11ed-451e-b732-f4b38036d4d4,2,78,2,pass pass,0
eecb5fa8-d16f-4a40-8881-4fffc0b345b1,1,69,1,concern,0
7a664310-8442-4bd9-b6e1-52319f2f2cab,2,224,2,revise concern,0
357172fe-31b4-4ff0-9e0a-3cbb414db1d0,1,68,1,concern,0
9ff42413-1f37-4061-a248-1bbfb7d08f50,3,775,3,revise revise revise,0
ef1acb79-2872-4307-a861-c4798edbb7ff,1,47,1,pass,0
268b75a7-4d80-4fdf-9474-24fe95c8b80f,2,92,2,revise pass,0
9c4e96bf-ddf5-406d-8b43-f6fd7c9cde9e,3,151,3,pass revise pass,0
d43633e9-f411-43ee-911c-e94206c4a06a,1,49,1,pass,0
0666ca17-d830-4b34-af5d-e4f5d7d7f003,3,255,3,revise revise revise,0
b0d34c04-718a-4a51-bd39-6f368eb768cc,1,109,1,concern,0
33daa379-e0c4-410d-b4d5-61d76f354d07,2,147,2,pass pass,0
33ee1eb3-8752-49f5-9a28-fc94b2bbca36,1,68,1,concern,0
ff314f71-f511-4735-a826-6fb1983c0e87,1,92,1,concern,0
0639576b-52f4-4575-8414-cde10482d234,2,141,2,revise pass,0
6413b16f-2e1f-439e-a048-2d983711cc88,1,100,1,pass,0
6f7ea894-b95f-4f36-93ba-97d6d1ce3dc9,3,252,3,concern open concern,0
571b7613-8d9d-4eef-b38a-a5fe3f289e9b,1,117,1,pass,0
d0176e89-f2ae-40b2-aa18-05e002018f89,2,268,2,revise pass,0
da215c20-820b-4a1b-bcaa-a8327fd7f9a9,1,107,1,pass,0
1e2734f7-f5bf-4efc-9586-0ca83c8b997f,3,379,3,revise revise pass,0
e5c4ea89-17f8-4a5a-8754-d1b568b1332a,1,124,1,concern,0
d35d9c3f-be96-4843-9fa4-976b5d044eb3,1,81,1,pass,0
57151b60-d708-4c4b-9edc-a37573e7909c,3,294,3,revise revise pass,0
726e286b-dd83-4ca6-b739-d0a42a9a4282,2,293,2,revise pass,0
ea40dfd5-af06-4794-8be9-a6d5e7e69627,2,204,2,revise concern,0
c4c4405b-1348-4f83-be20-96864f3afd5d,3,457,3,revise revise concern,0
8dcd7775-f024-41e5-931b-153b51f134e0,4,792,4,concern pass revise pass,0
eebaca9b-ebfd-4104-b22e-8091905c2951,4,704,4,revise revise concern pass,0
38c9ba81-f6dc-44fc-9ef9-3616e7ef1262,2,77,2,revise pass,0
675b888d-1532-4b4f-8a9a-6ccc80fd9fb5,2,297,2,concern concern,0
4ea3a630-3fbb-43e1-8e03-b97274756187,1,71,1,pass,0
baeccaaa-dbf7-4d3c-b44b-443060b5207b,1,70,1,pass,0
e6fceb15-7afe-43c8-bf11-e6b8c4fe12d2,2,123,2,revise pass,0
33295215-1be3-4c59-9898-175f15ec3264,3,279,3,revise revise pass,0
6a834127-73e9-4b03-9c68-5d45c66f2163,2,176,2,revise concern,0
50fddc19-7259-47e3-a197-f19438df7619,1,93,1,pass,0
bd95bae3-616a-4e62-a26b-a837c31fb36f,1,129,1,pass,0
5f471151-8eb7-4bc2-ac0b-1e1294ae69d1,2,252,2,revise pass,0
f54d58e0-f293-4d8f-bcaf-8e52fbc01591,3,253,3,concern pass pass,0
42637110-a974-4ebb-80e7-5049e8185123,12,1816,12,concern revise concern revise revise concern revise revise pass pass revise pass,0
ab0eed00-bdfb-4071-ba2d-966ff5a961d0,2,133,2,revise pass,0
3be848c0-6af6-4d0b-94d9-65f37e594fdf,5,486,5,open revise revise revise pass,0
3664fe7f-1636-4378-8b95-a17a1246ac3d,2,147,2,concern pass,0
eb7a8859-0371-4a47-bb8e-62ce5b7eb20c,2,92,2,revise pass,0
27cca522-091c-42aa-b956-3fb18754bf10,1,79,1,pass,0
02edf3a8-1e69-443e-80b6-ce8f830a8572,3,199,3,revise revise pass,0
a38a2691-67b0-4a48-bb69-bc2c556a9634,1,68,1,pass,0
bea024b2-2c8b-4144-a01d-7562622489d3,3,220,3,concern revise pass,0
bf4f66cb-794d-4ae3-8a70-62033e7722db,3,256,3,revise revise pass,0
16257d7f-bd59-4e75-a397-4c2395f7b503,1,98,1,pass,0
2dc57acb-b40c-46d5-a47d-6730f2de127d,2,221,2,revise pass,0
e29f2da8-612f-476c-881e-bf60f88ad1d4,3,340,3,revise revise pass,0
b40dbc9d-eb8f-4ae6-b66d-5035e397b29a,1,55,1,pass,0
c77e93d4-1d71-4920-aa5b-098b9f4deaa0,2,238,2,revise pass,0
dbe597f3-c9ea-47a1-a53a-11b0916c679e,2,167,2,revise pass,0
8333d781-27b3-4c57-8381-8ded6a925988,2,187,2,revise pass,0
371c15a0-5d96-48f8-9b84-091a815d7f2b,3,389,3,revise revise revise,0
93222d22-2a7e-48ca-9bc1-a6de8fe6442e,6,656,6,open revise revise revise concern pass,0
f55a1fbb-d7a8-4b47-95e4-efd8f20c34f2,2,249,2,revise pass,0
78bdfc9c-5ed5-4e4b-a6aa-b36b6a2ae139,1,50,1,pass,0
85a5328f-55a7-4b99-9b1c-486d434c8484,1,55,1,pass,0
3f479771-2896-49b9-9512-1aeed8b5a93b,1,91,1,pass,0
c451a263-147a-4901-a9af-fc367b769c73,1,48,1,pass,0
710ace0e-4fa5-419a-b72e-54667dc5c83d,3,132,3,pass open pass,0
c1e7b209-9c1d-46fa-80d0-e5620c73dd1c,4,247,4,open revise revise pass,0
f21fc4e9-7da0-4e18-9bee-3f8ef3cd9f01,1,61,1,pass,0
96f427d4-ea6b-4dec-85b8-07357c18b94f,1,88,1,concern,0
92fe42cf-9776-4804-b3f4-8f6f856d48fc,2,103,2,revise pass,0
f0e8b6ab-6aa1-4080-9784-2e3d59648b28,4,441,4,revise revise revise pass,0
b4e5c6e4-6650-425c-8cea-66802d4f4ae3,1,74,1,pass,0
8cf5ae79-9fde-4b98-a4fe-d38360ae379c,4,253,4,revise pass open pass,0
d0e77030-796a-44d6-b3e8-cc584cf2b2be,1,97,1,pass,0
e42e7305-9dab-48a0-a999-588631463a91,1,59,1,pass,0
5667034f-63af-46ae-9e1c-5d3066515cd4,1,176,1,pass,0
811abebd-3199-42cb-81b3-6c4029991176,1,53,1,concern,0
89f01109-4190-45fa-867e-16323e42edab,1,54,1,pass,0
3fc33af0-094f-4824-af1a-fe36ec855704,1,35,1,pass,0
92708e05-014c-4aa7-9fc0-62b47ccfdbde,1,84,1,pass,0
3335913c-4087-411e-ace9-a4451d0d7630,1,96,1,pass,0
b06a1265-90b6-414b-8c33-3062d26915a7,3,251,3,revise open pass,0
05efd4f3-2809-406d-aaa9-a2f239de5538,1,135,1,pass,0
90e4def0-6d9a-41fc-96ef-c066c26dd096,2,109,2,revise pass,0
f7d0d744-913d-44fa-9cad-32ea792d10a2,4,421,4,open concern revise pass,0
624c9f7f-de76-4695-b762-de271316a5e7,3,363,3,concern revise pass,0
aa91a7cb-0c71-4d5f-a8ce-85a4008fedcc,6,910,6,revise revise revise concern pass pass,0
aa9fa5aa-3477-45e9-97d4-897af00d711b,3,378,3,revise revise pass,0
df56cda3-565b-4dfb-accc-eb5f17f493be,2,195,2,revise pass,0
20a43f22-ab42-4d93-8af6-b6a758a089fa,3,481,3,revise revise revise,0
d4bed4c9-982e-4ba3-b763-95a7ea0554ca,2,178,2,revise pass,0
30d8c537-bc04-4589-a9ad-ecc7f0c97d1a,1,168,1,pass,0
3397cb54-8f35-4a11-922d-d22002ceedad,8,638,44,revise revise open revise open revise open pass,50207
a22cd69e-d52b-4fbb-b7fa-4b6ba1c5b295,1,104,6,concern,10833
87c49f6d-a69d-40c0-b833-a0ad09006244,1,111,7,pass,8530
f4b8ea86-dff0-4086-a2c8-5eb760569be9,7,1060,42,open revise revise concern revise pass concern,61460
daf1e207-7d4b-4ae0-ac37-9f584a5159ca,3,314,12,revise pass pass,17828
6c6542c9-f122-4667-8151-5ee3e944965b,6,1100,36,revise revise revise revise pass pass,56747
6058c3f0-6960-4122-8324-da775293c1ab,3,394,18,revise revise pass,24784
dc686e6a-17f8-4429-9e20-de109a64bc83,4,400,28,revise pass open pass,41596
6cc1b23c-5b6f-4787-bac5-a16fe020ed01,4,554,24,revise revise pass pass,27808
b66bd3bf-ff41-45ec-a968-31c2d764e305,1,126,4,pass,6685
94987414-62b7-4472-a379-4b801dbe8a0b,3,333,15,pass revise pass,17677
eabe9a2a-f877-48ac-aa01-c6829c3a8c9f,1,141,6,pass,11440
e6cfc445-d78c-461b-8d61-d35247c081db,9,1381,62,revise revise pass pass revise revise open revise pass,82045
802e6e32-dc45-4200-8737-c939c45bb0eb,1,53,3,pass,5038
a030860f-d8ea-405f-941c-ad2e00b7860d,1,57,3,pass,5918
4a9dbadb-f295-4ec6-a5d5-7187a524d001,1,72,4,pass,5151
ae4bbfa9-0041-4400-86ba-faa65ba8867e,2,292,11,concern pass,20836
d987f39e-e890-49f3-9c1a-e8cb5b09aaf0,1,157,6,pass,9882
6a47ab6a-1d23-41e0-830d-fa64d2501a0c,1,146,6,pass,10244
7876b69f-cc2e-4a0c-ba5a-da66da0a5dd1,1,67,4,pass,5859
d1eae627-ff2b-44fc-ae3d-209811406d46,3,325,18,revise revise pass,23367
65029e8f-df34-4b15-9e24-40346c53fae5,3,439,18,revise revise concern,28146
5ebe4f16-ef40-4652-bfc5-ac4f9db28eda,4,550,28,revise revise pass pass,42171
171fce7a-7736-48d2-991e-2cb380f0d6f7,1,168,6,pass,7806
1b30d72b-2835-4414-8dad-2a7dcdda4aa4,2,87,12,open pass,16939
7aad617e-ed02-463a-b04d-5894d173eb24,2,160,12,revise pass,17161
a5a11fd2-e8ed-4082-a242-c4596dce3291,6,788,30,revise revise revise revise revise pass,53340
98a2d261-d70a-4e54-86cd-af805d3bb20b,4,275,26,open revise revise pass,23684
fcbdd009-225d-4b2e-ac11-b75501e4751d,4,521,29,revise revise revise concern,35711
3a8484c5-0f15-4333-9e30-8ad7a198db6a,2,232,8,revise concern,18868
df6b2bca-08c6-409c-a800-e0330fe45266,1,50,4,pass,4003
8eeacc00-be0d-407a-92bf-6e91bf913309,2,174,12,revise pass,14713
18884f2f-8bf1-4d5b-a99d-5bad0332c2d7,2,352,11,revise pass,17392
2f3b8539-be0c-413d-bc66-967100c48df3,1,133,4,pass,6550
db767ec4-6337-40e6-a558-e7760ff99b00,1,42,3,pass,3465
2dcbe739-aa8d-40da-a26e-966667b3b987,1,79,5,concern,8546
8e0fe006-7bdd-47f6-a0a5-b591b34dd2a7,2,239,14,revise pass,17333
d44b0bad-9aa9-449f-85e2-41648a574b8b,2,190,12,pass pass,15814
42db7f74-ac0b-44be-8cc8-fe50b21c9331,1,125,6,pass,8108
a0155fb0-445e-4b9a-8313-01cc261e7e21,3,267,22,concern open pass,18232
00364554-d18c-4735-8a91-565a7f6fd240,4,411,16,revise open revise pass,15303
64727486-892e-4140-9949-4cd91f446d26,3,452,18,concern concern concern,38678
e7139483-d6ef-43fe-8461-7137d4d81f1e,1,86,6,pass,6849
2aa0ae42-617e-498a-b9b4-7f0ed7e98bca,1,126,6,pass,6343
5b0f0eb3-59d8-4834-80ff-30f638519c90,4,322,24,revise open pass pass,30095
e1e6e9ee-03a3-4c6a-806b-127853a9b36b,1,66,4,pass,3087
18bcb9c4-290d-492f-b593-6523ee2ad3ad,6,853,41,concern revise revise revise pass pass,71313
029cc29d-5584-4cc1-94ac-069822f33b4e,3,324,18,revise pass pass,24017
ac2ed498-bca7-40b8-b0e0-16accc1d658e,1,103,5,pass,6566
d0a7cea0-1395-42a3-be42-def9f13735ac,1,100,6,pass,6416
b7a02003-fc30-4bac-83a5-1c5b0669dd4b,1,96,6,pass,7117
96309350-d15d-440a-8043-09c4d07399a3,3,370,20,revise revise pass,30426
6ef398b5-a794-4275-a592-87d581f3c445,1,100,6,pass,5766
f298ee8f-c527-48e7-ad5e-a35cde5cfb76,2,149,10,revise pass,14628
7042e91c-7e8c-4c64-a696-c5785727cdde,2,216,8,revise pass,12643
350d0486-d941-44c7-aaa8-6b30da3c51c7,1,88,7,pass,6142
fde995cf-826b-4c24-ae60-c09c987444e7,4,505,28,revise revise revise pass,40489
ec42db79-7815-44ae-979a-6c3a6adb9f3e,1,79,5,pass,6108
161e4b24-906e-4711-8a84-a5566683e4d8,2,243,12,revise pass,16584
22254e6a-db9d-4a25-abcb-75d3c04e0feb,3,320,9,open revise pass,17857
e080a3ed-ad7d-47c6-bc29-2c89b6b89cda,2,189,12,revise pass,14404
e9536c58-fd75-45ad-a56f-142528c22ca6,2,194,14,failed concern,20845
9874facf-b0e8-47dd-9d93-5d4052d079a2,2,214,12,revise pass,19036
0de6cd72-bb17-45b8-815a-67df22a1101b,3,662,20,revise revise concern,39183
719a11ef-7343-4e3e-9641-f510e9d4e03f,2,157,6,revise pass,11489
6357a771-18de-44db-a425-e73f6efbaead,1,175,5,concern,7156
779a05bb-8929-4ca6-88d0-476412309ef3,1,56,5,pass,5500
cc801ef6-5ffe-4fc8-8644-f30ba3626b24,3,336,20,revise revise pass,32088
3e3e6758-831f-4bbf-91a0-b301f2320489,1,97,4,pass,5682
280d9606-8784-412a-b886-91c8a18abf84,2,412,14,concern pass,21101
04500685-3fa3-405c-a5ec-092d09f5058f,3,338,21,pass revise pass,28788
e6cc9e1f-9055-4d2c-beb5-df48acb81614,6,1001,42,revise revise pass revise pass pass,67291
11752111-14af-46ce-b530-96cc9d9b5f3e,5,900,30,revise pass revise pass pass,49074
31ae076a-affc-4cf0-b2e7-5e7eaea69ded,4,210,24,revise pass open pass,16849
3d21d841-867f-4a87-873e-0e95cd5a83e9,7,1503,51,revise open open concern revise revise revise,80222
eebd09ed-5007-4a60-a53b-5470758bfc34,1,60,6,pass,5357
3c5a55c1-72a1-4f78-adda-9e13bc3937ed,2,317,14,revise concern,23145
1c707f55-f5b3-4a7c-a720-7f17f0ef1db7,1,71,6,pass,7535
e474159d-70bb-4e7c-af2f-1de46aac5b38,2,131,10,revise pass,10681
76c5dd97-fde3-4a96-8784-4f4e3ad22fb0,4,553,24,revise open pass pass,35147
6bf5c1a8-3a86-4377-9681-1753512dc040,1,117,2,pass,8778
bc4a1494-3b67-422f-9760-020c8e761a13,2,64,10,open pass,6115
a1b7032b-e911-42b9-950e-e5d6aa749a93,4,356,24,revise revise concern pass,32425
56dfaeaa-897d-47c2-b6b8-6907f23c7f0d,4,262,12,revise open pass pass,14679
097be999-9251-4f76-82fe-78371d489a73,1,66,2,pass,3613
8b92d5e3-af28-4c7d-a4e5-28b2b78958df,1,31,3,pass,3414
895ad40d-e308-4cb3-b908-be8bdddf4844,2,223,14,pass pass,15675
9f13bdd0-227e-41be-b8b3-9450e08aa31f,1,41,2,pass,3267
d1f5eca1-bfa7-4f8a-8c13-917aca77aefd,2,173,8,pass pass,8903
0cd16a3b-520c-4ce0-a502-b4e3293c236b,2,171,14,revise pass,14478
95194a89-4306-4d5c-8e61-6eada4e9c0fe,1,60,5,pass,6363
c9db74e7-7802-4f62-bd01-e9ff853dec21,1,74,5,pass,7458
b25072c7-3d35-4e9c-a3fa-87b8b5208f6f,1,52,4,pass,5395
b57b4f8c-9142-432c-9438-c1430de2936d,1,81,7,pass,7884
e2445fdc-63fe-4151-bdc6-4d5ecf73d863,1,106,8,pass,9069
2471cbba-42b0-4419-9055-a4d80bd42600,2,199,8,pass pass,9931
39eb9c87-c07b-41d2-947b-11fd37083707,1,70,3,pass,5182
43ca40ac-f40a-4c91-8048-b4630765c2e2,2,158,12,pass pass,12690
6ad77ab1-2138-40c6-96a2-a406d5947bc4,3,512,21,revise revise pass,34171
49d87965-e2f6-4fc4-8cb7-b8d96414ae80,1,89,4,pass,4594
278d3f15-ff01-425e-8af0-33b628edcaf9,1,159,7,pass,6797
44ad0456-3946-4fab-a9db-27c09385314b,3,530,21,revise pass concern,33979
ae1fdf72-6ec2-462f-8eaa-e80583371076,4,423,28,revise pass open pass,25293
853c5ae1-26d2-40da-af5d-fc158c669810,7,1610,50,revise pass revise open revise concern concern,72694
f2ff7df5-4fe1-41e7-8de7-afe6b8637ac7,2,212,10,revise pass,16297
542e7443-f137-453b-8966-1bf7ef3d547c,1,89,3,pass,3617
5ed87780-c191-4a6b-b02e-dc7cb963a8d0,3,355,21,open revise concern,32951
8db1a6cd-f914-40d3-9709-893408d1b449,3,621,26,revise revise revise,40782
dd5e9347-5c16-4aff-a749-d94f1be503a8,1,110,8,pass,9160
eff71627-6434-4e5f-a4c9-4da107644012,1,73,5,pass,5759
5f34c076-84d6-4e90-8457-1a33d44bfc1a,2,164,12,revise pass,14382
4383f305-aa23-40a4-bb0f-b4ef177cb158,2,308,16,pass concern,26203
bbd11ba3-0056-4621-96a4-fac3d4058ca6,8,853,64,revise revise pass concern open revise pass pass,68992
62a47b7c-22e8-4840-9342-0fffdf1352cf,2,187,14,revise pass,17446
b8869c02-7458-4f2e-855b-0b703b598d5e,2,229,16,pass pass,17156
f3de8eb0-a0f2-4231-a8a9-7e78ae407a2c,6,960,48,revise concern revise revise pass pass,52988
d97216b8-eb3a-415f-8716-b087c588f086,4,343,28,revise open pass pass,26234
45da0904-5054-4f78-a685-8afd374f386e,1,85,4,pass,8293
a256a156-f5d4-44b4-8baf-4ca064aa9b4d,2,176,14,revise pass,15507
c9c14221-6127-4713-bf1e-447c83a29823,2,266,14,revise pass,15923
64a3dfee-3dd3-4df9-9a96-2117817b76ec,1,66,4,pass,4662
1dc0d5cf-fe32-4579-ba47-616af532ec57,4,709,29,concern revise revise pass,43082
4bc7f1b4-c735-4c29-9551-541ba6022c86,1,70,8,pass,8226
5d5b2b28-90a5-4c69-bf5e-622650d717e7,1,73,3,pass,5463
2837a347-c25e-4eb2-8401-1d398fc2fe86,1,43,2,pass,3120
05b78767-59d9-4379-933c-23e6316db145,1,62,3,pass,5640
5746a32e-64dd-4d3e-8352-93e67af75358,2,199,14,revise pass,20988
f4c6e714-798f-4b98-8e79-c9fc271e5869,1,72,6,pass,6552
b11084f7-fb68-46cf-951c-36ca6cd7f42f,1,116,7,pass,8791
115d7cf9-e41a-4a81-b031-4ecb1f092481,3,326,21,revise pass pass,31207
b373d37b-7175-4e7f-a3bf-ccfaf7049def,1,61,3,pass,4147
e8bda067-5b08-4061-bce0-148528c1ac9f,2,90,8,open pass,9857
542fa1a4-e38b-4205-85a7-a1199be31b94,2,270,14,revise pass,17127
9207fcfd-e0f3-43cf-a572-2aa8fe5f366d,1,135,8,pass,12573
64b1a4f1-92c9-4eb7-9a1c-392d2bbd4fb1,1,65,4,pass,5918
d6790cac-3649-4b76-8600-6c6d902e44e1,2,251,18,revise pass,19078
b826f03c-b395-4222-ae6e-367909c6e270,3,430,24,concern revise pass,30958
8578ff75-632a-4d9d-9013-0a7e76b5648f,1,77,3,pass,3682
857eea61-452f-489f-b956-b9edf208e5c5,2,267,14,revise concern,17902
371aa87a-d085-41b6-8827-ec4503307ae7,1,47,4,pass,3968
1db376a4-489a-478d-a932-969346224528,2,119,12,revise pass,10523
068c08e3-eb24-4437-b01f-de7f6dd028c1,5,873,40,revise revise revise revise pass,54906
f16dfa94-fa42-469a-932e-f74ef0f46582,1,98,5,pass,9408
31fb5b8c-7374-4563-a6f4-7b8ce2d948ac,2,202,12,revise pass,14032
14f3c0be-4f41-4cb5-8e40-1507286bbf93,6,1483,48,revise revise revise revise revise revise,71510
5ca30f5e-e0b1-42eb-a563-b8e7af9d257e,3,271,15,revise pass pass,17782
7cac1bf7-aa69-4174-9232-d0b0539aedc4,1,71,3,concern,7062
326b914c-8a4d-4415-a5e2-996bc07f7274,6,1018,50,revise revise revise revise revise pass,57517
1bd54653-b8b1-4f7a-a2e7-b5656d942eaa,1,60,3,pass,5787
f0ead9ad-3dd1-4082-9eb6-90415e2588c0,1,45,4,pass,4705
7c88cb42-5a3e-4da9-9c75-f804cd74cd1a,4,626.124,31,revise retried revise pass,40070
4424534f-7868-46a4-b43d-b7fff95acf1b,1,72,4,pass,7030
ac65afb6-d7a4-4671-9b33-2995b569d083,1,51,3,pass,3506
244535fa-d04d-4a18-a22b-fa0f9c217e6b,8,1418,72,revise revise pass revise revise pass pass pass,83314
947e89a1-6638-478b-acd4-06ef6168f701,4,254,28,open pass concern pass,27384
0d519cd3-7f6d-4c2f-9a85-9d1f9d21702a,3,285,21,pass revise pass,24944
a94584e8-a7b6-473a-9196-00c6309acb4f,1,55,3,pass,4710
f8f9ae0d-3592-4589-ac6c-e2602e941f48,4,356,32,revise pass open pass,25958
a943da00-7565-4dc4-98ab-0e568c9bc31d,4,397,32,open revise revise revise,43873
b974af34-1018-4710-a8f0-a88f0cd20861,1,68,4,pass,5647
53c73bbd-f13e-4b99-94da-18791fb97ad1,3,171,9,open pass pass,10539
ebd0fd66-722f-468c-9522-ef4e47baf54f,1,79,7,pass,7714
379c0da8-57a4-4295-b46f-27e5f524fc4d,2,139,14,pass pass,12865
f1d2111a-c855-4595-9095-a83b8fcda92a,10,3128,90,concern failed revise revise revise concern open revise revise revise,121733
4a3b47e3-3947-40e6-b977-063cefc1402e,2,348,16,revise pass,19408
cf6f8393-cbb4-4253-a702-7615bfad3248,2,177,12,revise pass,16697
ed41a873-40bb-4179-8b86-a17a0a72f07e,1,77,6,pass,8938
1ede8f79-b329-4bb5-a9b0-03d380715ac7,1,58,7,pass,6424
90b81ce8-61e5-416d-9315-53319d9e1ae9,1,177,5,pass,6487
3538ef34-e457-4643-8bcd-5b8e66188ba5,1,74,9,pass,7405
8a86a175-6a6e-4e69-af67-ba52a052008c,2,119,18,open pass,16596
cb3ad75e-056b-4b40-a7cc-056f9d5d3ff6,4,321,36,revise open pass pass,27903
bdba16c5-b720-4fe2-9b24-e83b6d137650,1,70,3,pass,6138
5c597354-f3dc-44f9-a0f4-267fdd3f3719,1,82,5,pass,8051
69566233-72dc-4e0f-b334-aff8404a25f6,3,251,12,pass open pass,25019
eb79b198-07aa-4098-8fc5-cacb1cff784e,2,77,10,open pass,10762
885578b1-66dd-438f-a663-79c26d30d91a,1,89,3,pass,3714
d4773faa-1ed4-4511-9f65-3127f7fd03e1,3,245,27,concern open pass,31810
659ddb93-98bc-44ea-a892-f1315c81d143,3,308,25,open concern concern,33226
c85be6af-3b45-4dc8-bbe5-03a6dff59bd8,5,549,41,pass open pass pass pass,43485
f387f7b2-4cf0-444d-98a4-27a5577db53c,1,88,4,pass,9183
4fb47952-30ff-45de-a9e2-99c37dd9b822,1,65,4,pass,4856
ebe22e74-1983-4eb9-99b1-d9e31ade3418,5,800,35,open revise pass revise pass,45219
cb874c2b-345b-46c5-b6ab-d62dab1caf9c,1,48,2,concern,4306
04cbce25-4528-4356-9fb5-a11fee5a84af,1,55,5,pass,4520
13fbe0f9-7441-4c6e-8581-b27dd168370d,2,45,6,open pass,2554
85595c1c-4ef8-44d0-83c9-a045d7fb8d6e,1,107,6,pass,8852
3315df2a-506c-4f98-9390-b7724761cda9,1,101,9,pass,8642
74fbf6b0-1df8-419e-bf98-5aed58c3c5e3,1,60,4,pass,5927
555b8bd7-604f-4d24-b21e-5bd7ec86b9dd,1,97,9,pass,7342
26b42a25-63f1-4942-9921-1181c7c6ffab,2,335,13,revise pass,22172
b1ac7c48-e41d-4460-9c4c-2a9ed3f0b50a,2,188,8,revise concern,13424
e66aa82f-ddfd-4f82-a020-a921143866e0,3,192,25,open concern concern,20942
2d14ecf3-299f-4819-9311-b6947bec9032,1,82,6,concern,8311
55ba7223-3054-4933-baf3-ef87bbdaf10c,4,855,32,revise open pass pass,40495
df41a53a-9014-4676-8c50-348e25c5f372,2,157,12,revise pass,12721
191414fa-233f-4606-a195-c3f5c4c4f278,1,49,2,concern,4610
01da4857-b07b-4949-a779-8c5c8cd20f4f,1,62,5,pass,4059
a906f17a-115c-4ca9-af60-2354641ac229,2,135,10,revise concern,13019
2a145e51-0f6e-4f74-875a-bf9ec712a4af,6,1072.666,53,revise retried open open revise revise,80738
f6f34026-0ad0-4467-b741-9ed5358e2bc4,1,82,4,concern,7322
aa50261c-d6cc-4b0a-8782-b8cb727f86f5,2,281,8,revise concern,13894
1ef538f4-bb7e-4aeb-b605-8efa327ab545,3,595,23,revise concern pass,36036
e598198d-1c03-49eb-92da-da1e193e3d3f,1,88,7,pass,7070
c91fe7d6-e1d8-4057-a2e9-ab6254e9c330,4,462,28,revise pass revise pass,30831
6d131afb-559b-4b2c-ac2a-c02b254d1215,1,73,4,pass,4787
2085f75b-ab78-479e-aca0-f5bd0ede4e0f,1,101,4,pass,5544
633d67e4-cf9e-47cf-becf-cc490d5c7f01,3,238,18,pass revise pass,24312
e323ab33-1d46-4cbb-912e-9243df70cf9b,1,229,8,concern,13309
d844bcf4-4b17-4efd-80c2-6079f7a570d4,1,62,4,pass,6921
277e0a35-4d8a-489e-b5fd-ef2fcf7eae4a,1,88,5,pass,4969
8b39a3a7-6f3c-4c4e-b142-0f1bd23d37f3,1,91,5,pass,6700
b92c1830-ac22-492c-8f43-1920ccc876c8,1,111,4,pass,5249
20c909a5-4ed9-4006-b9ba-6f02ad9bfc33,3,665,27,revise revise revise,48011
ea10dc71-bbfe-4b2d-9c0f-f5adfb1cf081,1,70,4,pass,4734
face755a-58a2-4c0f-8c89-0ed916a64b29,3,357,12,revise pass pass,17606
d451df26-a2b8-46c0-a676-8d6946a73c0f,4,428,31,revise concern revise pass,33109
98b5d449-822c-409e-8964-af74901b3aac,5,607,40,pass concern open pass pass,47337
59f842a5-d062-465a-8648-fd00deba193e,6,1180,54,revise revise revise open pass pass,70781
b7e5759b-ae0c-4d91-acb8-d7e7664d24ec,1,81,4,concern,7691
06d2859c-0fd8-45da-8cba-949a024bbddd,4,1016,32,revise revise pass pass,46523
c6ffd6eb-37d4-4536-a3d6-a77cd238cfa2,1,103,4,pass,5911
e4fb40f7-ea8b-408f-a171-f73f3dfa7682,1,70,8,pass,7117
d9e44747-aff3-44d1-bcb3-17dec4b56ebb,11,1694,95,revise revise open pass revise open pass revise pass revise pass,124489
d8b9c5e3-7c85-4a39-ae47-711f51665c9f,7,1532.863,56,revise open pass revise retried failed pass,61142
0dfeb5d7-4624-429a-b762-49119a6b8d4c,4,758,32,revise revise revise concern,49048
899e4f30-1b1f-47ab-be7f-c3e3910b6a90,3,276,12,pass revise pass,18782
4cf887af-ef6a-4c13-b2e2-e03006a6598d,1,82,3,concern,5772
5446ca44-a277-4f7c-8514-4eff6e8c0aa2,2,142,8,revise pass,15033
70b5950b-9b04-423e-8c33-af9ac821b412,1,63,4,pass,5057
c75f6be8-bb14-4ae8-8984-f6b4503a8e76,4,549,32,revise revise revise pass,40495
f043a0e7-129a-4145-823a-8fc843fc4d27,1,65,4,pass,5671
5ad4c339-c232-489f-9760-ed5a51f6108c,2,221,8,revise pass,16847
84b51752-7084-49b8-a783-20ba7d9b8955,2,186,8,pass pass,12996
26543058-d443-4f7f-88f5-d57f4e6d404b,3,296,17,pass pass pass,23460
d7094229-1270-4316-b585-c6bed8f13791,3,381,24,pass pass pass,29460
65abc83e-790b-4861-9c30-25d4764dd7bc,1,108,4,pass,7608
6192d28c-f944-4b4e-8761-a575864f0b2e,1,103,6,pass,9875
174ac53c-3f90-45f4-aa0e-ac4c9fa650ee,1,126,4,pass,5869
fbb0ee8c-e5c7-465b-b3b0-08db5d354438,4,400,18,open pass pass pass,32005
41f076b2-b439-46ed-9822-1a7556e87520,1,148,5,pass,7100
49be069c-6f9d-4776-839f-ba8d13481342,3,344,21,revise revise revise,26850
e6905056-7dc7-4b61-9c5c-2db61be55ed7,1,161,8,pass,9799
56a4ab34-6d04-42bd-a2cc-c5968fa5aef4,1,118,6,pass,8920
aae89360-26d5-4710-b711-37913eb60302,1,208,9,concern,15176
5db81690-43a2-41a5-a1a5-f89778e84364,2,252,16,revise pass,23503
e21a52f8-bcf6-4a78-91cc-29fc2c8b4fa4,3,381,21,concern revise pass,22444
f42d4c2b-4369-4e9d-82b7-8a05d15058d6,4,397,32,revise open pass pass,42434
e4d2bae0-198c-4ea0-b22f-7d5065806d41,2,112,8,open pass,9868
38397795-1f9d-40a2-b701-48bc5c0ffe80,1,50,3,concern,4001
83432f1b-b57a-4178-a517-3e6f3381df39,2,125,8,pass concern,10266
69a3ad72-bf52-4e8a-b5df-4bdb3df46213,1,47,3,concern,4594
3494a5de-bfe5-45ce-ade4-62fa48cfb5bf,2,191,8,pass pass,13747
f6ff841f-63d4-4326-bf19-d6054ed0aafb,1,56,4,pass,6435
67b5a04f-0f88-48ac-8c45-5f24b2882f49,1,60,3,concern,5271
12273626-02bd-4608-b8ea-5440fae445aa,1,119,7,pass,5851
c1ec2ca1-3881-41fc-8ca3-920d6e2393a7,1,151,7,pass,7611
21291c4f-c263-4b5f-aa52-08399eac5863,2,136,14,open pass,14696
5ca52e56-6c9f-4b6c-9d4e-d971eee4a596,1,94,7,pass,7561
ddb28feb-3b7f-474d-b0cb-5a909aea8078,1,79,7,pass,9419
5ae955d3-0448-416f-8993-3e5ce40c05b9,3,323,21,open revise pass,24995
9dfa3613-bd6a-457e-8f57-a5ca0439bf23,1,174,8,pass,8338
9250c703-2a7e-4a07-9778-0a9e16c4d65a,2,216,14,revise pass,15280
f23c2345-7341-43b2-be49-fbf4520732b9,1,148,7,pass,8309
3dd9794b-5ca5-4d20-b012-3b281ea91f58,1,36,3,pass,2442
f0def117-40f5-4936-b0c8-c90612cbff4a,1,151,7,pass,8345
129e6c4d-854f-4d21-b1e6-5490d5795ba6,1,70,4,pass,3969
b08f3cf2-8a9b-4089-b086-784947f19aea,1,70,5,pass,6472
9b72a774-7227-4059-af3f-39a5620237e7,1,41,3,pass,4374
e4ca5692-f27a-4827-8fb0-66a67eb3d4b4,1,73,4,pass,6169
9684d30b-205f-44e6-a871-b447efaf0eb9,3,415,24,concern revise pass,32413
b0087765-b184-411c-91ef-3c96a0a0e7eb,1,68,3,pass,3680
b6f2acd6-4fdd-4035-989b-f2b79b0cb34f,2,173,8,revise pass,13717
a77cbfbd-37e5-443e-a23b-337a9b0cb9e1,1,121,4,pass,9494
856a9a37-7cb1-4ad0-bdcf-331186ebba17,1,94,6,pass,7564
9eea1f21-1e4e-4776-92f1-d34dbc074527,3,672,27,revise revise concern,38781
8253ed85-e606-482c-a5b7-48c3e602df97,6,1198,46,revise revise revise revise revise pass,73562
ed279683-57a4-4b5c-bbdb-8cfb20ccccb9,2,424,14,revise pass,22545
7b57239d-f076-4121-a2d5-30cc450eff8b,1,88,6,pass,5699
6c698246-c3d0-400f-86cf-169c68cc6e2c,2,143,8,revise pass,11064
31172cf2-82f2-40e2-a9e4-08b8b3dbea21,1,62,4,concern,6491
6ab13226-1263-4250-8126-a0f7bf7cc9c9,1,75,4,pass,6326
507af7c7-f6f9-46dd-84b7-3042840074a3,3,421,21,revise revise pass,28637
6a6c9985-4911-40e7-9fc4-e1deb3bd4f21,2,345,8,revise pass,13683
fbcb8401-6efc-4216-acc0-171eda94c50d,1,176,4,concern,8590
e2f02d00-eb18-420e-9e9e-672fce76038f,4,629,34,revise revise revise concern,49887
01881c1c-8ec9-4f95-b904-b947e9989020,4,480,27,revise concern open pass,32590
3a058014-3486-4e6f-9c31-c6c66f41fd85,2,233,14,revise pass,17792
38e2de9e-e445-41fd-9266-c66016784478,1,96,5,concern,7152
125cbb21-a619-496a-9f40-bcd9f536f6be,2,222,8,pass pass,13363
0bf47e9f-f5c9-4843-9697-dbe150c54899,1,32,4,pass,3483
74763313-a654-4e9f-89d1-86d1c512f5f4,2,212,8,revise pass,11391
d23d6934-a2a7-4278-9e3e-344d1a0d5297,4,518,32,revise revise pass pass,38944
72f19007-ab3c-4232-b3e8-27d4a491d77e,1,51,7,pass,5743
cb8fbdad-68aa-49fe-96b2-779c004f51ad,2,290,16,revise concern,25175
f41cdb88-20b9-4398-b56a-1da245b05b74,2,241,14,concern pass,19249
54ba518f-15ed-4f88-8cc3-895c75ded4a3,1,138,7,pass,9587
d4ffadae-9fcc-45d2-a4e4-91dadfccd88f,1,69,3,pass,3407
b7cd626c-de03-4ac4-aabb-fefa0fe11458,5,639,42,revise revise pass open pass,55483
4af52b96-4075-4dad-bf45-d1048cfdb8d5,4,280,16,revise revise open revise,17874
4ac28b21-fc76-46aa-bc40-a2993dbebb9e,1,74,1,pass,0
2b3a893c-594d-4198-a730-252d0b7acc2d,2,322,13,concern pass,14668
2551405d-3809-4a7b-9dab-ef7c1a94afa2,2,265,14,revise pass,20296
8f3514c0-f119-4c60-88e5-532b3832bf2e,3,432,27,revise concern pass,39020
a699e659-661d-4927-857e-50b7cac52a23,3,1234,26,concern concern failed,40601
b5cd0c9c-5f7e-4268-ac2f-0b410b3163b7,1,600,7,failed,10708
b405848b-d232-4d81-b1dd-e8530232db60,2,708,16,concern failed,20400
889d14a7-bfd3-4c42-9119-1b9bfbc46821,1,119,7,pass,9300
ccaed544-1306-43ad-9d18-f97d50f69b06,2,152,10,revise pass,12057
f68cc82a-1bc6-4f40-a5a5-ea5300ca726c,5,1170.216,35,revise open concern retried failed,40666
48c1d2f2-6e31-4946-a345-5c4b54661bd7,1,81,5,pass,6017
d03ee062-4f6a-47cb-b854-81a2dc0cf478,1,79,4,pass,4771
b2375b92-a2a7-4525-bb24-497c801f157c,6,818,44,revise revise revise open pass pass,55212
9150b3de-022c-4039-9abd-18e2e1215ea6,1,56,5,pass,5320
9e18d6f6-f38c-49c3-88d7-c89eef43d827,2,320,14,revise pass,20086
dcf01067-0489-40cd-9465-04f40fac86ca,3,263,20,revise revise pass,21862
d0807985-aa93-4336-9b0e-800bda313346,2,754,16,revise failed,21990
c5891fad-2652-49be-8fe5-3fe1987ef400,3,1110,27,revise revise failed,41423
46e9d7c4-279e-4849-ae8f-5a8fcec69d82,2,274,13,concern pass,21544
dc1216aa-b4bc-45b6-8fdb-8f5933e2cdf6,2,234,10,revise pass,14034
44d03f9a-c48c-4c46-95e8-c45febd42630,1,600,7,failed,10250
b80c3aa6-08f1-4dbe-964a-4275fbfd84ef,1,117,1,concern,0
32a781bc-c4da-4e98-b63a-252a05594da9,1,99,5,pass,6363
62872282-8927-48d8-84ee-8537d78175b1,1,77,5,pass,6942
5c3edba1-aa56-4167-93a6-a10508a3e32c,2,143,8,revise pass,10027
7fd1dd78-6307-45c6-998a-69d11aace223,2,169,12,revise pass,14155
37469048-7a35-4f3b-8eaa-18a9bf61cc2a,1,600,4,failed,6385
5656f60c-cf08-49e8-9bf0-455881e9f808,1,107,4,pass,5123
051dc731-6e95-404c-8c53-4884f5266d6f,1,61,4,pass,3358
57cdfa58-7015-4792-b780-fb1960e0e5b0,1,57,4,pass,6815
8effea39-4ed9-41d4-a6cc-bac58694f60c,2,167,14,revise pass,14304
2249516d-d6f4-40ff-913e-c01536db0d94,1,79,7,pass,8103
df5e77fb-57a5-4789-951a-f6f67d5fdd2b,1,105,8,pass,8122
f9cb0ccc-7452-43b7-bbc5-ec66f5ed8331,1,51,4,pass,5211
c9f1c771-c58c-4f41-8ed0-8b819cb8e7d1,2,112,8,revise pass,10827
a5288ffd-3b14-4359-8002-b87bd1c819d6,1,61,4,pass,4266
e142788b-5c74-49a0-b098-ec1a0be547a9,1,114,5,pass,6846
e69f33a6-77b7-450d-8bd5-faec809a2990,2,143,10,revise pass,12841
45b014b1-80e7-4b4a-8097-ec3635ac6be4,1,92,5,pass,6933
c97eccb3-9a3d-4bf2-8a1b-2059bc9fbce9,1,100,5,pass,7438
84e57e8c-13dc-460e-a394-5779b6899b0a,1,181,3,pass,4680
b15b3e98-b5a7-4cd6-ace1-64340176471c,1,600,8,failed,9917
6ee8d3a0-74a3-451d-b683-b152ca5de400,1,606,8,failed,9794
cec42012-3960-4438-928a-6e39bbc7c7d2,1,93,5,pass,5629
ab87d3b9-5fcc-4e47-b19a-e62c84f5d7f5,2,136,14,revise concern,16268
0e1b2d57-990d-4df2-aae5-de5cf4f22f6f,1,68,5,pass,7106
0f387041-785f-4210-84d6-6fc7d7dddb40,2,148,4,revise pass,5953
b8b19652-fc18-48d4-94a7-447eeffb03f9,1,600,8,failed,8798
1b74f1cc-1f57-42ac-9818-156024d011a4,2,91,4,open pass,4925
312c1f8c-1f1c-4e2c-a1e7-a7d9f0b75d49,1,55,6,pass,4011
53f78449-e3f2-4172-b0f7-17d2618bdfe3,1,48,4,pass,5072
75bb765a-00f8-4e05-ac0f-ebde915fb59d,2,121,6,concern concern,10039
1fddba59-45d9-4440-9a69-fabd361f13c5,2,196,10,revise pass,13405
e87a4568-b953-4352-b496-7f7011543c21,2,301,14,revise revise,25493
