group,run_id,task_id,start_utc,end_utc,kind,source_id,command
worker,95feb547-c5b7-4fe5-8f8a-38cefe7f2138,927,2026-09-28T20:25:42.547Z,2026-09-28T20:26:41.485Z,E2E,toolu_01Qf8KXvovxWKr6gNzSrgSPV,cargo test --locked --test e2e -- --ignored killed_supervisor_run_is_adopted two_independent_tasks_run_concurrently 2>
worker,95feb547-c5b7-4fe5-8f8a-38cefe7f2138,927,2026-09-28T20:26:45.515Z,2026-09-28T20:28:30.737Z,E2E,toolu_01KZLAAChf36rSiVpsodM5Zc,cargo test --locked --test e2e -- --ignored 2>
integrate,95feb547-c5b7-4fe5-8f8a-38cefe7f2138,927,2026-09-28T20:30:05.162Z,2026-09-28T20:38:21.261Z,LLVMCOV,39306,cargo llvm-cov nextest --locked --workspace --fail-under-lines 80
worker,b5bf072b-3839-43f6-81ac-22045298b3c4,946,2026-09-28T20:37:41.616Z,2026-09-28T20:39:02.077Z,E2E,toolu_01HseGmfwevQgxFDYuMXHysc,cargo test --locked --test e2e -- --ignored 2>
worker,b5bf072b-3839-43f6-81ac-22045298b3c4,946,2026-09-28T20:43:16.177Z,2026-09-28T20:47:11.582Z,E2E,toolu_01WyJ1K4vZyn6aB37hBiLdTi,cargo test --locked --test e2e -- --ignored 2>
integrate,b5bf072b-3839-43f6-81ac-22045298b3c4,946,2026-09-28T20:55:16.044Z,2026-09-28T21:09:14.931Z,LLVMCOV,39500,cargo llvm-cov nextest --locked --workspace --fail-under-lines 80
worker,4848ccab-fdf9-4740-b04a-e36b53a495b1,953,2026-09-28T21:17:21.888Z,2026-09-28T21:19:06.589Z,E2E,toolu_01V9itFwjprDAyLdFkftspJw,cargo test --locked --test e2e -- --ignored > <local-path> 2>
worker,4848ccab-fdf9-4740-b04a-e36b53a495b1,953,2026-09-28T21:30:02.130Z,2026-09-28T21:32:23.640Z,E2E,toolu_01LYoizWVWSqWG6m83Hc5m9i,cargo test --locked --test e2e -- --ignored 2>
integrate,4848ccab-fdf9-4740-b04a-e36b53a495b1,953,2026-09-28T21:34:30.569Z,2026-09-28T21:49:49.321Z,LLVMCOV,39672,cargo llvm-cov nextest --locked --workspace --fail-under-lines 80
integrate,4848ccab-fdf9-4740-b04a-e36b53a495b1,953,2026-09-28T21:49:52.840Z,2026-09-28T22:01:50.026Z,LLVMCOV,39734,cargo llvm-cov nextest --locked --workspace --fail-under-lines 80
worker,abb1a5a3-cfd3-43ba-b492-6af550b000d5,1036,2026-09-28T22:22:23.786Z,2026-09-28T22:24:35.135Z,E2E,toolu_01MUJm1ZEHBzMhDV7gwteLv3,cargo test --locked --test e2e -- --ignored 2>
worker,abb1a5a3-cfd3-43ba-b492-6af550b000d5,1036,2026-09-28T22:24:42.612Z,2026-09-28T22:26:41.979Z,E2E,toolu_01KjUasAR942nAJurh6z5CXh,cargo test --locked --test e2e -- --ignored 2>
integrate,abb1a5a3-cfd3-43ba-b492-6af550b000d5,1036,2026-09-28T22:27:43.459Z,2026-09-28T22:35:32.982Z,LLVMCOV,40252,cargo llvm-cov nextest --locked --workspace --fail-under-lines 80
worker,9626ce5a-fb55-423b-ab72-ac8285f56360,997,2026-09-28T22:41:00.356Z,2026-09-28T22:42:14.653Z,E2E,toolu_01Jc2fE7m2SUt3aEpXBPZKCx,cargo test --locked --test e2e -- --ignored 2>
worker_end_missing,31743dd7-b074-4417-919b-579b272856aa,1044,2026-09-28T22:46:54.867Z,,LLVMCOV,toolu_01EGzLhxugHSCiraP2dQeU7j,cargo llvm-cov nextest --locked --no-report --test it -E 'test(/^runtime_/)' > $S/cov-run.log 2>
worker,9626ce5a-fb55-423b-ab72-ac8285f56360,997,2026-09-28T22:51:35.073Z,2026-09-28T22:54:08.973Z,E2E,toolu_01J14XekT5hzaUhvhuESkUGG,cargo test --locked --test e2e -- --ignored 2>
worker_end_missing,31743dd7-b074-4417-919b-579b272856aa,1044,2026-09-28T22:54:15.359Z,,IT-wide,toolu_01E2AD6sySGc1fa9mYVyc1PR,cargo nextest run --locked --test it > $S/base.log 2>
worker_end_missing,31743dd7-b074-4417-919b-579b272856aa,1044,2026-09-28T23:01:57.899Z,,IT-wide,toolu_01RPCcDHYokLRvR3Z9Y9PSXz,cargo nextest run --locked --test it > $S/after.log 2>
worker_end_missing,d479ca76-6263-4cd3-a62e-bc266dff09e8,1045,2026-09-28T23:07:32.007Z,,E2E,toolu_01AA6hGFCDt4mDNfndGWwDLc,cargo test --locked --test e2e -- --ignored > $S/e2e.log 2>
worker_end_missing,75969620-d084-4716-abc9-cd29ebcebbf9,834,2026-09-28T23:08:31.045Z,,E2E,toolu_01Hawm9m7Yoz5G2Jud3pfKLg,cargo test --locked --test e2e -- --ignored > <local-path> 2>
worker,d479ca76-6263-4cd3-a62e-bc266dff09e8,1045,2026-09-28T23:13:29.836Z,2026-09-28T23:14:24.194Z,E2E,toolu_01QxbJ4nrkBDx95daKuoDNG9,cargo test --locked --test e2e -- --ignored two_independent_tasks_run_concurrently_and_a_dependent_follows_integration 2>
worker,75969620-d084-4716-abc9-cd29ebcebbf9,834,2026-09-28T23:14:47.587Z,2026-09-28T23:16:40.975Z,E2E,toolu_01R9vfQryYYzaA2Gv6P5Y8AE,cargo test --locked --test e2e -- --ignored up_in_cmux_starts killed_supervisor_run plan_opens_planners two_independent_tasks > <local-path> 2>
integrate,75969620-d084-4716-abc9-cd29ebcebbf9,834,2026-09-28T23:18:25.884Z,2026-09-28T23:31:15.121Z,LLVMCOV,40504,cargo llvm-cov nextest --locked --fail-under-lines 80
worker,d479ca76-6263-4cd3-a62e-bc266dff09e8,1045,2026-09-28T23:23:11.418Z,2026-09-28T23:29:02.717Z,IT-wide,toolu_01U4y34Pzw4GBbyRHcjg44Do,"cargo nextest run --locked --test it --test-threads 6 --no-fail-fast -E ""$F"" 2> / cargo nextest run --locked --test it --test-threads 6 --no-fail-fast -E ""$F"" 2>"
worker,31743dd7-b074-4417-919b-579b272856aa,1044,2026-09-28T23:30:16.953Z,2026-09-28T23:32:12.148Z,E2E+IT-wide,toolu_015hHZnH6zt1PYKTKZREk8gH,cargo test --locked --test it lifecycle_ 2> / cargo test --locked --test e2e -- --ignored 2>
integrate,d479ca76-6263-4cd3-a62e-bc266dff09e8,1045,2026-09-28T23:31:47.724Z,2026-09-28T23:40:46.248Z,LLVMCOV,40564,cargo llvm-cov nextest --locked --workspace --fail-under-lines 80
worker,9626ce5a-fb55-423b-ab72-ac8285f56360,997,2026-09-28T23:38:50.535Z,2026-09-28T23:40:41.726Z,E2E,toolu_01AMowC3JNeAj8Sw9Y8iegnb,cargo test --locked --test e2e -- --ignored 2>
integrate,31743dd7-b074-4417-919b-579b272856aa,1044,2026-09-28T23:41:07.331Z,2026-09-28T23:47:08.979Z,LLVMCOV,40581,cargo llvm-cov nextest --locked --workspace --fail-under-lines 80
worker,9626ce5a-fb55-423b-ab72-ac8285f56360,997,2026-09-28T23:55:43.217Z,2026-09-28T23:57:01.015Z,E2E,toolu_01MwQ2AkGMpcLMVMY7Ayxnk9,cargo test --locked --test e2e -- --ignored 2>
worker,156d8ba9-31a8-4561-82e9-73a2f2ed9f3c,1046,2026-09-29T00:00:24.817Z,2026-09-29T00:01:38.261Z,E2E,toolu_01QSfzfYv5fe1hPa2cTzW89o,cargo test --locked --test e2e -- --ignored 2>
integrate,9626ce5a-fb55-423b-ab72-ac8285f56360,997,2026-09-29T00:01:35.646Z,2026-09-29T00:08:17.000Z,LLVMCOV,40988,cargo llvm-cov nextest --locked --workspace --fail-under-lines 80
worker_end_missing,3249d68e-a6ed-4ed2-802b-76f3b0c136ac,1049,2026-09-29T00:05:27.292Z,,LLVMCOV,toolu_01Rem3ERLFdA74VXdKacGPpn,cargo llvm-cov nextest --locked --workspace --no-report --test it -E <30 tests>; measurement script
integrate,156d8ba9-31a8-4561-82e9-73a2f2ed9f3c,1046,2026-09-29T00:10:51.121Z,2026-09-29T00:18:21.730Z,LLVMCOV,41072,cargo llvm-cov nextest --locked --workspace --fail-under-lines 80
worker,02d12eae-2b3a-4760-a877-d4e8c2f4b74c,1013,2026-09-29T00:13:57.201Z,2026-09-29T00:15:49.858Z,E2E,toolu_01JofAUrFtzgPzXwYkCBVhPk,cargo test --locked --test e2e -- --ignored > <local-path> 2>
worker,3249d68e-a6ed-4ed2-802b-76f3b0c136ac,1049,2026-09-29T00:16:03.491Z,2026-09-29T00:17:31.759Z,LLVMCOV,toolu_01FSaCRXEzdgH8zxcB4ytcaF,cargo llvm-cov nextest --locked --workspace --no-report --test it -E <30 tests>; measurement script
worker_end_missing,3249d68e-a6ed-4ed2-802b-76f3b0c136ac,1049,2026-09-29T00:17:36.227Z,,LLVMCOV,toolu_011bkEwQuP9VwnTKCPV62Y6M,cargo llvm-cov nextest --locked --workspace --no-report --test it -E <30 tests>; measurement script
integrate,02d12eae-2b3a-4760-a877-d4e8c2f4b74c,1013,2026-09-29T00:20:02.956Z,2026-09-29T00:28:32.849Z,LLVMCOV,41184,cargo llvm-cov nextest --locked --workspace --fail-under-lines 80
worker_end_missing,3249d68e-a6ed-4ed2-802b-76f3b0c136ac,1049,2026-09-29T00:23:53.872Z,,LLVMCOV,toolu_0114fGxikwGCWntAn8m8bLdj,cargo llvm-cov nextest --locked --workspace --no-report --test it -E <30 tests>; measurement script
worker,abd3cdc4-d7b8-496b-8b39-a517c4bfab25,898,2026-09-29T00:39:59.416Z,2026-09-29T00:41:09.227Z,E2E,toolu_01THaAogwyZUjKva8VH9CTMU,cargo test --locked --test e2e -- --ignored 2>
worker,8c08857a-6f43-4251-a11e-eb5dc275bfcb,892,2026-09-29T00:40:48.837Z,2026-09-29T00:42:00.749Z,E2E,toolu_01WaKrjXeuHpCxkThgyWnKwZ,cargo test --locked --test e2e -- --ignored 2>
integrate,abd3cdc4-d7b8-496b-8b39-a517c4bfab25,898,2026-09-29T00:42:17.837Z,2026-09-29T00:48:40.650Z,LLVMCOV,41292,cargo llvm-cov nextest --locked --workspace --fail-under-lines 80
worker_end_missing,f55a9da8-8100-4893-b9da-e8ad168e4ac2,835,2026-09-29T00:50:31.779Z,,E2E,toolu_01GyisgfHDsdgrHTdVmXcRZh,cargo test --locked --test e2e -- --ignored > <local-path> 2>
worker_end_missing,f55a9da8-8100-4893-b9da-e8ad168e4ac2,835,2026-09-29T00:54:59.428Z,,E2E,toolu_01V4qZiTYnbBj1SJBUAnkBcp,cargo test --locked --test e2e -- --ignored killed_supervisor_run_is_adopted > <local-path> 2>
worker,8ca4c8db-382a-4074-8fbf-546ff0276d84,910,2026-09-29T00:57:18.163Z,2026-09-29T00:58:42.466Z,E2E,toolu_01Ma4tHi7EBDxK3YHoTTFPQB,cargo test --locked --test e2e -- --ignored > <local-path> 2>
integrate,f55a9da8-8100-4893-b9da-e8ad168e4ac2,835,2026-09-29T00:59:27.746Z,2026-09-29T01:06:26.400Z,LLVMCOV,41432,cargo llvm-cov nextest --locked --fail-under-lines 80
worker,8ca4c8db-382a-4074-8fbf-546ff0276d84,910,2026-09-29T01:03:25.199Z,2026-09-29T01:05:36.251Z,E2E,toolu_01CCxFbADeEoMXknPt9zsTib,cargo test --locked --test e2e -- --ignored 2>
integrate,8ca4c8db-382a-4074-8fbf-546ff0276d84,910,2026-09-29T01:07:47.276Z,2026-09-29T01:16:32.740Z,LLVMCOV,41481,cargo llvm-cov nextest --locked --workspace --fail-under-lines 80
worker,8c08857a-6f43-4251-a11e-eb5dc275bfcb,892,2026-09-29T01:11:35.009Z,2026-09-29T01:13:47.714Z,E2E,toolu_01E9zT3xY7koyD7rynAieidV,cargo test --locked --test e2e -- --ignored 2>
worker,8c08857a-6f43-4251-a11e-eb5dc275bfcb,892,2026-09-29T01:13:50.689Z,2026-09-29T01:14:23.176Z,E2E,toolu_0165mynYcwuav5W5BHwXBgzj,cargo test --locked --test e2e -- --ignored up_in_cmux_starts 2>
worker_end_missing,b270c53b-8029-48c4-9a64-9af2e0163531,923,2026-09-29T01:14:04.940Z,,IT-wide,toolu_01VfXmG6ZQyYZJWoV274KSht,cargo test --locked --test it -- cli_broker:: lifecycle_ runtime_run_env:: runtime_broker:: runtime_handoff:: 2>
worker,8c08857a-6f43-4251-a11e-eb5dc275bfcb,892,2026-09-29T01:14:26.881Z,2026-09-29T01:16:40.691Z,E2E,toolu_01SBVXFdNdw4A6NMdY3uMphf,cargo test --locked --test e2e -- --ignored 2>
worker,8c08857a-6f43-4251-a11e-eb5dc275bfcb,892,2026-09-29T01:16:44.266Z,2026-09-29T01:17:08.484Z,E2E,toolu_01FyHtdQ6ThWfrJXqci1DgLg,cargo test --locked --test e2e -- --ignored --exact happy_path_runs_a_stub_agent_through_cmux_and_lands_on_main 2>
worker,b270c53b-8029-48c4-9a64-9af2e0163531,923,2026-09-29T01:19:14.887Z,2026-09-29T01:20:07.387Z,IT-wide,toolu_01VRhJ1MbsA7UxxAGMDcmNsp,cargo test --locked --test it -- cli_broker:: lifecycle_ runtime_run_env:: runtime_broker:: runtime_handoff:: cli_status cli_watch cli_events runtime_status 2>
worker,b270c53b-8029-48c4-9a64-9af2e0163531,923,2026-09-29T01:20:42.316Z,2026-09-29T01:21:54.199Z,E2E,toolu_016CuBxEHzj7DNb4KDQRVAuF,cargo test --locked --test e2e -- --ignored > <local-path> 2>
worker,0a11359e-506c-413a-adf4-484b08765886,1062,2026-09-29T01:26:55.034Z,2026-09-29T01:27:45.786Z,IT-wide,toolu_01EbYiH88KW5xnncyswYiXtL,cargo test --locked --test it -- actor_model:: runtime_review:: runtime_observer:: plan_review:: lifecycle_plan:: runtime_stall_recovery:: runtime_throughput_review:: runtime_headless_jobs:: queue_migration:: queue_schema:: cli_stats:: goal_review:: 2>
worker,b270c53b-8029-48c4-9a64-9af2e0163531,923,2026-09-29T01:26:56.424Z,2026-09-29T01:33:52.850Z,IT-wide,toolu_01Lz91CsL4ifygWVTB2XsL6Z,cargo test --locked --test it -- cli_broker:: lifecycle_ runtime_run_env:: runtime_broker:: runtime_handoff:: 2>
worker,0a11359e-506c-413a-adf4-484b08765886,1062,2026-09-29T01:32:13.353Z,2026-09-29T01:33:07.840Z,IT-wide,toolu_01Ci1tMmf7wQuBbRnUkeQcCC,cargo test --locked --test it -- cli_read:: cli_stats:: runtime_ask:: lifecycle_up:: runtime_headless:: runtime_codex:: runtime_landing_answers:: cli_kpi:: cli_roles:: cli_version:: runtime_session:: queue_migration:: queue_schema:: runtime_headless_jobs:: 2>
worker_end_missing,0a11359e-506c-413a-adf4-484b08765886,1062,2026-09-29T01:33:19.943Z,,E2E,toolu_015j7vkmXsJie9uCEYkk4kDn,cargo test --locked --test e2e -- --ignored > <local-path> 2>
worker,b270c53b-8029-48c4-9a64-9af2e0163531,923,2026-09-29T01:35:16.161Z,2026-09-29T01:36:36.498Z,E2E,toolu_01E34NR2nQowukUQhL8LVmNg,cargo test --locked --test e2e -- --ignored 2>
worker,b270c53b-8029-48c4-9a64-9af2e0163531,923,2026-09-29T01:39:12.617Z,2026-09-29T01:41:15.165Z,IT-wide,toolu_01E6dgMsf1qpSqSvZ2TxAwgJ,cargo test --locked --test it -- cli_broker:: lifecycle_ runtime_run_env:: runtime_broker:: runtime_handoff:: 2>
worker,b270c53b-8029-48c4-9a64-9af2e0163531,923,2026-09-29T01:41:18.006Z,2026-09-29T01:42:42.270Z,E2E,toolu_01QyA1r1WBU8iykYc9Bn8bXx,cargo test --locked --test e2e -- --ignored 2>
integrate,0a11359e-506c-413a-adf4-484b08765886,1062,2026-09-29T01:41:41.382Z,2026-09-29T01:48:36.842Z,LLVMCOV,41657,cargo llvm-cov nextest --locked --workspace --fail-under-lines 80
integrate,b270c53b-8029-48c4-9a64-9af2e0163531,923,2026-09-29T01:48:56.456Z,2026-09-29T01:57:16.522Z,LLVMCOV,41761,cargo llvm-cov nextest --locked --workspace --fail-under-lines 80
worker,0d6c3d18-f1f1-4b46-9471-2c29ba6d754d,843,2026-09-29T01:51:03.962Z,2026-09-29T01:53:29.053Z,E2E,toolu_01XPYv4NgDPDP5v1ZfZvDyUn,cargo test --locked --test e2e -- --ignored > <local-path> 2>
worker,0d6c3d18-f1f1-4b46-9471-2c29ba6d754d,843,2026-09-29T01:57:17.892Z,2026-09-29T01:58:43.364Z,E2E,toolu_01JCr929p4nw69FgxcXtxAcp,cargo test --locked --test e2e -- --ignored > <local-path> 2>
worker,b270c53b-8029-48c4-9a64-9af2e0163531,923,2026-09-29T01:58:48.748Z,2026-09-29T02:07:56.184Z,LLVMCOV,toolu_01BoSu8AGDN6Mv6JBHDFpz25,cargo llvm-cov nextest --locked --workspace --fail-under-lines 80 > <local-path> 2>
integrate,0d6c3d18-f1f1-4b46-9471-2c29ba6d754d,843,2026-09-29T02:00:45.749Z,2026-09-29T02:11:08.087Z,LLVMCOV,41860,cargo llvm-cov nextest --locked --fail-under-lines 80
worker,3bc92a1b-ca6c-4e40-9042-44e1cca0f92c,915,2026-09-29T02:01:52.169Z,2026-09-29T02:08:17.439Z,E2E,toolu_01Xmrd9kQ78xorq5nCTNGexH,cargo test --locked --test e2e -- --ignored > <local-path> 2>
worker,3bc92a1b-ca6c-4e40-9042-44e1cca0f92c,915,2026-09-29T02:08:28.939Z,2026-09-29T02:09:33.837Z,E2E,toolu_01TKhff5u3iufqPgKAA2f4pJ,cargo test --locked --test e2e -- --ignored two_independent_tasks_run_concurrently 2>
integrate,3bc92a1b-ca6c-4e40-9042-44e1cca0f92c,915,2026-09-29T02:11:36.032Z,2026-09-29T02:20:52.138Z,LLVMCOV,41965,cargo llvm-cov nextest --locked --workspace --fail-under-lines 80
worker,53322c47-13ca-460f-b49d-43f946b90218,917,2026-09-29T02:15:31.730Z,2026-09-29T02:19:24.661Z,E2E,toolu_01Q7GJPk81VgnvHgZcTcHCdA,cargo test --locked --test e2e -- --ignored > <local-path> 2>
worker,b270c53b-8029-48c4-9a64-9af2e0163531,923,2026-09-29T02:19:23.686Z,2026-09-29T02:29:42.526Z,LLVMCOV,toolu_01N56A3Z4rpbDrW13DienpJR,cargo llvm-cov nextest --locked --workspace --fail-under-lines 80 > <local-path> 2>
integrate,53322c47-13ca-460f-b49d-43f946b90218,917,2026-09-29T02:21:13.701Z,2026-09-29T02:33:27.978Z,LLVMCOV,42009,cargo llvm-cov nextest --locked --workspace --fail-under-lines 80
worker,b270c53b-8029-48c4-9a64-9af2e0163531,923,2026-09-29T02:29:50.824Z,2026-09-29T02:34:24.032Z,E2E,toolu_016oPYxNWtn5KutrGMsko2vz,cargo test --locked --test e2e -- --ignored 2>
worker_end_missing,1cb5bc97-fffb-4840-a0ff-b6af2d215029,925,2026-09-29T02:35:42.115Z,,E2E,toolu_01Y3sxNPiJD5JXvheyXfEE4q,cargo test --locked --test e2e -- --ignored > <local-path> 2>
worker,b270c53b-8029-48c4-9a64-9af2e0163531,923,2026-09-29T02:40:02.991Z,2026-09-29T02:41:21.994Z,IT-wide,toolu_01HaD4aMN433wG9nbtyPqDoR,cargo test --locked --test it -- cli_broker:: cli_tasks:: lifecycle_ runtime_run_env:: runtime_broker:: runtime_handoff:: 2>
worker,b270c53b-8029-48c4-9a64-9af2e0163531,923,2026-09-29T02:41:24.763Z,2026-09-29T02:42:45.823Z,E2E,toolu_016Poa4s9a7VJp1QcttWar4t,cargo test --locked --test e2e -- --ignored 2>
integrate,1cb5bc97-fffb-4840-a0ff-b6af2d215029,925,2026-09-29T02:41:39.199Z,2026-09-29T02:48:26.405Z,LLVMCOV,42165,cargo llvm-cov nextest --locked --workspace --fail-under-lines 80
worker,b270c53b-8029-48c4-9a64-9af2e0163531,923,2026-09-29T02:50:05.808Z,2026-09-29T02:52:41.147Z,IT-wide,toolu_01BushQB34mLGHm13p2N4pos,cargo test --locked --test it -- cli_broker:: cli_tasks:: lifecycle_ runtime_run_env:: runtime_broker:: runtime_handoff:: 2>
worker,b270c53b-8029-48c4-9a64-9af2e0163531,923,2026-09-29T02:52:43.714Z,2026-09-29T02:54:09.922Z,E2E,toolu_01D8bPETH32Ats6a4hBPx5DC,cargo test --locked --test e2e -- --ignored 2>
worker,79d0397a-11da-4a08-a1aa-fad5f81218e1,1064,2026-09-29T02:53:49.276Z,2026-09-29T02:55:21.333Z,IT-wide,toolu_01WuET4oMZDqJvrxvjHBnPXs,cargo test --locked --test it $m 2>; modules: plan_review:: runtime_observer:: runtime_throughput_review:: goal_review:: runtime_queue_hold_detect:: lifecycle_plan:: runtime_triage runtime_review runtime_recovery runtime_provider_switch
integrate,b270c53b-8029-48c4-9a64-9af2e0163531,923,2026-09-29T02:55:39.997Z,2026-09-29T03:03:12.595Z,LLVMCOV,42289,cargo llvm-cov nextest --locked --workspace --fail-under-lines 80
worker,79d0397a-11da-4a08-a1aa-fad5f81218e1,1064,2026-09-29T02:58:05.431Z,2026-09-29T03:01:09.255Z,E2E,toolu_01XqNAvMsRaqyq3cAoAMVpH4,cargo test --locked --test e2e -- --ignored > <local-path> 2>
integrate,79d0397a-11da-4a08-a1aa-fad5f81218e1,1064,2026-09-29T03:03:54.280Z,2026-09-29T03:13:07.349Z,LLVMCOV,42338,cargo llvm-cov nextest --locked --workspace --fail-under-lines 80
worker_end_missing,e6f39804-3b6d-4e2c-a9e4-3a6d2ccfa1ea,984,2026-09-29T03:13:24.307Z,,E2E,toolu_01W7Drz3mGaWqzt2151yWf3w,cargo test --locked --test e2e -- --ignored > <local-path> 2>
worker,27424c87-006a-4d9f-bb14-d51d56fee610,1043,2026-09-29T03:21:22.122Z,2026-09-29T03:22:45.408Z,E2E,toolu_01Gh61asFvYmbZtJty6Bs8U2,cargo test --locked --test e2e -- --ignored 2>
worker,e6f39804-3b6d-4e2c-a9e4-3a6d2ccfa1ea,984,2026-09-29T03:23:43.437Z,2026-09-29T03:24:54.599Z,E2E,toolu_01TdHijcLjpRLnAoJs9t1bwR,cargo test --locked --test e2e -- --ignored 2>
integrate,27424c87-006a-4d9f-bb14-d51d56fee610,1043,2026-09-29T03:24:42.507Z,2026-09-29T03:31:13.188Z,LLVMCOV,42512,cargo llvm-cov nextest --locked --workspace --fail-under-lines 80
integrate,e6f39804-3b6d-4e2c-a9e4-3a6d2ccfa1ea,984,2026-09-29T03:31:23.809Z,2026-09-29T03:37:39.329Z,LLVMCOV,42566,cargo llvm-cov nextest --locked --workspace --fail-under-lines 80
integrate,516e623c-d571-44e2-9f4e-2b8e34905429,1066,2026-09-29T03:38:02.829Z,2026-09-29T03:45:17.858Z,LLVMCOV,42652,cargo llvm-cov nextest --locked --workspace --fail-under-lines 80
worker,e6f39804-3b6d-4e2c-a9e4-3a6d2ccfa1ea,984,2026-09-29T03:50:08.258Z,2026-09-29T03:51:26.997Z,E2E,toolu_01NrwGF2ybmrFP66WhxnuwCR,cargo test --locked --test e2e -- --ignored 2>
integrate,e6f39804-3b6d-4e2c-a9e4-3a6d2ccfa1ea,984,2026-09-29T03:54:00.848Z,2026-09-29T04:03:21.363Z,LLVMCOV,42851,cargo llvm-cov nextest --locked --workspace --fail-under-lines 80
worker,8c08857a-6f43-4251-a11e-eb5dc275bfcb,892,2026-09-29T03:54:11.154Z,2026-09-29T03:56:16.615Z,E2E,toolu_012s9Hbv4NeyNjhLhmvTw6zG,cargo test --locked --test e2e -- --ignored 2>
worker,202d2ace-f341-4ae1-a097-df30b034543c,1047,2026-09-29T03:58:08.992Z,2026-09-29T03:59:43.623Z,E2E,toolu_01S7aKWbeufJsK2sYuzyJtQM,cargo test --locked --test e2e -- --ignored 2>
worker,8c08857a-6f43-4251-a11e-eb5dc275bfcb,892,2026-09-29T04:10:30.147Z,2026-09-29T04:11:56.070Z,E2E,toolu_01GMgKbx4axjicQSe5WUBxDD,cargo test --locked --test e2e -- --ignored 2>
worker,06139bd8-1fb2-4f48-ad17-9e7697c36cc8,862,2026-09-29T04:22:55.480Z,2026-09-29T04:24:05.186Z,E2E,toolu_01SFmZr7keq52Rnr62c3neoh,cargo test --locked --test e2e -- --ignored > <local-path> 2>
worker_end_missing,94bd8a16-be84-4a68-a558-4b18d5fa0e86,1085,2026-09-29T09:11:32.558Z,,E2E,toolu_01KHMYn7wiXEeuyvyPhFDtzR,cargo test --locked --test e2e -- --ignored > <local-path> 2>
integrate,8c08857a-6f43-4251-a11e-eb5dc275bfcb,892,2026-09-29T13:12:17.466Z,2026-09-29T13:18:01.909Z,LLVMCOV,43080,cargo llvm-cov nextest --locked --workspace --fail-under-lines 80
integrate,06139bd8-1fb2-4f48-ad17-9e7697c36cc8,862,2026-09-29T13:18:17.988Z,2026-09-29T13:27:25.114Z,LLVMCOV,43091,cargo llvm-cov nextest --locked --fail-under-lines 80
integrate,06139bd8-1fb2-4f48-ad17-9e7697c36cc8,862,2026-09-29T13:27:33.625Z,2026-09-29T13:33:16.537Z,LLVMCOV,43095,cargo llvm-cov nextest --locked --fail-under-lines 80
worker,94bd8a16-be84-4a68-a558-4b18d5fa0e86,1085,2026-09-29T13:37:10.335Z,2026-09-29T13:38:21.232Z,E2E,toolu_01L51hYA66xijK4DAWrg6EVc,cargo test --locked --test e2e -- --ignored 2>
integrate,94bd8a16-be84-4a68-a558-4b18d5fa0e86,1085,2026-09-29T13:39:14.640Z,2026-09-29T13:47:09.115Z,LLVMCOV,43206,cargo llvm-cov nextest --locked --workspace --fail-under-lines 80
worker,2f13c37c-5da3-44b2-a8d1-efa7af4c9c12,863,2026-09-29T13:43:54.213Z,2026-09-29T13:45:41.749Z,IT-wide,toolu_01QSjYFLHRw2qWSY1npsQnGN,"cargo test --locked --test it ""$m::"" 2>; modules: runtime_handoff runtime_exit_retry runtime_headless_jobs runtime_review_adopt runtime_review_conflict runtime_precheck runtime_waiting runtime_waiting_stages runtime_stall_recovery runtime_review_exit"
worker,2f13c37c-5da3-44b2-a8d1-efa7af4c9c12,863,2026-09-29T13:46:09.971Z,2026-09-29T13:47:45.577Z,E2E,toolu_0185ebc2QNWqA3rwzuYfB7bX,cargo test --locked --test e2e -- --ignored 2>
worker,2f13c37c-5da3-44b2-a8d1-efa7af4c9c12,863,2026-09-29T13:51:28.630Z,2026-09-29T13:53:25.906Z,E2E,toolu_01XbK8gh84SkHWLJKBjUXE6r,cargo test --locked --test e2e -- --ignored 2>
integrate,2f13c37c-5da3-44b2-a8d1-efa7af4c9c12,863,2026-09-29T13:54:25.189Z,2026-09-29T14:02:22.799Z,LLVMCOV,43308,cargo llvm-cov nextest --locked --fail-under-lines 80
worker,e0a1afee-7243-4729-9f49-79aef5fd358a,1065,2026-09-29T13:58:41.314Z,2026-09-29T14:00:27.991Z,IT-wide,toolu_013YALX6HHE96ZT5VzZ5WWec,cargo test --locked --test it -- plan_review:: actor_model:: runtime_observer:: runtime_throughput_review:: runtime_review:: lifecycle_plan:: cli_stats:: runtime_codex:: runtime_stall_recovery:: worker_model:: cli_doctor 2>
worker,e0a1afee-7243-4729-9f49-79aef5fd358a,1065,2026-09-29T14:00:37.083Z,2026-09-29T14:01:32.424Z,IT-wide,toolu_012kzmV69ZhgwUoUduYvTneG,cargo test --locked --test it -- cli_read:: lifecycle_up:: inbox_watcher:: cli_graph:: cli_tasks:: language:: cli_roles:: location:: cli_version:: 2>
worker,e0a1afee-7243-4729-9f49-79aef5fd358a,1065,2026-09-29T14:08:16.696Z,2026-09-29T14:09:44.893Z,E2E,toolu_01EaRpm1dA8kBX194jTNf4ag,cargo test --locked --test e2e -- --ignored > <local-path> 2>
integrate,2607bcf2-9ef3-40a4-8c12-622597ef804c,1099,2026-09-29T14:10:11.328Z,2026-09-29T14:17:31.331Z,LLVMCOV,43374,cargo llvm-cov nextest --locked --workspace --fail-under-lines 80
integrate,e0a1afee-7243-4729-9f49-79aef5fd358a,1065,2026-09-29T14:18:47.829Z,2026-09-29T14:26:52.600Z,LLVMCOV,43442,cargo llvm-cov nextest --locked --workspace --fail-under-lines 80
worker,f2929272-5e85-476b-afdc-f0e29398103c,890,2026-09-29T14:30:15.874Z,2026-09-29T14:31:30.439Z,E2E,toolu_012EfWRHrsr746GKZ1V3JXb4,cargo test --locked --test e2e -- --ignored 2>
worker,c0480993-f9e9-4a81-ade7-b2551b7134f3,1100,2026-09-29T14:34:25.573Z,2026-09-29T14:35:52.069Z,E2E,toolu_018UaBuQCDhFN6n4bxMgLbTa,cargo test --locked --test e2e -- --ignored > <local-path> 2>
worker,c0480993-f9e9-4a81-ade7-b2551b7134f3,1100,2026-09-29T14:40:22.260Z,2026-09-29T14:41:52.996Z,E2E,toolu_01MM4KE3WiZB83X7mnLaWDmQ,cargo test --locked --test e2e -- --ignored 2>
worker,2d272574-cbbc-44cb-b7af-0a536ff843e9,924,2026-09-29T14:40:37.703Z,2026-09-29T14:42:03.295Z,E2E,toolu_012s4SVi1JkwDQzfqKZZbsoL,cargo test --locked --test e2e -- --ignored > <local-path> 2>
worker,c0480993-f9e9-4a81-ade7-b2551b7134f3,1100,2026-09-29T14:46:35.274Z,2026-09-29T14:48:15.662Z,E2E,toolu_01CUYuDXMfHMpBTyfnQiyRaU,cargo test --locked --test e2e -- --ignored 2>
integrate,2d272574-cbbc-44cb-b7af-0a536ff843e9,924,2026-09-29T14:46:44.749Z,2026-09-29T14:53:34.990Z,LLVMCOV,43654,cargo llvm-cov nextest --locked --workspace --fail-under-lines 80
integrate,c0480993-f9e9-4a81-ade7-b2551b7134f3,1100,2026-09-29T14:54:09.180Z,2026-09-29T15:02:18.511Z,LLVMCOV,43729,cargo llvm-cov nextest --locked --workspace --fail-under-lines 80
worker,f2929272-5e85-476b-afdc-f0e29398103c,890,2026-09-29T15:07:33.937Z,2026-09-29T15:09:58.377Z,E2E,toolu_01QQ2LSDHG1EcPSvN8A9oQJq,cargo test --locked --test e2e -- --ignored 2>
worker,e3683bec-bbad-42b5-9fe0-c7866cc8fe19,1060,2026-09-29T15:13:02.138Z,2026-09-29T15:14:06.034Z,IT-wide,toolu_01RS6TJpg3wmxha6tr9ecs97,cargo test --locked --test it $m 2>; modules: cli_ inbox_watcher:: related:: runtime_ask:: runtime_integrate::
worker_end_missing,e3683bec-bbad-42b5-9fe0-c7866cc8fe19,1060,2026-09-29T15:14:11.029Z,,E2E,toolu_01AHJV4e62kK3fH2L3ZZzANT,cargo test --locked --test e2e -- --ignored > <local-path> 2>
worker,e3683bec-bbad-42b5-9fe0-c7866cc8fe19,1060,2026-09-29T16:06:39.074Z,2026-09-29T16:07:00.179Z,E2E,toolu_01SyTMoA8FLoQdzP69EMw8o2,cargo test --locked --test e2e -- --ignored --exact up_in_cmux_starts_a_supervisor_in_a_workspace_that_down_wait_stops_and_closes > <local-path> 2>
worker,e3683bec-bbad-42b5-9fe0-c7866cc8fe19,1060,2026-09-29T16:07:31.501Z,2026-09-29T16:09:01.112Z,E2E,toolu_01Gtk4UUVbkTZn9y9nnP228e,cargo test --locked --test e2e -- --ignored > <local-path> 2>
worker,69470a02-7455-4e55-9f73-1e63203fd5a5,837,2026-09-29T16:10:17.369Z,2026-09-29T16:12:34.611Z,E2E,toolu_01RXPdiAQJVSDG6NagVFmXqj,cargo test --locked --test e2e -- --ignored > <local-path> 2>
integrate,e3683bec-bbad-42b5-9fe0-c7866cc8fe19,1060,2026-09-29T16:10:51.822Z,2026-09-29T16:18:49.757Z,LLVMCOV,44527,cargo llvm-cov nextest --locked --workspace --fail-under-lines 80
worker,1c470287-bcc2-444a-b968-66e7109cd5d4,1086,2026-09-29T16:13:10.512Z,2026-09-29T16:15:05.638Z,E2E,toolu_01FxfyW94h9hAS2U7anMSL5G,cargo test --locked --test e2e -- --ignored > <local-path> 2>
worker,69470a02-7455-4e55-9f73-1e63203fd5a5,837,2026-09-29T16:13:27.558Z,2026-09-29T16:14:44.078Z,E2E,toolu_01Vxq7zoqCa8bFbtjntooKEt,cargo test --locked --test e2e broker:: -- --ignored --nocapture > <local-path> 2>
worker,69470a02-7455-4e55-9f73-1e63203fd5a5,837,2026-09-29T16:14:57.909Z,2026-09-29T16:15:14.462Z,E2E,toolu_019Q1G8BFAQngcogCdfwTnGx,cargo test --locked --test e2e broker:: -- --ignored --nocapture > <local-path> 2>
worker,69470a02-7455-4e55-9f73-1e63203fd5a5,837,2026-09-29T16:15:57.049Z,2026-09-29T16:17:52.449Z,E2E,toolu_014wQ64VYXqw4VrdqwpKHL1E,cargo test --locked --test e2e broker:: -- --ignored --nocapture > <local-path> 2>
integrate,1c470287-bcc2-444a-b968-66e7109cd5d4,1086,2026-09-29T16:19:04.499Z,2026-09-29T16:28:38.919Z,LLVMCOV,44570,cargo llvm-cov nextest --locked --workspace --fail-under-lines 80
worker,69470a02-7455-4e55-9f73-1e63203fd5a5,837,2026-09-29T16:19:06.063Z,2026-09-29T16:20:15.755Z,E2E,toolu_01MJr8fCqYqp2NdEXfjQGFz1,cargo test --locked --test e2e broker:: -- --ignored --nocapture > <local-path> 2>
worker,69470a02-7455-4e55-9f73-1e63203fd5a5,837,2026-09-29T16:20:49.208Z,2026-09-29T16:30:18.080Z,E2E,toolu_01GxdV75sgKY3pzV1DgoqWpt,cargo test --locked --test e2e -- --ignored > <local-path> 2>
worker,202d2ace-f341-4ae1-a097-df30b034543c,1047,2026-09-29T16:26:28.947Z,2026-09-29T16:28:38.276Z,E2E,toolu_01DaXLtHBqq6XZE2z6kFgfuC,cargo test --locked --test e2e -- --ignored 2>
integrate,202d2ace-f341-4ae1-a097-df30b034543c,1047,2026-09-29T16:29:07.841Z,2026-09-29T16:36:08.134Z,LLVMCOV,44604,cargo llvm-cov nextest --locked --workspace --fail-under-lines 80
worker,69470a02-7455-4e55-9f73-1e63203fd5a5,837,2026-09-29T16:30:36.760Z,2026-09-29T16:32:03.785Z,E2E,toolu_0166C5GsGaeD2RgDb94rY6Ba,cargo test --locked --test e2e -- --ignored --test-threads 2 a_worker_question_is_answered plan_opens_planners two_independent_tasks killed_supervisor_run install_hands_the_supervisor > <local-path> 2>
worker,69470a02-7455-4e55-9f73-1e63203fd5a5,837,2026-09-29T16:37:40.712Z,2026-09-29T16:41:33.388Z,E2E,toolu_01M2cgRcE13fHUzbGe4fTLMx,cargo test --locked --test e2e -- --ignored --test-threads 3 > <local-path> 2>
worker,1c470287-bcc2-444a-b968-66e7109cd5d4,1086,2026-09-29T16:38:44.302Z,2026-09-29T16:40:03.895Z,E2E,toolu_01Fe9fCbu7SDNoTHv9ZrQP77,cargo test --locked --test e2e -- --ignored 2>
integrate,1c470287-bcc2-444a-b968-66e7109cd5d4,1086,2026-09-29T16:41:06.274Z,2026-09-29T16:48:02.691Z,LLVMCOV,44655,cargo llvm-cov nextest --locked --workspace --fail-under-lines 80
worker,69470a02-7455-4e55-9f73-1e63203fd5a5,837,2026-09-29T16:41:42.166Z,2026-09-29T16:41:59.452Z,E2E,toolu_01QYE7fwgqE5ri5QR7NdHtzY,cargo test --locked --test e2e -- --ignored killed_supervisor_run 2>
worker,f2929272-5e85-476b-afdc-f0e29398103c,890,2026-09-29T16:42:29.546Z,2026-09-29T16:44:44.375Z,IT-wide,toolu_01Trf7wZd5XCbMhvf3nXP8n2,cargo test --locked --test it $m 2>; modules: runtime_codex_ask:: runtime_codex:: runtime_headless:: runtime_provider_switch:: runtime_ask:: goal_review_codex:: runtime_cleanup:: test_actor_env:: cli_
integrate,69470a02-7455-4e55-9f73-1e63203fd5a5,837,2026-09-29T16:52:29.354Z,2026-09-29T16:59:45.652Z,LLVMCOV,44760,cargo llvm-cov nextest --locked --fail-under-lines 80
worker,f2929272-5e85-476b-afdc-f0e29398103c,890,2026-09-29T16:53:35.362Z,2026-09-29T17:03:22.659Z,E2E+IT-wide,toolu_018GXwbtGxEqMoh1s37EzmtD,cargo test --locked --test it $m 2> / cargo test --locked --test e2e -- --ignored 2>; modules: runtime_codex_ask:: runtime_codex:: runtime_headless:: runtime_provider_switch:: runtime_ask:: goal_review_codex:: runtime_cleanup:: test_actor_env:: cli_dialogue::
worker,69470a02-7455-4e55-9f73-1e63203fd5a5,837,2026-09-29T17:03:19.375Z,2026-09-29T17:05:37.649Z,E2E,toolu_01NXG4D61dY6vfoQB7Z4Rwhb,cargo test --locked --test e2e -- --ignored --test-threads 3 > <local-path> 2>
worker,f224de9e-c1f1-4877-b0cb-ba4f01e15474,1118,2026-09-29T17:05:26.429Z,2026-09-29T17:06:51.236Z,IT-wide,toolu_0165Uvf2VPpwXRqpq4VSRU6D,cargo test --locked --test it -- runtime_adopt:: runtime_integrate:: runtime_landing_answers:: runtime_triage:: runtime_review_adopt:: runtime_review:: runtime_precheck:: cli_tasks:: cli_read:: runtime_handoff:: runtime_resume:: 2>
integrate,69470a02-7455-4e55-9f73-1e63203fd5a5,837,2026-09-29T17:06:59.334Z,2026-09-29T17:15:42.746Z,LLVMCOV,44806,cargo llvm-cov nextest --locked --fail-under-lines 80
worker_end_missing,f224de9e-c1f1-4877-b0cb-ba4f01e15474,1118,2026-09-29T17:10:20.403Z,,E2E,toolu_01Mk5h9wkgfPmt9V1HXBbpyz,cargo test --locked --test e2e -- --ignored > <local-path> 2>
worker_end_missing,f224de9e-c1f1-4877-b0cb-ba4f01e15474,1118,2026-09-29T17:13:41.260Z,,E2E,toolu_01MaMPkBF3PPzaFMELWutCWS,cargo test --locked --test e2e -- --ignored --test-threads 1 happy_path_runs_a_stub_agent_through_cmux_and_lands_on_main a_worker_question_is_answered_through_the_worker_terminal headless::a_headless_worker_runs_its_turn_through_cmux_and_lands_on_main > <local-path> 2>
worker,f2929272-5e85-476b-afdc-f0e29398103c,890,2026-09-29T17:14:40.573Z,2026-09-29T17:20:18.688Z,E2E+IT-wide,toolu_01SGLeYrWQwmA82MRVuBNDLD,cargo test --locked --test it $m 2> / cargo test --locked --test e2e -- --ignored 2>; modules: runtime_codex_ask:: runtime_codex:: runtime_headless:: runtime_provider_switch:: runtime_ask:: runtime_review_questions:: goal_review_codex:: runtime_cleanup:: test_actor_env:: cli_dialogue::
worker,f224de9e-c1f1-4877-b0cb-ba4f01e15474,1118,2026-09-29T17:15:51.163Z,2026-09-29T17:19:15.175Z,E2E,toolu_01UeLuEtDkvT579QfckD175C,cargo test --locked --test e2e -- --ignored > <local-path> 2>
worker,f2929272-5e85-476b-afdc-f0e29398103c,890,2026-09-29T17:20:41.671Z,2026-09-29T17:22:20.108Z,E2E,toolu_01H7ikpdWp9kcnMcE58qPkwf,cargo test --locked --test e2e -- --ignored > <local-path> 2>
integrate,f224de9e-c1f1-4877-b0cb-ba4f01e15474,1118,2026-09-29T17:22:02.565Z,2026-09-29T17:32:56.141Z,LLVMCOV,44931,cargo llvm-cov nextest --locked --workspace --fail-under-lines 80
integrate,4ea8764d-82f5-40a8-9e90-5d33524a1fee,1089,2026-09-29T17:35:02.120Z,2026-09-29T17:46:00.188Z,LLVMCOV,45039,cargo llvm-cov nextest --locked --workspace --fail-under-lines 80
worker,839639e3-7931-4581-bf1c-4779bb2698f4,674,2026-09-29T17:51:51.480Z,2026-09-29T17:54:12.088Z,E2E,toolu_01LN2u9r43cHhXRhZvhXpvAN,cargo test --locked --test e2e -- --ignored 2>
worker,84747e0e-ada9-46c2-a325-ec9ba59cbd91,959,2026-09-29T17:53:41.292Z,2026-09-29T17:55:05.286Z,E2E,toolu_01JiMxNh6KxyvoP25W2C9tqR,cargo test --locked --test e2e -- --ignored 2>
worker,839639e3-7931-4581-bf1c-4779bb2698f4,674,2026-09-29T17:54:23.195Z,2026-09-29T17:54:57.564Z,E2E,toolu_01KoE2a9sGmrZXpPd8FkY2xY,cargo test --locked --test e2e -- --ignored --exact up_in_cmux_starts_a_supervisor_in_a_workspace_that_down_wait_stops_and_closes > <local-path> 2>
worker,839639e3-7931-4581-bf1c-4779bb2698f4,674,2026-09-29T17:55:02.654Z,2026-09-29T17:56:19.707Z,E2E,toolu_015NqTFs86UWkLrR3bD9fb3W,cargo test --locked --test e2e -- --ignored > <local-path> 2>
worker,84747e0e-ada9-46c2-a325-ec9ba59cbd91,959,2026-09-29T17:55:08.323Z,2026-09-29T17:55:29.419Z,E2E,toolu_01EE9WFFSJosdeMYZD8SpJaW,cargo test --locked --test e2e -- --ignored broker:: 2>
integrate,839639e3-7931-4581-bf1c-4779bb2698f4,674,2026-09-29T17:58:09.557Z,2026-09-29T18:05:42.837Z,LLVMCOV,45243,cargo llvm-cov nextest --locked --fail-under-lines 80
worker,b1f66836-b863-4e81-a7dd-018755948dcc,974,2026-09-29T18:00:24.456Z,2026-09-29T18:03:49.675Z,E2E,toolu_01UVWWHanYErXFo35quUe3uZ,cargo test --locked --test e2e -- --ignored > <local-path> 2>
integrate,84747e0e-ada9-46c2-a325-ec9ba59cbd91,959,2026-09-29T18:05:56.103Z,2026-09-29T18:13:57.729Z,LLVMCOV,45281,cargo llvm-cov nextest --locked --workspace --fail-under-lines 80
integrate,b1f66836-b863-4e81-a7dd-018755948dcc,974,2026-09-29T18:14:09.085Z,2026-09-29T18:20:31.717Z,LLVMCOV,45301,cargo llvm-cov nextest --locked --workspace --fail-under-lines 80
worker,e350a613-cca8-45c9-8468-eb8bcb295194,1018,2026-09-29T18:25:57.889Z,2026-09-29T18:28:05.687Z,E2E,toolu_013x8Hzc5VevExMh4AjaLawq,cargo test --locked --test e2e -- --ignored 2>
integrate,0a8042c2-349e-40f6-afa5-2e5a8f06f0fb,1103,2026-09-29T18:29:02.402Z,2026-09-29T18:36:43.430Z,LLVMCOV,45468,cargo llvm-cov nextest --locked --workspace --fail-under-lines 80
integrate,0a8042c2-349e-40f6-afa5-2e5a8f06f0fb,1103,2026-09-29T18:36:53.291Z,2026-09-29T18:44:07.942Z,LLVMCOV,45472,cargo llvm-cov nextest --locked --workspace --fail-under-lines 80
integrate,e350a613-cca8-45c9-8468-eb8bcb295194,1018,2026-09-29T18:44:24.875Z,2026-09-29T18:53:50.557Z,LLVMCOV,45509,cargo llvm-cov nextest --locked --workspace --fail-under-lines 80
worker,ba661aa3-ce08-4818-be17-1da6e030bd05,1048,2026-09-29T19:02:14.028Z,2026-09-29T19:04:22.590Z,E2E,toolu_01UKsHtgV7BSJAArAngaSRGC,cargo test --locked --test e2e -- --ignored > $SP/e2e.log 2>
integrate,ba661aa3-ce08-4818-be17-1da6e030bd05,1048,2026-09-29T19:06:30.220Z,2026-09-29T19:14:21.718Z,LLVMCOV,45580,cargo llvm-cov nextest --locked --workspace --fail-under-lines 80
worker,17b2dec3-f95e-4cff-841f-14875d3d90dd,622,2026-09-29T19:09:44.170Z,2026-09-29T19:13:20.746Z,E2E,toolu_01FFBy3yVPSdemEoNgvBYYmu,cargo test --locked --test e2e -- --ignored 2>
worker,17b2dec3-f95e-4cff-841f-14875d3d90dd,622,2026-09-29T19:13:23.492Z,2026-09-29T19:13:52.436Z,E2E,toolu_01NkmqdqnjPj9W69gB2hgYzH,cargo test --locked --test e2e -- --ignored up_in_cmux_starts_a_supervisor 2>
worker,17b2dec3-f95e-4cff-841f-14875d3d90dd,622,2026-09-29T19:13:57.370Z,2026-09-29T19:15:58.590Z,E2E,toolu_01He6sX967qmrzCSixzV1Ng2,cargo test --locked --test e2e -- --ignored > $L 2>
integrate,9dd9dc0b-46da-4e18-8063-4ef5971d5a0c,1125,2026-09-29T19:15:01.449Z,2026-09-29T19:23:31.354Z,LLVMCOV,45642,cargo llvm-cov nextest --locked --workspace --fail-under-lines 80
worker,36bb4d19-1a24-430e-bd40-1c10039db109,1128,2026-09-29T19:21:36.858Z,2026-09-29T19:23:48.023Z,IT-wide,toolu_01MwV6pxix6vEdB4PqE8YW6U,cargo test --locked --test it -- runtime_headless:: runtime_session:: runtime_observer:: runtime_handoff:: runtime_release:: worker_model:: source_repository:: runtime_codex:: runtime_waiting:: 2>
integrate,17b2dec3-f95e-4cff-841f-14875d3d90dd,622,2026-09-29T19:23:55.672Z,2026-09-29T19:30:51.851Z,LLVMCOV,45657,cargo llvm-cov nextest --locked --fail-under-lines 80
integrate,17b2dec3-f95e-4cff-841f-14875d3d90dd,622,2026-09-29T19:31:01.032Z,2026-09-29T19:37:11.649Z,LLVMCOV,45661,cargo llvm-cov nextest --locked --fail-under-lines 80
integrate,36bb4d19-1a24-430e-bd40-1c10039db109,1128,2026-09-29T19:38:58.666Z,2026-09-29T19:47:39.702Z,LLVMCOV,45738,cargo llvm-cov nextest --locked --workspace --fail-under-lines 80
worker,62e11b5b-7662-4f40-b678-47a0841feac8,629,2026-09-29T19:39:24.147Z,2026-09-29T19:41:21.854Z,E2E,toolu_01RdHFZK3nbBQQQDDJc8BgsU,cargo test --locked --test e2e -- --ignored a_task_lands_on_master 2>
worker,62e11b5b-7662-4f40-b678-47a0841feac8,629,2026-09-29T19:43:52.809Z,2026-09-29T19:47:24.890Z,E2E,toolu_01V4YwzwMo35qHcG1XaYQeAV,cargo test --locked --test e2e -- --ignored > <local-path> 2>
integrate,62e11b5b-7662-4f40-b678-47a0841feac8,629,2026-09-29T19:48:38.187Z,2026-09-29T19:56:29.203Z,LLVMCOV,45829,cargo llvm-cov nextest --locked --fail-under-lines 80
worker,924b4a60-0e02-4cdd-878b-9ee097d75254,749,2026-09-29T19:54:34.374Z,2026-09-29T19:57:18.351Z,E2E,toolu_01ENQ7QHfQXLSW2cCr17Q8qY,cargo test --locked --test e2e -- --ignored > <local-path> 2>
integrate,924b4a60-0e02-4cdd-878b-9ee097d75254,749,2026-09-29T19:58:28.579Z,2026-09-29T20:07:02.166Z,LLVMCOV,45894,cargo llvm-cov nextest --locked --fail-under-lines 80
worker,9e78e1ea-0772-4a06-af9f-4716c5ae25fc,797,2026-09-29T20:04:11.915Z,2026-09-29T20:07:56.119Z,E2E,toolu_01WK2HKkTMmmwzCT9mLJDJEp,cargo test --locked --test e2e -- --ignored 2>
worker_end_missing,03ebc442-9643-4d8e-a983-2ba0e04582bf,798,2026-09-29T20:09:22.657Z,,E2E,toolu_01SBexmYPSiySJmgkghHGqEz,cargo test --locked --test e2e -- --ignored > <local-path> 2>
integrate,9e78e1ea-0772-4a06-af9f-4716c5ae25fc,797,2026-09-29T20:11:46.189Z,2026-09-29T20:20:55.978Z,LLVMCOV,46012,cargo llvm-cov nextest --locked --fail-under-lines 80
worker,03ebc442-9643-4d8e-a983-2ba0e04582bf,798,2026-09-29T20:12:52.992Z,2026-09-29T20:16:16.568Z,E2E,toolu_01JzHAyC9PwefxLBDUaR6dw7,cargo test --locked --test e2e -- --ignored > <local-path> 2>
worker,ab21fc74-a8cc-410d-9bda-4c7e5f8d8370,859,2026-09-29T20:13:22.661Z,2026-09-29T20:14:23.682Z,IT-wide,toolu_01KK52gNpbG1Cozh91NyvaCi,cargo test --locked --test it $m:: 2> / cargo test --locked --bin dagq 2>; modules: cli_roles cli_read cli_graph cli_kpi inbox_watcher cli_operations cli_dialogue runtime_observer
worker,ab21fc74-a8cc-410d-9bda-4c7e5f8d8370,859,2026-09-29T20:16:30.402Z,2026-09-29T20:22:58.567Z,E2E,toolu_01AjdzyqQY5rWEFY9AotFGqp,cargo test --locked --test e2e -- --ignored > <local-path> 2>
integrate,03ebc442-9643-4d8e-a983-2ba0e04582bf,798,2026-09-29T20:21:11.835Z,2026-09-29T20:28:10.046Z,LLVMCOV,46053,cargo llvm-cov nextest --locked --fail-under-lines 80
worker,ab21fc74-a8cc-410d-9bda-4c7e5f8d8370,859,2026-09-29T20:23:19.799Z,2026-09-29T20:23:52.741Z,E2E,toolu_01YGNPsqXsQQKSUiiq7oyqV8,cargo test --locked --test e2e -- --ignored --exact happy_path_runs_a_stub_agent_through_cmux_and_lands_on_main 2>
worker,ab21fc74-a8cc-410d-9bda-4c7e5f8d8370,859,2026-09-29T20:23:56.378Z,2026-09-29T20:24:48.713Z,E2E,toolu_01PxH2UMCNutQKh3voHHvXHr,cargo test --locked --test e2e -- --ignored --exact $t 2>
integrate,ab21fc74-a8cc-410d-9bda-4c7e5f8d8370,859,2026-09-29T20:28:22.333Z,2026-09-29T20:36:47.040Z,LLVMCOV,46108,cargo llvm-cov nextest --locked --fail-under-lines 80
worker,bcd24f98-843c-4d81-8c2e-7163d9334832,868,2026-09-29T20:41:51.852Z,2026-09-29T20:44:29.295Z,E2E,toolu_019hUViJDkTeKKoejQN5v8mj,cargo test --locked --test e2e -- --ignored > <local-path> 2>
worker,89795aed-9f39-449b-a5d8-7fcdf8fb6c66,902,2026-09-29T20:44:32.742Z,2026-09-29T20:46:57.086Z,E2E,toolu_01TvSHeQBinE7vQmv5KrBt8D,cargo test --locked --test e2e -- --ignored > <local-path> 2>
worker,8f573833-8537-4801-9dab-ec717c4ee711,893,2026-09-29T20:45:45.867Z,2026-09-29T20:47:31.178Z,E2E,toolu_016yT9P4u5M4ELrgyJ7pU55h,cargo test --locked --test e2e -- --ignored > <local-path> 2>
integrate,bcd24f98-843c-4d81-8c2e-7163d9334832,868,2026-09-29T20:46:49.869Z,2026-09-29T20:54:42.780Z,LLVMCOV,46215,cargo llvm-cov nextest --locked --fail-under-lines 80
worker,8f573833-8537-4801-9dab-ec717c4ee711,893,2026-09-29T20:47:39.023Z,2026-09-29T20:49:37.189Z,E2E,toolu_01Qa8J6pLSLXEiZspYGHuY67,cargo test --locked --test e2e -- --ignored broker::a_preferred_worker_does_its_task_through_the_broker_and_lands 2>
worker,8f573833-8537-4801-9dab-ec717c4ee711,893,2026-09-29T20:51:50.750Z,2026-09-29T20:55:06.768Z,E2E,toolu_01WvN2LiKAknDU5n22UzgZKK,cargo test --locked --test e2e -- --ignored > <local-path> 2>
integrate,89795aed-9f39-449b-a5d8-7fcdf8fb6c66,902,2026-09-29T20:55:07.579Z,2026-09-29T21:04:16.030Z,LLVMCOV,46263,cargo llvm-cov nextest --locked --workspace --fail-under-lines 80
worker,8f573833-8537-4801-9dab-ec717c4ee711,893,2026-09-29T20:55:15.385Z,2026-09-29T20:56:44.289Z,E2E,toolu_01AEB6P9jgduzLviLTCbsHLG,cargo test --locked --test e2e -- --ignored --exact up_in_cmux_starts_a_supervisor_in_a_workspace_that_down_wait_stops_and_closes 2>
integrate,8f573833-8537-4801-9dab-ec717c4ee711,893,2026-09-29T21:04:37.398Z,2026-09-29T21:11:28.216Z,LLVMCOV,46274,cargo llvm-cov nextest --locked --workspace --fail-under-lines 80
integrate,f50bb8be-b48b-408c-bce8-fa09c6cfc66b,1126,2026-09-29T21:13:06.182Z,2026-09-29T21:22:09.387Z,LLVMCOV,46343,cargo llvm-cov nextest --locked --workspace --fail-under-lines 80
worker,7f9868f9-9719-411c-ba03-16a07e5046a1,971,2026-09-29T21:19:50.626Z,2026-09-29T21:26:26.366Z,E2E,toolu_019phqKcAXq5sDDSPhnoNfYZ,cargo test --locked --test e2e -- --ignored 2>
integrate,f50bb8be-b48b-408c-bce8-fa09c6cfc66b,1126,2026-09-29T21:22:21.864Z,2026-09-29T21:30:15.092Z,LLVMCOV,46347,cargo llvm-cov nextest --locked --workspace --fail-under-lines 80
worker,7f9868f9-9719-411c-ba03-16a07e5046a1,971,2026-09-29T21:26:34.788Z,2026-09-29T21:26:57.938Z,E2E,toolu_01Gy69su5eCookWiCsncn2jM,cargo test --locked --test e2e -- --ignored a_worker_question_is_answered_through_the_worker_terminal 2>
worker,7f9868f9-9719-411c-ba03-16a07e5046a1,971,2026-09-29T21:27:01.302Z,2026-09-29T21:27:31.277Z,E2E,toolu_01XH4zATsvwHMj5yb4yv1sce,cargo test --locked --test e2e -- --ignored auto_update_hands_the_supervisor_over_while_a_session_works_and_the_run_lands 2>
integrate,7f9868f9-9719-411c-ba03-16a07e5046a1,971,2026-09-29T21:32:01.450Z,2026-09-29T21:41:43.482Z,LLVMCOV,46435,cargo llvm-cov nextest --locked --workspace --fail-under-lines 80
worker_end_missing,90f95a99-d242-419a-b2cd-9f27d9283115,960,2026-09-29T21:33:47.797Z,,E2E,toolu_01V6NzLxitEjiFqXvb1Bbyvw,cargo test --locked --test e2e -- --ignored > <local-path> 2>
worker,90f95a99-d242-419a-b2cd-9f27d9283115,960,2026-09-29T21:41:43.343Z,2026-09-29T21:44:36.564Z,E2E,toolu_01BAmGQg87D77nTAphqDdaUJ,cargo test --locked --test e2e -- --ignored > <local-path> 2>
integrate,90f95a99-d242-419a-b2cd-9f27d9283115,960,2026-09-29T21:46:58.798Z,2026-09-29T21:55:32.169Z,LLVMCOV,46516,cargo llvm-cov nextest --locked --workspace --fail-under-lines 80
worker,e9e9c7e5-464f-4880-94ac-9decd119e6cb,1078,2026-09-29T21:53:17.925Z,2026-09-29T21:56:18.891Z,E2E,toolu_01GkMJUnCXUZTTBZGqD6A6hX,cargo test --locked --test e2e -- --ignored > <local-path> 2>
integrate,90f95a99-d242-419a-b2cd-9f27d9283115,960,2026-09-29T21:55:44.229Z,2026-09-29T22:03:30.515Z,LLVMCOV,46539,cargo llvm-cov nextest --locked --workspace --fail-under-lines 80
integrate,e9e9c7e5-464f-4880-94ac-9decd119e6cb,1078,2026-09-29T22:03:43.970Z,2026-09-29T22:10:58.166Z,LLVMCOV,46557,cargo llvm-cov nextest --locked --workspace --fail-under-lines 80
worker,90f95a99-d242-419a-b2cd-9f27d9283115,960,2026-09-29T22:07:33.939Z,2026-09-29T22:10:46.526Z,E2E,toolu_01XHcQ2XExHnwPAK34dG1Y4Z,cargo test --locked --test e2e -- --ignored > <local-path> 2>
integrate,c7615cee-8bc2-4d1f-b966-646a677a8048,972,2026-09-29T22:11:22.573Z,2026-09-29T22:21:55.634Z,LLVMCOV,46609,cargo llvm-cov nextest --locked --workspace --fail-under-lines 80
worker,feda3942-9cec-4a53-b231-11305cea301c,978,2026-09-29T22:20:49.130Z,2026-09-29T22:23:05.658Z,E2E,toolu_015CRaouhZGTDxjmtDNPMrSQ,cargo test --locked --test e2e -- --ignored > <local-path> 2>
integrate,c7615cee-8bc2-4d1f-b966-646a677a8048,972,2026-09-29T22:22:07.645Z,2026-09-29T22:28:13.128Z,LLVMCOV,46615,cargo llvm-cov nextest --locked --workspace --fail-under-lines 80
integrate,90f95a99-d242-419a-b2cd-9f27d9283115,960,2026-09-29T22:28:34.632Z,2026-09-29T22:34:31.340Z,LLVMCOV,46627,cargo llvm-cov nextest --locked --workspace --fail-under-lines 80
integrate,feda3942-9cec-4a53-b231-11305cea301c,978,2026-09-29T22:36:17.309Z,2026-09-29T22:45:21.857Z,LLVMCOV,46756,cargo llvm-cov nextest --locked --workspace --fail-under-lines 80
integrate,feda3942-9cec-4a53-b231-11305cea301c,978,2026-09-29T22:45:21.867Z,2026-09-29T22:51:13.702Z,LLVMCOV,46758,cargo llvm-cov nextest --locked --workspace --fail-under-lines 80
integrate,a8c16a68-2348-429a-b8f5-e1a1696e6647,1131,2026-09-29T22:51:25.777Z,2026-09-29T23:00:40.394Z,LLVMCOV,46967,cargo llvm-cov nextest --locked --workspace --fail-under-lines 80
worker,feda3942-9cec-4a53-b231-11305cea301c,978,2026-09-29T22:53:02.252Z,2026-09-29T22:57:45.884Z,E2E,toolu_0192PGV9JGsxo45GKxRuFYzn,cargo test --locked --test e2e -- --ignored > <local-path> 2>
integrate,a8c16a68-2348-429a-b8f5-e1a1696e6647,1131,2026-09-29T23:00:50.113Z,2026-09-29T23:07:59.921Z,LLVMCOV,47256,cargo llvm-cov nextest --locked --workspace --fail-under-lines 80
integrate,feda3942-9cec-4a53-b231-11305cea301c,978,2026-09-29T23:08:15.971Z,2026-09-29T23:16:28.144Z,LLVMCOV,47429,cargo llvm-cov nextest --locked --workspace --fail-under-lines 80
worker,e7f71ac5-0785-4cf5-b2cd-912edd9a1309,1120,2026-09-29T23:28:08.826Z,2026-09-29T23:30:55.738Z,E2E,toolu_01KUC3dAkiZs6ZAwKyxJ6UgY,cargo test --locked --test e2e -- --ignored --exact up_in_cmux_starts_a_supervisor_in_a_workspace_that_down_wait_stops_and_closes 2>
worker,e7f71ac5-0785-4cf5-b2cd-912edd9a1309,1120,2026-09-29T23:31:01.875Z,2026-09-29T23:33:12.821Z,E2E,toolu_012jvHaNC8mVVwKYgUZei5RW,cargo test --locked --test e2e -- --ignored > <local-path> 2>
integrate,e7f71ac5-0785-4cf5-b2cd-912edd9a1309,1120,2026-09-29T23:34:20.798Z,2026-09-29T23:41:08.409Z,LLVMCOV,47729,cargo llvm-cov nextest --locked --workspace --fail-under-lines 80
worker,314a9d7b-dae7-4d17-8afe-bfeebbb436a8,1162,2026-09-29T23:42:35.050Z,2026-09-29T23:44:25.060Z,E2E,toolu_01PJTSUdK3FUEqJ9nhkQnr3i,cargo test --locked --test e2e -- --ignored > <local-path> 2>
integrate,1323af93-20b4-4bb0-a36b-7c847e5bacbc,1104,2026-09-29T23:47:00.981Z,2026-09-29T23:54:06.386Z,LLVMCOV,47825,cargo llvm-cov nextest --locked --workspace --fail-under-lines 80
integrate,314a9d7b-dae7-4d17-8afe-bfeebbb436a8,1162,2026-09-29T23:54:23.717Z,2026-09-30T00:05:46.767Z,LLVMCOV,47935,cargo llvm-cov nextest --locked --workspace --fail-under-lines 80
worker,f2929272-5e85-476b-afdc-f0e29398103c,890,2026-09-29T23:58:50.763Z,2026-09-30T00:07:32.430Z,E2E+IT-wide,toolu_01GNw3vZL6CCs2sTc5nsVew8,"cargo test --locked --test it $m:: 2> / cargo test --locked --test e2e -- --ignored > <local-path> 2>; modules: runtime_codex_ask runtime_codex runtime_headless runtime_provider_switch runtime_ask runtime_review_questions goal_review_codex runtime_cleanup test_actor_env cli_dialogue, agent_dir ask_request codex:: event_kind asks supervise"
integrate,314a9d7b-dae7-4d17-8afe-bfeebbb436a8,1162,2026-09-30T00:06:03.351Z,2026-09-30T00:13:24.218Z,LLVMCOV,47941,cargo llvm-cov nextest --locked --workspace --fail-under-lines 80
worker,87010ac2-d847-4133-84fa-d8309d834148,1008,2026-09-30T00:08:03.360Z,2026-09-30T00:11:01.106Z,E2E,toolu_01JeQ2UtSpRUoJKLmUPoeWRR,cargo test --locked --test e2e -- --ignored > <local-path> 2>
integrate,87010ac2-d847-4133-84fa-d8309d834148,1008,2026-09-30T00:14:27.421Z,2026-09-30T00:22:34.280Z,LLVMCOV,48006,cargo llvm-cov nextest --locked --workspace --fail-under-lines 80
worker,314a9d7b-dae7-4d17-8afe-bfeebbb436a8,1162,2026-09-30T00:18:03.070Z,2026-09-30T00:28:17.169Z,LLVMCOV,toolu_01T1dtA5t5z5g1CkfnvspAqe,cargo llvm-cov nextest --locked --workspace --fail-under-lines 80 > ../scratch-llvm.log 2>
integrate,f2929272-5e85-476b-afdc-f0e29398103c,890,2026-09-30T00:23:02.053Z,2026-09-30T00:32:56.502Z,LLVMCOV,48078,cargo llvm-cov nextest --locked --workspace --fail-under-lines 80
worker,314a9d7b-dae7-4d17-8afe-bfeebbb436a8,1162,2026-09-30T00:28:25.871Z,2026-09-30T00:31:56.457Z,E2E,toolu_01UyVB2dCYzjkHjZpLUA3BzP,cargo test --locked --test e2e -- --ignored > ../scratch-e2e.log 2>
integrate,314a9d7b-dae7-4d17-8afe-bfeebbb436a8,1162,2026-09-30T00:37:33.868Z,2026-09-30T00:44:11.356Z,LLVMCOV,48225,cargo llvm-cov nextest --locked --workspace --fail-under-lines 80
integrate,b1adcaab-f8f5-497d-bf8e-c254f991d54c,1096,2026-09-30T00:44:33.560Z,2026-09-30T00:50:46.162Z,LLVMCOV,48244,cargo llvm-cov nextest --locked --workspace --fail-under-lines 80
integrate,934022a1-25ff-47b9-b619-4872779dc632,1042,2026-09-30T00:51:08.070Z,2026-09-30T00:57:25.830Z,LLVMCOV,48257,cargo llvm-cov nextest --locked --workspace --fail-under-lines 80
worker,2d1f5abd-0c40-4cd7-8073-9f0ce058ae9a,1050,2026-09-30T01:06:09.083Z,2026-09-30T01:09:38.283Z,IT-wide,toolu_01CenU4ZXn7nYPzA2TVYN269,cargo test --locked --test it $m:: 2>; modules: runtime_stall runtime_stall_end runtime_stall_recovery runtime_stale_receipt runtime_adopt runtime_screen_idle runtime_screen_idle_input runtime_resume_adopt runtime_review_background runtime_provider_switch runtime_headless
worker,2d1f5abd-0c40-4cd7-8073-9f0ce058ae9a,1050,2026-09-30T01:15:13.494Z,2026-09-30T01:17:34.112Z,IT-wide,toolu_01DdpZqjFKPmLexKt1m2atmv,cargo test --locked --test it $m:: 2>; modules: runtime_stall runtime_stall_end runtime_stall_recovery runtime_stale_receipt runtime_adopt runtime_screen_idle runtime_screen_idle_input runtime_resume_adopt runtime_review_background runtime_provider_switch runtime_headless runtime_waiting runtime_resume
worker_end_missing,c5df0e0a-12ce-4983-8de5-3b76fa016ff5,1165,2026-09-30T01:17:49.870Z,,E2E,toolu_01JwfcQvEM52Zff1JKjKJNrx,cargo test --locked --test e2e -- --ignored > <local-path> 2>
worker,c5df0e0a-12ce-4983-8de5-3b76fa016ff5,1165,2026-09-30T01:24:12.221Z,2026-09-30T01:26:02.561Z,E2E,toolu_01AeEZxE7Uc27M4QNLnZT2pL,cargo test --locked --test e2e -- --ignored > <local-path> 2>
worker,2d1f5abd-0c40-4cd7-8073-9f0ce058ae9a,1050,2026-09-30T01:26:12.180Z,2026-09-30T01:28:42.018Z,IT-wide,toolu_01VbpEB9LzgTXzpTk3F7rd63,cargo test --locked --test it $m:: 2>; modules: runtime_stall runtime_stall_end runtime_stall_recovery runtime_stale_receipt runtime_adopt runtime_screen_idle runtime_screen_idle_input runtime_resume_adopt runtime_review_background runtime_provider_switch runtime_headless runtime_waiting runtime_resume
integrate,c6ef5297-f626-41a8-ac91-97cccd00e2f7,1058,2026-09-30T01:26:24.611Z,2026-09-30T01:33:29.203Z,LLVMCOV,48488,cargo llvm-cov nextest --locked --workspace --fail-under-lines 80
integrate,c5df0e0a-12ce-4983-8de5-3b76fa016ff5,1165,2026-09-30T01:33:42.502Z,2026-09-30T01:41:14.698Z,LLVMCOV,48541,cargo llvm-cov nextest --locked --workspace --fail-under-lines 80
integrate,2d1f5abd-0c40-4cd7-8073-9f0ce058ae9a,1050,2026-09-30T01:41:44.286Z,2026-09-30T01:55:07.171Z,LLVMCOV,48628,cargo llvm-cov nextest --locked --workspace --fail-under-lines 80
integrate,2d1f5abd-0c40-4cd7-8073-9f0ce058ae9a,1050,2026-09-30T01:55:16.816Z,2026-09-30T02:01:25.740Z,LLVMCOV,48632,cargo llvm-cov nextest --locked --workspace --fail-under-lines 80
integrate,b80aa96e-00af-4fbf-9dfc-2d311f366230,1097,2026-09-30T02:01:48.935Z,2026-09-30T02:08:06.450Z,LLVMCOV,48645,cargo llvm-cov nextest --locked --workspace --fail-under-lines 80
integrate,d69f8524-7228-4c25-a075-8da9baa6df04,1167,2026-09-30T02:23:50.170Z,2026-09-30T02:31:23.771Z,LLVMCOV,48830,cargo llvm-cov nextest --locked --workspace --fail-under-lines 80
integrate,7604d4a8-1865-4847-b7e2-639047001c21,1166,2026-09-30T02:31:49.703Z,2026-09-30T02:41:19.000Z,LLVMCOV,48880,cargo llvm-cov nextest --locked --workspace --fail-under-lines 80
integrate,1bd4b407-21d5-4a21-b920-d9d0b6811226,1153,2026-09-30T02:47:01.683Z,2026-09-30T02:56:36.687Z,LLVMCOV,49034,cargo llvm-cov nextest --locked --workspace --fail-under-lines 80
worker_end_missing,2e3e25f6-f7cf-48c3-9dec-b264daaa705d,1174,2026-09-30T02:58:48.165Z,,E2E,toolu_018DM83NXjWLTsZe9BR742Bh,cargo test --locked --test e2e -- --ignored > <local-path> 2>
integrate,2f1f9628-baa8-4c4d-9d6d-5bfc72bd4bf5,1179,2026-09-30T03:06:32.025Z,2026-09-30T03:14:40.264Z,LLVMCOV,49242,cargo llvm-cov nextest --locked --workspace --fail-under-lines 80
integrate,9fbaf886-ecd5-4a06-ab54-546d7a1acd85,1173,2026-09-30T03:15:06.470Z,2026-09-30T03:23:40.437Z,LLVMCOV,49255,cargo llvm-cov nextest --locked --workspace --fail-under-lines 80
worker,989a0924-9ecb-457f-ae90-59b2164d64c4,1199,2026-09-30T03:18:32.258Z,2026-09-30T03:22:15.267Z,E2E,toolu_011uRxZDTCPgd2Rr3yavb5oW,cargo test --locked --test e2e -- --ignored 2>
integrate,989a0924-9ecb-457f-ae90-59b2164d64c4,1199,2026-09-30T03:24:52.636Z,2026-09-30T03:31:39.172Z,LLVMCOV,49281,cargo llvm-cov nextest --locked --workspace --fail-under-lines 80
integrate,2e3e25f6-f7cf-48c3-9dec-b264daaa705d,1174,2026-09-30T05:14:21.856Z,2026-09-30T05:22:40.308Z,LLVMCOV,49351,cargo llvm-cov nextest --locked --workspace --fail-under-lines 80
worker,2690404a-a043-4092-9ca7-ecc9ef5cf972,1184,2026-09-30T05:39:47.650Z,2026-09-30T05:41:44.885Z,E2E,call_oeDQK21fk5Gf3lrWQHOpvF3c,cargo test --locked --test e2e -- --ignored
worker,1930d5ff-17cc-4ef0-b1fd-efb9fd550920,1079,2026-09-30T05:48:36.466Z,2026-09-30T06:03:16.669Z,E2E,call_KVDeEwqbgxLAkmkncrxBk3bo,cargo test --locked --test e2e -- --ignored > <local-path> 2>&1
worker,0f073ce0-14c0-4a45-9f0d-2b7fd34de559,1022,2026-09-30T05:51:07.220Z,2026-09-30T05:57:29.866Z,E2E,call_bAu6WKAWve7EgHHU77yXxMDD,cargo nextest run --locked --test it --stress-count 5 -E 'test(runtime_support::thread_stacks::)' > <local-path> 2>&1 cargo fmt --all --check > <local-path> 2>&1 cargo test --locked --test e2e -- --ignored > <local-path> 2>&1
worker,df6069b1-c823-4ee8-9cbe-c4ca73f7dd14,1020,2026-09-30T06:13:19.561Z,2026-09-30T06:15:13.688Z,E2E,call_dw1WQiZIsPg5rZ8Ctflpjdbw,"sed -n '210,255p' src/infrastructure/adapters.rs; cargo test --locked --test e2e -- --ignored"
worker,3766a13f-2e42-477d-94fc-e5f316a513dc,1011,2026-09-30T06:16:15.480Z,2026-09-30T06:19:27.794Z,E2E,call_zg9KDMbARq1HrxRANPo60uFr,cargo test --locked --test e2e -- --ignored > <local-path> 2>&1
worker,8bb707a0-eace-48ad-8480-a2c6ebdd1b97,1164,2026-09-30T06:18:16.183Z,2026-09-30T06:20:02.137Z,E2E,call_fRMNhflozeu2CHwsTirz2Os1,cargo fmt --all --check > <local-path> 2>&1 cargo clippy --locked --all-targets -- -D warnings > <local-path> 2>&1 cargo test --locked --test e2e -- --ignored > <local-path> 2>&1
worker,8bb707a0-eace-48ad-8480-a2c6ebdd1b97,1164,2026-09-30T06:20:14.345Z,2026-09-30T06:20:31.472Z,E2E,call_IwuKL9ygNGigpniTzThFNIf7,"sed -n '1755,1778p' tests/e2e.rs; rg -n 'fn pid_alive' tests/e2e.rs; cargo test --locked --test e2e -- --ignored broker::a_preferred_worker_does_its_task_through_the_broker_and_lands > <local-path> 2>&1"
worker,8bb707a0-eace-48ad-8480-a2c6ebdd1b97,1164,2026-09-30T06:20:20.775Z,2026-09-30T06:20:31.472Z,E2E,call_4EGL85xerEAttAg14Gj5lKtG,"sed -n '1720,1732p' tests/e2e.rs; sed -n '1956,1983p' tests/e2e.rs; cargo test --locked --test e2e -- --ignored up_in_cmux_starts_a_supervisor_in_a_workspace_that_down_wait_stops_and_closes > <local-path> 2>&1"
