time,event_id,period,run_id,task_id,attempt,secs,lock_wait_secs,timeout,outcome,log_state,finished_in,tests_run,broker_tests,broker_count,last_test,broker_last,slow_tests,broker_slow,log
2026-10-01T21:17:33.959Z,56948,before,4f69bfe8-dc03-4cb3-84e5-c47f0547a1bb,1022,1,271,0,0,passed,read,252.04,15,broker::a_preferred_worker_does_its_task_through_the_broker_and_lands,1,broker::a_preferred_worker_does_its_task_through_the_broker_and_lands,1,broker::a_preferred_worker_does_its_task_through_the_broker_and_lands two_independent_tasks_run_concurrently_and_a_dependent_follows_integration,1,runs/4f69bfe8-dc03-4cb3-84e5-c47f0547a1bb/e2e-1.log
2026-10-01T21:32:31.346Z,57072,before,3c5d75eb-06f9-483d-99e1-d3ad022bf0bd,1164,1,233,0,0,passed,read,217.56,15,broker::a_preferred_worker_does_its_task_through_the_broker_and_lands,1,broker::a_preferred_worker_does_its_task_through_the_broker_and_lands,1,a_worker_question_is_answered_through_the_worker_terminal auto_update_hands_the_supervisor_over_while_a_session_works_and_the_run_lands broker::a_preferred_worker_does_its_task_through_the_broker_and_lands happy_path_runs_a_stub_agent_through_cmux_and_lands_on_main headless::a_codex_worker_runs_its_turn_through_cmux_and_lands_on_main headless::a_headless_worker_runs_its_turn_through_cmux_and_lands_on_main two_independent_tasks_run_concurrently_and_a_dependent_follows_integration,1,runs/3c5d75eb-06f9-483d-99e1-d3ad022bf0bd/e2e-1.log
2026-10-01T21:49:35.158Z,57210,before,bd60fb29-04b5-438f-a0f3-4e9941765b73,1270,1,108,152,0,passed,read,98.95,15,broker::a_preferred_worker_does_its_task_through_the_broker_and_lands,1,broker::a_preferred_worker_does_its_task_through_the_broker_and_lands,1,broker::a_preferred_worker_does_its_task_through_the_broker_and_lands,1,runs/bd60fb29-04b5-438f-a0f3-4e9941765b73/e2e-1.log
2026-10-01T22:00:15.892Z,57309,before,0389f222-415f-4c00-96f9-fb05998f7a3c,1020,1,141,0,0,passed,read,123.27,15,broker::a_preferred_worker_does_its_task_through_the_broker_and_lands,1,broker::a_preferred_worker_does_its_task_through_the_broker_and_lands,1,broker::a_preferred_worker_does_its_task_through_the_broker_and_lands,1,runs/0389f222-415f-4c00-96f9-fb05998f7a3c/e2e-1.log
2026-10-01T22:07:33.372Z,57323,before,0fdebb98-1375-4f94-8d7a-4634aa83f28f,1011,1,247,170,0,passed,read,220.6,15,broker::a_preferred_worker_does_its_task_through_the_broker_and_lands,1,broker::a_preferred_worker_does_its_task_through_the_broker_and_lands,1,auto_update_hands_the_supervisor_over_while_a_session_works_and_the_run_lands broker::a_preferred_worker_does_its_task_through_the_broker_and_lands two_independent_tasks_run_concurrently_and_a_dependent_follows_integration,1,runs/0fdebb98-1375-4f94-8d7a-4634aa83f28f/e2e-1.log
2026-10-01T22:29:08.299Z,57580,before,e87ccfef-cf34-48a3-a407-8c3cd40ff7ca,1039,1,120,0,0,passed,read,107.99,15,broker::a_preferred_worker_does_its_task_through_the_broker_and_lands,1,broker::a_preferred_worker_does_its_task_through_the_broker_and_lands,1,broker::a_preferred_worker_does_its_task_through_the_broker_and_lands,1,runs/e87ccfef-cf34-48a3-a407-8c3cd40ff7ca/e2e-1.log
2026-10-01T22:37:37.292Z,57672,before,9335785c-d876-4c51-b684-d154ce76ce08,824,1,293,0,0,passed,read,254.14,15,broker::a_preferred_worker_does_its_task_through_the_broker_and_lands,1,broker::a_preferred_worker_does_its_task_through_the_broker_and_lands,1,auto_update_hands_the_supervisor_over_while_a_session_works_and_the_run_lands broker::a_preferred_worker_does_its_task_through_the_broker_and_lands two_independent_tasks_run_concurrently_and_a_dependent_follows_integration,1,runs/9335785c-d876-4c51-b684-d154ce76ce08/e2e-1.log
2026-10-01T23:20:08.314Z,58115,before,da7a64f3-83c0-4f88-9855-fe39523c2712,1077,1,179,0,0,passed,read,162.27,15,broker::a_preferred_worker_does_its_task_through_the_broker_and_lands,1,broker::a_preferred_worker_does_its_task_through_the_broker_and_lands,1,broker::a_preferred_worker_does_its_task_through_the_broker_and_lands,1,runs/da7a64f3-83c0-4f88-9855-fe39523c2712/e2e-1.log
2026-10-02T00:10:31.942Z,58928,before,632a4d51-af87-47a4-b419-fc2087496ce5,1207,1,103,0,0,passed,read,96.79,15,broker::a_preferred_worker_does_its_task_through_the_broker_and_lands,1,broker::a_preferred_worker_does_its_task_through_the_broker_and_lands,1,broker::a_preferred_worker_does_its_task_through_the_broker_and_lands,1,runs/632a4d51-af87-47a4-b419-fc2087496ce5/e2e-1.log
2026-10-02T00:13:08.094Z,58943,before,8542edbf-06e4-4fd1-8f52-14d2b86e7d8c,1236,1,140,0,0,passed,read,129.75,15,broker::a_preferred_worker_does_its_task_through_the_broker_and_lands,1,broker::a_preferred_worker_does_its_task_through_the_broker_and_lands,1,broker::a_preferred_worker_does_its_task_through_the_broker_and_lands,1,runs/8542edbf-06e4-4fd1-8f52-14d2b86e7d8c/e2e-1.log
2026-10-02T00:17:49.740Z,58995,before,0ce0d8a2-a1d4-49e1-a173-3fc90086c562,955,1,257,0,0,passed,read,167.31,15,broker::a_preferred_worker_does_its_task_through_the_broker_and_lands,1,broker::a_preferred_worker_does_its_task_through_the_broker_and_lands,1,auto_update_hands_the_supervisor_over_while_a_session_works_and_the_run_lands broker::a_preferred_worker_does_its_task_through_the_broker_and_lands two_independent_tasks_run_concurrently_and_a_dependent_follows_integration,1,runs/0ce0d8a2-a1d4-49e1-a173-3fc90086c562/e2e-1.log
2026-10-02T00:29:33.377Z,59162,before,8542edbf-06e4-4fd1-8f52-14d2b86e7d8c,1236,2,111,0,0,passed,read,101.54,15,broker::a_preferred_worker_does_its_task_through_the_broker_and_lands,1,broker::a_preferred_worker_does_its_task_through_the_broker_and_lands,1,broker::a_preferred_worker_does_its_task_through_the_broker_and_lands,1,runs/8542edbf-06e4-4fd1-8f52-14d2b86e7d8c/e2e-2.log
2026-10-02T01:53:09.997Z,59514,before,fb9ba422-9b2c-4ebe-ad1d-642af0bbe79c,1098,1,124,0,0,passed,read,111.67,15,broker::a_preferred_worker_does_its_task_through_the_broker_and_lands,1,broker::a_preferred_worker_does_its_task_through_the_broker_and_lands,1,broker::a_preferred_worker_does_its_task_through_the_broker_and_lands,1,runs/fb9ba422-9b2c-4ebe-ad1d-642af0bbe79c/e2e-1.log
2026-10-02T01:57:51.113Z,59534,before,62f3a648-30aa-46e6-a5c1-681667398d6e,1021,1,222,0,0,passed,read,199.22,15,broker::a_preferred_worker_does_its_task_through_the_broker_and_lands,1,broker::a_preferred_worker_does_its_task_through_the_broker_and_lands,1,broker::a_preferred_worker_does_its_task_through_the_broker_and_lands,1,runs/62f3a648-30aa-46e6-a5c1-681667398d6e/e2e-1.log
2026-10-02T02:39:45.711Z,59870,before,c488e968-53f2-4083-9a20-e16ec6b4dcf6,1197,1,187,0,0,passed,read,169.73,15,broker::a_preferred_worker_does_its_task_through_the_broker_and_lands,1,broker::a_preferred_worker_does_its_task_through_the_broker_and_lands,1,broker::a_preferred_worker_does_its_task_through_the_broker_and_lands,1,runs/c488e968-53f2-4083-9a20-e16ec6b4dcf6/e2e-1.log
2026-10-02T04:18:35.083Z,60421,before,5328601b-11ed-451e-b732-f4b38036d4d4,1023,1,257,0,0,passed,read,239.3,15,broker::a_preferred_worker_does_its_task_through_the_broker_and_lands,1,broker::a_preferred_worker_does_its_task_through_the_broker_and_lands,1,broker::a_preferred_worker_does_its_task_through_the_broker_and_lands two_independent_tasks_run_concurrently_and_a_dependent_follows_integration,1,runs/5328601b-11ed-451e-b732-f4b38036d4d4/e2e-1.log
2026-10-02T07:01:52.020Z,60772,before,ef1acb79-2872-4307-a861-c4798edbb7ff,1017,1,232,0,0,passed,read,206.24,15,broker::a_preferred_worker_does_its_task_through_the_broker_and_lands,1,broker::a_preferred_worker_does_its_task_through_the_broker_and_lands,1,broker::a_preferred_worker_does_its_task_through_the_broker_and_lands two_independent_tasks_run_concurrently_and_a_dependent_follows_integration up_in_cmux_starts_a_supervisor_in_a_workspace_that_down_wait_stops_and_closes,1,runs/ef1acb79-2872-4307-a861-c4798edbb7ff/e2e-1.log
2026-10-02T07:29:47.840Z,60862,before,eecb5fa8-d16f-4a40-8881-4fffc0b345b1,1340,1,288,0,0,passed,read,264.54,15,broker::a_preferred_worker_does_its_task_through_the_broker_and_lands,1,broker::a_preferred_worker_does_its_task_through_the_broker_and_lands,1,a_worker_question_is_answered_through_the_worker_terminal auto_update_hands_the_supervisor_over_while_a_session_works_and_the_run_lands broker::a_preferred_worker_does_its_task_through_the_broker_and_lands happy_path_runs_a_stub_agent_through_cmux_and_lands_on_main headless::no_claude_runs_codex_through_cmux_and_allows_manual_landing install_hands_the_supervisor_over_while_a_session_works_and_the_run_lands,1,runs/eecb5fa8-d16f-4a40-8881-4fffc0b345b1/e2e-1.log
2026-10-02T07:36:12.111Z,60880,before,7a664310-8442-4bd9-b6e1-52319f2f2cab,1215,1,168,196,0,passed,read,153.75,15,broker::a_preferred_worker_does_its_task_through_the_broker_and_lands,1,broker::a_preferred_worker_does_its_task_through_the_broker_and_lands,1,broker::a_preferred_worker_does_its_task_through_the_broker_and_lands,1,runs/7a664310-8442-4bd9-b6e1-52319f2f2cab/e2e-1.log
2026-10-02T10:05:03.505Z,61863,before,571b7613-8d9d-4eef-b38a-a5fe3f289e9b,1333,1,273,0,0,passed,read,246.76,15,broker::a_preferred_worker_does_its_task_through_the_broker_and_lands,1,broker::a_preferred_worker_does_its_task_through_the_broker_and_lands,1,broker::a_preferred_worker_does_its_task_through_the_broker_and_lands two_independent_tasks_run_concurrently_and_a_dependent_follows_integration,1,runs/571b7613-8d9d-4eef-b38a-a5fe3f289e9b/e2e-1.log
2026-10-02T10:10:14.069Z,61889,before,33ee1eb3-8752-49f5-9a28-fc94b2bbca36,1255,1,288,0,0,passed,read,185.89,15,broker::a_preferred_worker_does_its_task_through_the_broker_and_lands,1,broker::a_preferred_worker_does_its_task_through_the_broker_and_lands,1,broker::a_preferred_worker_does_its_task_through_the_broker_and_lands,1,runs/33ee1eb3-8752-49f5-9a28-fc94b2bbca36/e2e-1.log
2026-10-02T10:19:25.926Z,62004,before,ff314f71-f511-4735-a826-6fb1983c0e87,1273,1,240,0,0,passed,read,141.43,15,broker::a_preferred_worker_does_its_task_through_the_broker_and_lands,1,broker::a_preferred_worker_does_its_task_through_the_broker_and_lands,1,broker::a_preferred_worker_does_its_task_through_the_broker_and_lands,1,runs/ff314f71-f511-4735-a826-6fb1983c0e87/e2e-1.log
2026-10-02T11:35:12.281Z,62590,before,d35d9c3f-be96-4843-9fa4-976b5d044eb3,1378,1,103,0,0,passed,read,95.22,15,broker::a_preferred_worker_does_its_task_through_the_broker_and_lands,1,broker::a_preferred_worker_does_its_task_through_the_broker_and_lands,1,broker::a_preferred_worker_does_its_task_through_the_broker_and_lands,1,runs/d35d9c3f-be96-4843-9fa4-976b5d044eb3/e2e-1.log
2026-10-02T12:17:34.885Z,62978,before,726e286b-dd83-4ca6-b739-d0a42a9a4282,1371,1,129,0,0,passed,read,118.28,15,broker::a_preferred_worker_does_its_task_through_the_broker_and_lands,1,broker::a_preferred_worker_does_its_task_through_the_broker_and_lands,1,broker::a_preferred_worker_does_its_task_through_the_broker_and_lands,1,runs/726e286b-dd83-4ca6-b739-d0a42a9a4282/e2e-1.log
2026-10-02T14:06:31.173Z,63932,before,8dcd7775-f024-41e5-931b-153b51f134e0,1290,2,298,0,0,passed,read,266.56,15,broker::a_preferred_worker_does_its_task_through_the_broker_and_lands,1,broker::a_preferred_worker_does_its_task_through_the_broker_and_lands,1,broker::a_preferred_worker_does_its_task_through_the_broker_and_lands two_independent_tasks_run_concurrently_and_a_dependent_follows_integration,1,runs/8dcd7775-f024-41e5-931b-153b51f134e0/e2e-2.log
2026-10-02T15:03:50.404Z,64377,before,baeccaaa-dbf7-4d3c-b44b-443060b5207b,648,1,122,0,0,passed,read,119.34,15,broker::a_preferred_worker_does_its_task_through_the_broker_and_lands,1,broker::a_preferred_worker_does_its_task_through_the_broker_and_lands,1,broker::a_preferred_worker_does_its_task_through_the_broker_and_lands,1,runs/baeccaaa-dbf7-4d3c-b44b-443060b5207b/e2e-1.log
2026-10-02T15:44:59.843Z,64963,before,50fddc19-7259-47e3-a197-f19438df7619,1425,1,120,0,0,passed,read,111.3,15,broker::a_preferred_worker_does_its_task_through_the_broker_and_lands,1,broker::a_preferred_worker_does_its_task_through_the_broker_and_lands,1,broker::a_preferred_worker_does_its_task_through_the_broker_and_lands,1,runs/50fddc19-7259-47e3-a197-f19438df7619/e2e-1.log
2026-10-02T18:25:00.745Z,66810,before,2dc57acb-b40c-46d5-a47d-6730f2de127d,1413,1,267,0,0,passed,read,241.27,15,broker::a_preferred_worker_does_its_task_through_the_broker_and_lands,1,broker::a_preferred_worker_does_its_task_through_the_broker_and_lands,1,auto_update_hands_the_supervisor_over_while_a_session_works_and_the_run_lands broker::a_preferred_worker_does_its_task_through_the_broker_and_lands two_independent_tasks_run_concurrently_and_a_dependent_follows_integration,1,runs/2dc57acb-b40c-46d5-a47d-6730f2de127d/e2e-1.log
2026-10-02T19:36:35.954Z,67254,before,c77e93d4-1d71-4920-aa5b-098b9f4deaa0,1455,1,125,0,0,passed,read,115.96,15,broker::a_preferred_worker_does_its_task_through_the_broker_and_lands,1,broker::a_preferred_worker_does_its_task_through_the_broker_and_lands,1,broker::a_preferred_worker_does_its_task_through_the_broker_and_lands,1,runs/c77e93d4-1d71-4920-aa5b-098b9f4deaa0/e2e-1.log
2026-10-02T20:26:19.858Z,67605,before,f55a1fbb-d7a8-4b47-95e4-efd8f20c34f2,1277,1,158,0,0,passed,read,147.31,15,broker::a_preferred_worker_does_its_task_through_the_broker_and_lands,1,broker::a_preferred_worker_does_its_task_through_the_broker_and_lands,1,broker::a_preferred_worker_does_its_task_through_the_broker_and_lands,1,runs/f55a1fbb-d7a8-4b47-95e4-efd8f20c34f2/e2e-1.log
2026-10-02T22:09:33.112Z,68356,before,b4e5c6e4-6650-425c-8cea-66802d4f4ae3,1323,1,181,0,0,passed,read,165.92,15,broker::a_preferred_worker_does_its_task_through_the_broker_and_lands,1,broker::a_preferred_worker_does_its_task_through_the_broker_and_lands,1,broker::a_preferred_worker_does_its_task_through_the_broker_and_lands,1,runs/b4e5c6e4-6650-425c-8cea-66802d4f4ae3/e2e-1.log
2026-10-02T23:14:42.033Z,69037,before,3be848c0-6af6-4d0b-94d9-65f37e594fdf,1334,1,143,0,0,passed,read,132.67,15,broker::a_preferred_worker_does_its_task_through_the_broker_and_lands,1,broker::a_preferred_worker_does_its_task_through_the_broker_and_lands,1,broker::a_preferred_worker_does_its_task_through_the_broker_and_lands,1,runs/3be848c0-6af6-4d0b-94d9-65f37e594fdf/e2e-1.log
2026-10-03T00:41:32.406Z,69994,before,e42e7305-9dab-48a0-a999-588631463a91,1516,1,156,0,0,passed,read,116.81,15,broker::a_preferred_worker_does_its_task_through_the_broker_and_lands,1,broker::a_preferred_worker_does_its_task_through_the_broker_and_lands,1,broker::a_preferred_worker_does_its_task_through_the_broker_and_lands,1,runs/e42e7305-9dab-48a0-a999-588631463a91/e2e-1.log
2026-10-03T01:36:05.326Z,70727,before,05efd4f3-2809-406d-aaa9-a2f239de5538,1405,1,164,0,0,passed,read,153.98,15,broker::a_preferred_worker_does_its_task_through_the_broker_and_lands,1,broker::a_preferred_worker_does_its_task_through_the_broker_and_lands,1,broker::a_preferred_worker_does_its_task_through_the_broker_and_lands two_independent_tasks_run_concurrently_and_a_dependent_follows_integration,1,runs/05efd4f3-2809-406d-aaa9-a2f239de5538/e2e-1.log
2026-10-03T02:53:04.465Z,71434,before,aa9fa5aa-3477-45e9-97d4-897af00d711b,1396,1,140,0,0,passed,read,129.56,15,broker::a_preferred_worker_does_its_task_through_the_broker_and_lands,1,broker::a_preferred_worker_does_its_task_through_the_broker_and_lands,1,broker::a_preferred_worker_does_its_task_through_the_broker_and_lands two_independent_tasks_run_concurrently_and_a_dependent_follows_integration,1,runs/aa9fa5aa-3477-45e9-97d4-897af00d711b/e2e-1.log
2026-10-03T04:25:50.256Z,72847,before,a22cd69e-d52b-4fbb-b7fa-4b6ba1c5b295,793,1,160,0,0,passed,read,150.11,15,broker::a_preferred_worker_does_its_task_through_the_broker_and_lands,1,broker::a_preferred_worker_does_its_task_through_the_broker_and_lands,1,broker::a_preferred_worker_does_its_task_through_the_broker_and_lands two_independent_tasks_run_concurrently_and_a_dependent_follows_integration,1,runs/a22cd69e-d52b-4fbb-b7fa-4b6ba1c5b295/e2e-1.log
2026-10-03T05:13:09.717Z,73270,before,3397cb54-8f35-4a11-922d-d22002ceedad,1470,1,138,0,0,passed,read,128.41,15,broker::a_preferred_worker_does_its_task_through_the_broker_and_lands,1,broker::a_preferred_worker_does_its_task_through_the_broker_and_lands,1,broker::a_preferred_worker_does_its_task_through_the_broker_and_lands two_independent_tasks_run_concurrently_and_a_dependent_follows_integration,1,runs/3397cb54-8f35-4a11-922d-d22002ceedad/e2e-1.log
2026-10-03T07:21:33.419Z,73995,before,6cc1b23c-5b6f-4787-bac5-a16fe020ed01,1399,1,183,0,0,passed,read,171.87,15,broker::a_preferred_worker_does_its_task_through_the_broker_and_lands,1,broker::a_preferred_worker_does_its_task_through_the_broker_and_lands,1,auto_update_hands_the_supervisor_over_while_a_session_works_and_the_run_lands broker::a_preferred_worker_does_its_task_through_the_broker_and_lands two_independent_tasks_run_concurrently_and_a_dependent_follows_integration,1,runs/6cc1b23c-5b6f-4787-bac5-a16fe020ed01/e2e-1.log
2026-10-03T07:45:20.129Z,74037,before,b66bd3bf-ff41-45ec-a968-31c2d764e305,1436,1,372,0,0,passed,read,345.03,14,broker::a_preferred_worker_does_its_task_through_the_broker_and_lands,1,broker::a_preferred_worker_does_its_task_through_the_broker_and_lands,1,a_worker_question_is_answered_as_the_next_turn_and_the_run_lands auto_update_hands_the_supervisor_over_while_a_session_works_and_the_run_lands broker::a_preferred_worker_does_its_task_through_the_broker_and_lands happy_path_runs_a_stub_agent_through_cmux_and_lands_on_main headless::a_codex_worker_runs_its_turn_through_cmux_and_lands_on_main headless::no_claude_runs_codex_through_cmux_and_allows_manual_landing install_hands_the_supervisor_over_while_a_session_works_and_the_run_lands killed_supervisor_run_is_adopted_by_the_next_supervisor_and_lands other_repository::a_task_lands_on_master_of_a_repository_without_origin_cargo_toml_or_agents_md planner::plan_opens_planners_side_by_side_that_submit_go_idle_and_exit the_sweep_closes_workspaces_left_in_any_window_after_their_fixture_dir_is_gone two_independent_tasks_run_concurrently_and_a_dependent_follows_integration up_in_cmux_starts_a_supervisor_in_a_workspace_that_down_wait_stops_and_closes,1,runs/b66bd3bf-ff41-45ec-a968-31c2d764e305/e2e-1.log
2026-10-03T10:23:09.149Z,74731,before,e6cfc445-d78c-461b-8d61-d35247c081db,1398,1,566,1186,0,passed,read,522.59,14,broker::a_preferred_worker_does_its_task_through_the_broker_and_lands,1,broker::a_preferred_worker_does_its_task_through_the_broker_and_lands,1,a_worker_question_is_answered_as_the_next_turn_and_the_run_lands auto_update_hands_the_supervisor_over_while_a_session_works_and_the_run_lands broker::a_preferred_worker_does_its_task_through_the_broker_and_lands happy_path_runs_a_stub_agent_through_cmux_and_lands_on_main headless::a_codex_worker_runs_its_turn_through_cmux_and_lands_on_main headless::no_claude_runs_codex_through_cmux_and_allows_manual_landing install_hands_the_supervisor_over_while_a_session_works_and_the_run_lands killed_supervisor_run_is_adopted_by_the_next_supervisor_and_lands other_repository::a_task_lands_on_master_of_a_repository_without_origin_cargo_toml_or_agents_md planner::the_runtime_opens_planners_side_by_side_that_submit_go_idle_and_exit the_sweep_closes_workspaces_left_in_any_window_after_their_fixture_dir_is_gone two_independent_tasks_run_concurrently_and_a_dependent_follows_integration up_in_cmux_starts_a_supervisor_in_a_workspace_that_down_wait_stops_and_closes,1,runs/e6cfc445-d78c-461b-8d61-d35247c081db/e2e-1.log
2026-10-03T12:13:39.190Z,75512,before,e6cfc445-d78c-461b-8d61-d35247c081db,1398,2,145,121,0,passed,read,128.17,14,broker::a_preferred_worker_does_its_task_through_the_broker_and_lands,1,broker::a_preferred_worker_does_its_task_through_the_broker_and_lands,1,broker::a_preferred_worker_does_its_task_through_the_broker_and_lands,1,runs/e6cfc445-d78c-461b-8d61-d35247c081db/e2e-2.log
2026-10-03T12:46:50.295Z,75750,before,6c6542c9-f122-4667-8151-5ee3e944965b,1560,1,212,0,0,passed,read,195.63,14,broker::a_preferred_worker_does_its_task_through_the_broker_and_lands,1,broker::a_preferred_worker_does_its_task_through_the_broker_and_lands,1,broker::a_preferred_worker_does_its_task_through_the_broker_and_lands,1,runs/6c6542c9-f122-4667-8151-5ee3e944965b/e2e-1.log
2026-10-03T12:54:55.825Z,75801,before,f4b8ea86-dff0-4086-a2c8-5eb760569be9,1397,1,447,0,0,passed,read,315.77,14,broker::a_preferred_worker_does_its_task_through_the_broker_and_lands,1,broker::a_preferred_worker_does_its_task_through_the_broker_and_lands,1,broker::a_preferred_worker_does_its_task_through_the_broker_and_lands,1,runs/f4b8ea86-dff0-4086-a2c8-5eb760569be9/e2e-1.log
2026-10-03T13:54:22.395Z,76128,before,4a9dbadb-f295-4ec6-a5d5-7187a524d001,1364,1,206,0,0,passed,read,179.32,14,broker::a_preferred_worker_does_its_task_through_the_broker_and_lands,1,broker::a_preferred_worker_does_its_task_through_the_broker_and_lands,1,broker::a_preferred_worker_does_its_task_through_the_broker_and_lands,1,runs/4a9dbadb-f295-4ec6-a5d5-7187a524d001/e2e-1.log
2026-10-03T14:25:51.925Z,76393,before,d987f39e-e890-49f3-9c1a-e8cb5b09aaf0,1533,1,143,0,0,passed,read,130.99,14,broker::a_preferred_worker_does_its_task_through_the_broker_and_lands,1,broker::a_preferred_worker_does_its_task_through_the_broker_and_lands,1,broker::a_preferred_worker_does_its_task_through_the_broker_and_lands,1,runs/d987f39e-e890-49f3-9c1a-e8cb5b09aaf0/e2e-1.log
2026-10-03T14:34:58.804Z,76420,before,6a47ab6a-1d23-41e0-830d-fa64d2501a0c,1581,1,248,0,0,passed,read,213.99,14,broker::a_preferred_worker_does_its_task_through_the_broker_and_lands,1,broker::a_preferred_worker_does_its_task_through_the_broker_and_lands,1,broker::a_preferred_worker_does_its_task_through_the_broker_and_lands,1,runs/6a47ab6a-1d23-41e0-830d-fa64d2501a0c/e2e-1.log
2026-10-03T15:33:41.992Z,76855,before,d1eae627-ff2b-44fc-ae3d-209811406d46,1582,1,66,0,0,passed,read,57.63,10,,0,two_independent_tasks_run_concurrently_and_a_dependent_follows_integration,0,,0,runs/d1eae627-ff2b-44fc-ae3d-209811406d46/e2e-1.log
2026-10-03T16:10:38.418Z,77042,before,171fce7a-7736-48d2-991e-2cb380f0d6f7,1586,1,66,0,0,passed,read,56.98,10,,0,two_independent_tasks_run_concurrently_and_a_dependent_follows_integration,0,,0,runs/171fce7a-7736-48d2-991e-2cb380f0d6f7/e2e-1.log
2026-10-03T16:12:03.727Z,77071,before,5ebe4f16-ef40-4652-bfc5-ac4f9db28eda,1232,1,81,0,0,passed,read,71.65,10,,0,two_independent_tasks_run_concurrently_and_a_dependent_follows_integration,0,,0,runs/5ebe4f16-ef40-4652-bfc5-ac4f9db28eda/e2e-1.log
2026-10-03T16:39:41.624Z,77206,before,1b30d72b-2835-4414-8dad-2a7dcdda4aa4,1588,1,65,0,0,passed,read,56.29,10,,0,two_independent_tasks_run_concurrently_and_a_dependent_follows_integration,0,,0,runs/1b30d72b-2835-4414-8dad-2a7dcdda4aa4/e2e-1.log
2026-10-03T17:10:41.842Z,77471,before,98a2d261-d70a-4e54-86cd-af805d3bb20b,1518,1,62,0,0,passed,read,56.2,10,,0,two_independent_tasks_run_concurrently_and_a_dependent_follows_integration,0,,0,runs/98a2d261-d70a-4e54-86cd-af805d3bb20b/e2e-1.log
2026-10-03T17:45:21.622Z,77806,before,18884f2f-8bf1-4d5b-a99d-5bad0332c2d7,1269,1,135,0,0,passed,read,110.71,10,,0,two_independent_tasks_run_concurrently_and_a_dependent_follows_integration,0,auto_update_hands_the_supervisor_over_while_a_session_works_and_the_run_lands two_independent_tasks_run_concurrently_and_a_dependent_follows_integration,0,runs/18884f2f-8bf1-4d5b-a99d-5bad0332c2d7/e2e-1.log
2026-10-03T17:54:10.311Z,77882,before,2f3b8539-be0c-413d-bc66-967100c48df3,1500,1,192,0,0,passed,read,92.9,10,,0,two_independent_tasks_run_concurrently_and_a_dependent_follows_integration,0,,0,runs/2f3b8539-be0c-413d-bc66-967100c48df3/e2e-1.log
2026-10-03T20:16:16.988Z,78739,before,64727486-892e-4140-9949-4cd91f446d26,251,1,78,0,0,passed,read,66.97,10,,0,two_independent_tasks_run_concurrently_and_a_dependent_follows_integration,0,,0,runs/64727486-892e-4140-9949-4cd91f446d26/e2e-1.log
2026-10-03T20:20:47.037Z,78784,before,2aa0ae42-617e-498a-b9b4-7f0ed7e98bca,1479,1,215,0,0,passed,read,198.14,10,,0,two_independent_tasks_run_concurrently_and_a_dependent_follows_integration,0,a_worker_question_is_answered_as_the_next_turn_and_the_run_lands auto_update_hands_the_supervisor_over_while_a_session_works_and_the_run_lands happy_path_runs_a_stub_agent_through_cmux_and_lands_on_main headless::a_codex_worker_runs_its_turn_through_cmux_and_lands_on_main headless::no_claude_runs_codex_through_cmux_and_allows_manual_landing install_hands_the_supervisor_over_while_a_session_works_and_the_run_lands two_independent_tasks_run_concurrently_and_a_dependent_follows_integration,0,runs/2aa0ae42-617e-498a-b9b4-7f0ed7e98bca/e2e-1.log
2026-10-03T20:49:59.123Z,78985,before,5b0f0eb3-59d8-4834-80ff-30f638519c90,774,1,123,0,0,passed,read,98.19,10,,0,two_independent_tasks_run_concurrently_and_a_dependent_follows_integration,0,auto_update_hands_the_supervisor_over_while_a_session_works_and_the_run_lands two_independent_tasks_run_concurrently_and_a_dependent_follows_integration,0,runs/5b0f0eb3-59d8-4834-80ff-30f638519c90/e2e-1.log
2026-10-03T21:34:03.983Z,79216,before,ac2ed498-bca7-40b8-b0e0-16accc1d658e,1188,1,65,0,0,passed,read,57.51,10,,0,two_independent_tasks_run_concurrently_and_a_dependent_follows_integration,0,,0,runs/ac2ed498-bca7-40b8-b0e0-16accc1d658e/e2e-1.log
2026-10-03T21:36:43.645Z,79232,before,029cc29d-5584-4cc1-94ac-069822f33b4e,775,1,96,0,0,passed,read,79.58,10,,0,two_independent_tasks_run_concurrently_and_a_dependent_follows_integration,0,,0,runs/029cc29d-5584-4cc1-94ac-069822f33b4e/e2e-1.log
2026-10-03T22:41:50.930Z,79400,before,029cc29d-5584-4cc1-94ac-069822f33b4e,775,2,151,0,0,passed,read,110.98,10,,0,two_independent_tasks_run_concurrently_and_a_dependent_follows_integration,0,two_independent_tasks_run_concurrently_and_a_dependent_follows_integration,0,runs/029cc29d-5584-4cc1-94ac-069822f33b4e/e2e-2.log
2026-10-03T23:13:09.781Z,79565,before,65029e8f-df34-4b15-9e24-40346c53fae5,1580,1,145,0,0,passed,read,76.24,10,,0,two_independent_tasks_run_concurrently_and_a_dependent_follows_integration,0,,0,runs/65029e8f-df34-4b15-9e24-40346c53fae5/e2e-1.log
2026-10-04T00:06:27.779Z,80307,before,18bcb9c4-290d-492f-b593-6523ee2ad3ad,655,1,103,0,0,passed,read,74.18,10,,0,two_independent_tasks_run_concurrently_and_a_dependent_follows_integration,0,,0,runs/18bcb9c4-290d-492f-b593-6523ee2ad3ad/e2e-1.log
2026-10-04T00:11:02.250Z,80336,before,18bcb9c4-290d-492f-b593-6523ee2ad3ad,655,2,65,0,0,passed,read,57.32,10,,0,two_independent_tasks_run_concurrently_and_a_dependent_follows_integration,0,,0,runs/18bcb9c4-290d-492f-b593-6523ee2ad3ad/e2e-2.log
2026-10-04T01:33:48.097Z,80857,before,161e4b24-906e-4711-8a84-a5566683e4d8,1339,1,127,0,0,passed,read,102.35,10,,0,two_independent_tasks_run_concurrently_and_a_dependent_follows_integration,0,two_independent_tasks_run_concurrently_and_a_dependent_follows_integration,0,runs/161e4b24-906e-4711-8a84-a5566683e4d8/e2e-1.log
2026-10-04T02:05:40.227Z,81139,before,fde995cf-826b-4c24-ae60-c09c987444e7,1406,1,91,0,0,passed,read,68.89,10,,0,two_independent_tasks_run_concurrently_and_a_dependent_follows_integration,0,,0,runs/fde995cf-826b-4c24-ae60-c09c987444e7/e2e-1.log
2026-10-04T03:01:23.561Z,81599,before,9874facf-b0e8-47dd-9d93-5d4052d079a2,1189,1,220,0,0,passed,read,94.0,10,,0,two_independent_tasks_run_concurrently_and_a_dependent_follows_integration,0,two_independent_tasks_run_concurrently_and_a_dependent_follows_integration,0,runs/9874facf-b0e8-47dd-9d93-5d4052d079a2/e2e-1.log
2026-10-04T03:38:20.929Z,81852,before,0de6cd72-bb17-45b8-815a-67df22a1101b,1505,1,74,0,0,passed,read,59.09,10,,0,two_independent_tasks_run_concurrently_and_a_dependent_follows_integration,0,,0,runs/0de6cd72-bb17-45b8-815a-67df22a1101b/e2e-1.log
2026-10-04T04:05:47.171Z,81953,before,6357a771-18de-44db-a425-e73f6efbaead,1583,1,717,,0,unavailable,missing,欠測,欠測,欠測,欠測,欠測,欠測,欠測,欠測,runs/6357a771-18de-44db-a425-e73f6efbaead/e2e-1.log
2026-10-04T04:12:21.961Z,82030,before,6357a771-18de-44db-a425-e73f6efbaead,1583,2,72,0,0,passed,read,62.28,10,,0,two_independent_tasks_run_concurrently_and_a_dependent_follows_integration,0,,0,runs/6357a771-18de-44db-a425-e73f6efbaead/e2e-2.log
2026-10-04T04:58:04.054Z,82265,before,3e3e6758-831f-4bbf-91a0-b301f2320489,1658,1,105,0,0,passed,read,82.22,10,,0,two_independent_tasks_run_concurrently_and_a_dependent_follows_integration,0,,0,runs/3e3e6758-831f-4bbf-91a0-b301f2320489/e2e-1.log
2026-10-04T05:47:23.895Z,82540,before,04500685-3fa3-405c-a5ec-092d09f5058f,1508,2,68,0,0,passed,read,57.53,10,,0,two_independent_tasks_run_concurrently_and_a_dependent_follows_integration,0,,0,runs/04500685-3fa3-405c-a5ec-092d09f5058f/e2e-2.log
2026-10-04T09:39:38.156Z,88353,before,76c5dd97-fde3-4a96-8784-4f4e3ad22fb0,1354,1,115,0,0,passed,read,81.69,10,,0,two_independent_tasks_run_concurrently_and_a_dependent_follows_integration,0,,0,runs/76c5dd97-fde3-4a96-8784-4f4e3ad22fb0/e2e-1.log
2026-10-04T10:06:24.184Z,89473,before,bc4a1494-3b67-422f-9760-020c8e761a13,1373,1,112,0,0,passed,read,71.09,10,,0,two_independent_tasks_run_concurrently_and_a_dependent_follows_integration,0,,0,runs/bc4a1494-3b67-422f-9760-020c8e761a13/e2e-1.log
2026-10-04T10:21:46.843Z,90105,before,a1b7032b-e911-42b9-950e-e5d6aa749a93,1570,1,80,0,0,passed,read,65.92,10,,0,two_independent_tasks_run_concurrently_and_a_dependent_follows_integration,0,,0,runs/a1b7032b-e911-42b9-950e-e5d6aa749a93/e2e-1.log
2026-10-04T12:21:57.686Z,91758,before,e2445fdc-63fe-4151-bdc6-4d5ecf73d863,1615,1,64,0,0,passed,read,55.7,10,,0,two_independent_tasks_run_concurrently_and_a_dependent_follows_integration,0,,0,runs/e2445fdc-63fe-4151-bdc6-4d5ecf73d863/e2e-1.log
2026-10-04T13:34:43.248Z,94191,before,6ad77ab1-2138-40c6-96a2-a406d5947bc4,1596,1,66,0,0,passed,read,56.26,10,,0,two_independent_tasks_run_concurrently_and_a_dependent_follows_integration,0,,0,runs/6ad77ab1-2138-40c6-96a2-a406d5947bc4/e2e-1.log
2026-10-04T14:02:57.010Z,94309,before,3d21d841-867f-4a87-873e-0e95cd5a83e9,1437,1,67,0,0,passed,read,58.37,10,,0,two_independent_tasks_run_concurrently_and_a_dependent_follows_integration,0,,0,runs/3d21d841-867f-4a87-873e-0e95cd5a83e9/e2e-1.log
2026-10-04T14:05:51.187Z,94352,before,278d3f15-ff01-425e-8af0-33b628edcaf9,1709,1,78,0,0,passed,read,62.66,10,,0,two_independent_tasks_run_concurrently_and_a_dependent_follows_integration,0,,0,runs/278d3f15-ff01-425e-8af0-33b628edcaf9/e2e-1.log
2026-10-04T18:18:53.502Z,96711,before,bbd11ba3-0056-4621-96a4-fac3d4058ca6,839,1,71,0,0,passed,read,64.15,10,,0,two_independent_tasks_run_concurrently_and_a_dependent_follows_integration,0,,0,runs/bbd11ba3-0056-4621-96a4-fac3d4058ca6/e2e-1.log
2026-10-04T18:56:01.891Z,96956,before,d97216b8-eb3a-415f-8716-b087c588f086,1451,1,151,0,0,passed,read,139.21,11,broker::a_preferred_worker_does_its_task_through_the_broker_and_lands,1,broker::a_preferred_worker_does_its_task_through_the_broker_and_lands,1,broker::a_preferred_worker_does_its_task_through_the_broker_and_lands,1,runs/d97216b8-eb3a-415f-8716-b087c588f086/e2e-1.log
2026-10-04T19:45:33.606Z,97290,afterA,c9c14221-6127-4713-bf1e-447c83a29823,1590,1,72,128,0,passed,read,70.29,10,,0,two_independent_tasks_run_concurrently_and_a_dependent_follows_integration,0,,0,runs/c9c14221-6127-4713-bf1e-447c83a29823/e2e-1.log
2026-10-04T20:52:42.364Z,97829,afterA,5746a32e-64dd-4d3e-8352-93e67af75358,1156,1,75,0,0,passed,read,67.29,11,broker::a_preferred_worker_does_its_task_through_the_broker_and_lands,1,broker::a_preferred_worker_does_its_task_through_the_broker_and_lands,1,broker::a_preferred_worker_does_its_task_through_the_broker_and_lands,1,runs/5746a32e-64dd-4d3e-8352-93e67af75358/e2e-1.log
2026-10-04T21:00:43.926Z,97860,afterA,f4c6e714-798f-4b98-8e79-c9fc271e5869,1238,1,164,0,0,passed,read,138.16,11,broker::a_preferred_worker_does_its_task_through_the_broker_and_lands,1,broker::a_preferred_worker_does_its_task_through_the_broker_and_lands,1,auto_update_hands_the_supervisor_over_while_a_session_works_and_the_run_lands broker::a_preferred_worker_does_its_task_through_the_broker_and_lands two_independent_tasks_run_concurrently_and_a_dependent_follows_integration,1,runs/f4c6e714-798f-4b98-8e79-c9fc271e5869/e2e-1.log
2026-10-04T22:44:25.230Z,98665,afterA,5ed87780-c191-4a6b-b02e-dc7cb963a8d0,1640,1,327,0,0,passed,read,141.19,11,broker::a_preferred_worker_does_its_task_through_the_broker_and_lands,1,broker::a_preferred_worker_does_its_task_through_the_broker_and_lands,1,auto_update_hands_the_supervisor_over_while_a_session_works_and_the_run_lands broker::a_preferred_worker_does_its_task_through_the_broker_and_lands,1,runs/5ed87780-c191-4a6b-b02e-dc7cb963a8d0/e2e-1.log
2026-10-04T23:06:48.064Z,98779,afterA,d6790cac-3649-4b76-8600-6c6d902e44e1,838,1,157,0,0,passed,read,120.39,11,broker::a_preferred_worker_does_its_task_through_the_broker_and_lands,1,broker::a_preferred_worker_does_its_task_through_the_broker_and_lands,1,broker::a_preferred_worker_does_its_task_through_the_broker_and_lands,1,runs/d6790cac-3649-4b76-8600-6c6d902e44e1/e2e-1.log
2026-10-05T00:07:28.095Z,99492,afterA,1dc0d5cf-fe32-4579-ba47-616af532ec57,1632,1,181,0,0,passed,read,144.55,11,broker::a_preferred_worker_does_its_task_through_the_broker_and_lands,1,broker::a_preferred_worker_does_its_task_through_the_broker_and_lands,1,broker::a_preferred_worker_does_its_task_through_the_broker_and_lands,1,runs/1dc0d5cf-fe32-4579-ba47-616af532ec57/e2e-1.log
2026-10-05T00:42:20.793Z,100077,afterA,f3de8eb0-a0f2-4231-a8a9-7e78ae407a2c,840,1,97,0,0,passed,read,87.53,11,broker::a_preferred_worker_does_its_task_through_the_broker_and_lands,1,broker::a_preferred_worker_does_its_task_through_the_broker_and_lands,1,broker::a_preferred_worker_does_its_task_through_the_broker_and_lands,1,runs/f3de8eb0-a0f2-4231-a8a9-7e78ae407a2c/e2e-1.log
2026-10-05T01:19:15.490Z,100386,afterA,1db376a4-489a-478d-a932-969346224528,1794,1,80,42,0,passed,read,70.25,11,broker::a_preferred_worker_does_its_task_through_the_broker_and_lands,1,broker::a_preferred_worker_does_its_task_through_the_broker_and_lands,1,broker::a_preferred_worker_does_its_task_through_the_broker_and_lands,1,runs/1db376a4-489a-478d-a932-969346224528/e2e-1.log
2026-10-05T02:45:25.296Z,100660,afterA,31fb5b8c-7374-4563-a6f4-7b8ce2d948ac,841,1,121,0,0,passed,read,88.22,13,broker::a_preferred_worker_does_its_task_through_the_broker_and_lands broker::a_required_queue_claims_nothing_while_its_broker_is_stopped_and_tells_the_inbox broker::a_required_worker_does_its_task_only_through_the_broker_and_lands,3,two_independent_tasks_run_concurrently_and_a_dependent_follows_integration,0,broker::a_preferred_worker_does_its_task_through_the_broker_and_lands broker::a_required_queue_claims_nothing_while_its_broker_is_stopped_and_tells_the_inbox broker::a_required_worker_does_its_task_only_through_the_broker_and_lands,1,runs/31fb5b8c-7374-4563-a6f4-7b8ce2d948ac/e2e-1.log
2026-10-05T03:55:36.206Z,101295,afterB,7c88cb42-5a3e-4da9-9c75-f804cd74cd1a,1641,1,87,0,0,passed,read,77.89,13,broker::a_required_queue_claims_nothing_while_its_broker_is_stopped_and_tells_the_inbox broker::a_required_worker_does_its_task_only_through_the_broker_and_lands broker::a_preferred_worker_does_its_task_through_the_broker_and_lands,3,two_independent_tasks_run_concurrently_and_a_dependent_follows_integration,0,broker::a_preferred_worker_does_its_task_through_the_broker_and_lands,1,runs/7c88cb42-5a3e-4da9-9c75-f804cd74cd1a/e2e-1.log
2026-10-05T04:53:00.141Z,101595,afterB,068c08e3-eb24-4437-b01f-de7f6dd028c1,1481,1,104,0,0,passed,read,101.68,13,broker::a_required_worker_does_its_task_only_through_the_broker_and_lands broker::a_required_queue_claims_nothing_while_its_broker_is_stopped_and_tells_the_inbox broker::a_preferred_worker_does_its_task_through_the_broker_and_lands,3,two_independent_tasks_run_concurrently_and_a_dependent_follows_integration,0,broker::a_preferred_worker_does_its_task_through_the_broker_and_lands broker::a_required_queue_claims_nothing_while_its_broker_is_stopped_and_tells_the_inbox broker::a_required_worker_does_its_task_only_through_the_broker_and_lands,1,runs/068c08e3-eb24-4437-b01f-de7f6dd028c1/e2e-1.log
2026-10-05T06:48:45.080Z,102639,afterB,ebd0fd66-722f-468c-9522-ef4e47baf54f,1617,1,118,0,0,passed,read,106.08,13,broker::a_preferred_worker_does_its_task_through_the_broker_and_lands broker::a_required_worker_does_its_task_only_through_the_broker_and_lands broker::a_required_queue_claims_nothing_while_its_broker_is_stopped_and_tells_the_inbox,3,two_independent_tasks_run_concurrently_and_a_dependent_follows_integration,0,broker::a_preferred_worker_does_its_task_through_the_broker_and_lands broker::a_required_queue_claims_nothing_while_its_broker_is_stopped_and_tells_the_inbox broker::a_required_worker_does_its_task_only_through_the_broker_and_lands,1,runs/ebd0fd66-722f-468c-9522-ef4e47baf54f/e2e-1.log
2026-10-05T07:14:39.553Z,102702,afterB,379c0da8-57a4-4295-b46f-27e5f524fc4d,1618,1,270,0,0,passed,read,212.85,13,broker::a_preferred_worker_does_its_task_through_the_broker_and_lands broker::a_required_queue_claims_nothing_while_its_broker_is_stopped_and_tells_the_inbox broker::a_required_worker_does_its_task_only_through_the_broker_and_lands,3,broker::a_required_worker_does_its_task_only_through_the_broker_and_lands,1,auto_update_hands_the_supervisor_over_while_a_session_works_and_the_run_lands broker::a_preferred_worker_does_its_task_through_the_broker_and_lands broker::a_required_queue_claims_nothing_while_its_broker_is_stopped_and_tells_the_inbox broker::a_required_worker_does_its_task_only_through_the_broker_and_lands two_independent_tasks_run_concurrently_and_a_dependent_follows_integration,1,runs/379c0da8-57a4-4295-b46f-27e5f524fc4d/e2e-1.log
2026-10-05T07:50:02.276Z,102755,afterB,379c0da8-57a4-4295-b46f-27e5f524fc4d,1618,2,1800,60,1,unavailable,no_test_result,欠測,欠測,欠測,欠測,欠測,欠測,欠測,欠測,runs/379c0da8-57a4-4295-b46f-27e5f524fc4d/e2e-2.log
2026-10-05T07:56:47.676Z,102782,afterB,379c0da8-57a4-4295-b46f-27e5f524fc4d,1618,3,86,0,0,passed,read,75.0,13,broker::a_required_queue_claims_nothing_while_its_broker_is_stopped_and_tells_the_inbox broker::a_required_worker_does_its_task_only_through_the_broker_and_lands broker::a_preferred_worker_does_its_task_through_the_broker_and_lands,3,two_independent_tasks_run_concurrently_and_a_dependent_follows_integration,0,,0,runs/379c0da8-57a4-4295-b46f-27e5f524fc4d/e2e-3.log
2026-10-05T08:05:46.126Z,102804,afterB,4a3b47e3-3947-40e6-b977-063cefc1402e,1440,1,140,0,0,passed,read,132.92,13,broker::a_required_worker_does_its_task_only_through_the_broker_and_lands broker::a_required_queue_claims_nothing_while_its_broker_is_stopped_and_tells_the_inbox broker::a_preferred_worker_does_its_task_through_the_broker_and_lands,3,broker::a_preferred_worker_does_its_task_through_the_broker_and_lands,1,broker::a_preferred_worker_does_its_task_through_the_broker_and_lands broker::a_required_queue_claims_nothing_while_its_broker_is_stopped_and_tells_the_inbox broker::a_required_worker_does_its_task_only_through_the_broker_and_lands,1,runs/4a3b47e3-3947-40e6-b977-063cefc1402e/e2e-1.log
2026-10-05T12:56:38.047Z,104621,afterB,ed41a873-40bb-4179-8b86-a17a0a72f07e,1605,1,133,0,0,passed,read,88.5,13,broker::a_required_queue_claims_nothing_while_its_broker_is_stopped_and_tells_the_inbox broker::a_required_worker_does_its_task_only_through_the_broker_and_lands broker::a_preferred_worker_does_its_task_through_the_broker_and_lands,3,two_independent_tasks_run_concurrently_and_a_dependent_follows_integration,0,broker::a_preferred_worker_does_its_task_through_the_broker_and_lands broker::a_required_queue_claims_nothing_while_its_broker_is_stopped_and_tells_the_inbox broker::a_required_worker_does_its_task_only_through_the_broker_and_lands,1,runs/ed41a873-40bb-4179-8b86-a17a0a72f07e/e2e-1.log
2026-10-05T13:02:11.323Z,104709,afterB,cf6f8393-cbb4-4253-a702-7615bfad3248,663,1,214,0,0,passed,read,188.62,13,broker::a_required_queue_claims_nothing_while_its_broker_is_stopped_and_tells_the_inbox broker::a_preferred_worker_does_its_task_through_the_broker_and_lands broker::a_required_worker_does_its_task_only_through_the_broker_and_lands,3,broker::a_required_worker_does_its_task_only_through_the_broker_and_lands,1,broker::a_preferred_worker_does_its_task_through_the_broker_and_lands broker::a_required_queue_claims_nothing_while_its_broker_is_stopped_and_tells_the_inbox broker::a_required_worker_does_its_task_only_through_the_broker_and_lands,1,runs/cf6f8393-cbb4-4253-a702-7615bfad3248/e2e-1.log
2026-10-05T13:52:14.297Z,104923,afterB,90b81ce8-61e5-416d-9315-53319d9e1ae9,1843,1,367,6,0,passed,read,178.96,13,broker::a_preferred_worker_does_its_task_through_the_broker_and_lands broker::a_required_queue_claims_nothing_while_its_broker_is_stopped_and_tells_the_inbox broker::a_required_worker_does_its_task_only_through_the_broker_and_lands,3,broker::a_required_worker_does_its_task_only_through_the_broker_and_lands,1,auto_update_hands_the_supervisor_over_while_a_session_works_and_the_run_lands broker::a_preferred_worker_does_its_task_through_the_broker_and_lands broker::a_required_queue_claims_nothing_while_its_broker_is_stopped_and_tells_the_inbox broker::a_required_worker_does_its_task_only_through_the_broker_and_lands two_independent_tasks_run_concurrently_and_a_dependent_follows_integration,1,runs/90b81ce8-61e5-416d-9315-53319d9e1ae9/e2e-1.log
2026-10-05T14:32:34.282Z,105154,afterB,3538ef34-e457-4643-8bcd-5b8e66188ba5,1601,1,278,209,0,passed,read,197.03,13,broker::a_preferred_worker_does_its_task_through_the_broker_and_lands broker::a_required_queue_claims_nothing_while_its_broker_is_stopped_and_tells_the_inbox broker::a_required_worker_does_its_task_only_through_the_broker_and_lands,3,broker::a_required_worker_does_its_task_only_through_the_broker_and_lands,1,broker::a_preferred_worker_does_its_task_through_the_broker_and_lands broker::a_required_queue_claims_nothing_while_its_broker_is_stopped_and_tells_the_inbox broker::a_required_worker_does_its_task_only_through_the_broker_and_lands two_independent_tasks_run_concurrently_and_a_dependent_follows_integration,1,runs/3538ef34-e457-4643-8bcd-5b8e66188ba5/e2e-1.log
2026-10-06T01:19:25.299Z,108753,afterB,55ba7223-3054-4933-baf3-ef87bbdaf10c,1857,1,81,0,0,passed,read,70.88,13,broker::a_required_worker_does_its_task_only_through_the_broker_and_lands broker::a_required_queue_claims_nothing_while_its_broker_is_stopped_and_tells_the_inbox broker::a_preferred_worker_does_its_task_through_the_broker_and_lands,3,two_independent_tasks_run_concurrently_and_a_dependent_follows_integration,0,broker::a_preferred_worker_does_its_task_through_the_broker_and_lands,1,runs/55ba7223-3054-4933-baf3-ef87bbdaf10c/e2e-1.log
2026-10-06T02:04:41.335Z,109227,afterB,01da4857-b07b-4949-a779-8c5c8cd20f4f,1907,1,98,0,0,passed,read,66.99,13,broker::a_required_worker_does_its_task_only_through_the_broker_and_lands broker::a_required_queue_claims_nothing_while_its_broker_is_stopped_and_tells_the_inbox broker::a_preferred_worker_does_its_task_through_the_broker_and_lands,3,two_independent_tasks_run_concurrently_and_a_dependent_follows_integration,0,broker::a_preferred_worker_does_its_task_through_the_broker_and_lands,1,runs/01da4857-b07b-4949-a779-8c5c8cd20f4f/e2e-1.log
2026-10-06T03:11:28.620Z,110519,afterB,1ef538f4-bb7e-4aeb-b605-8efa327ab545,1657,1,77,0,0,passed,read,68.42,13,broker::a_required_worker_does_its_task_only_through_the_broker_and_lands broker::a_preferred_worker_does_its_task_through_the_broker_and_lands broker::a_required_queue_claims_nothing_while_its_broker_is_stopped_and_tells_the_inbox,3,two_independent_tasks_run_concurrently_and_a_dependent_follows_integration,0,broker::a_preferred_worker_does_its_task_through_the_broker_and_lands broker::a_required_queue_claims_nothing_while_its_broker_is_stopped_and_tells_the_inbox,1,runs/1ef538f4-bb7e-4aeb-b605-8efa327ab545/e2e-1.log
2026-10-06T03:52:42.074Z,110994,afterB,633d67e4-cf9e-47cf-becf-cc490d5c7f01,780,1,86,0,0,passed,read,73.18,13,broker::a_required_worker_does_its_task_only_through_the_broker_and_lands broker::a_required_queue_claims_nothing_while_its_broker_is_stopped_and_tells_the_inbox broker::a_preferred_worker_does_its_task_through_the_broker_and_lands,3,two_independent_tasks_run_concurrently_and_a_dependent_follows_integration,0,broker::a_preferred_worker_does_its_task_through_the_broker_and_lands broker::a_required_queue_claims_nothing_while_its_broker_is_stopped_and_tells_the_inbox broker::a_required_worker_does_its_task_only_through_the_broker_and_lands,1,runs/633d67e4-cf9e-47cf-becf-cc490d5c7f01/e2e-1.log
2026-10-06T10:56:57.989Z,112001,afterB,98b5d449-822c-409e-8964-af74901b3aac,1557,1,93,0,0,passed,read,79.34,13,broker::a_required_queue_claims_nothing_while_its_broker_is_stopped_and_tells_the_inbox broker::a_preferred_worker_does_its_task_through_the_broker_and_lands broker::a_required_worker_does_its_task_only_through_the_broker_and_lands,3,broker::a_required_worker_does_its_task_only_through_the_broker_and_lands,1,broker::a_preferred_worker_does_its_task_through_the_broker_and_lands broker::a_required_queue_claims_nothing_while_its_broker_is_stopped_and_tells_the_inbox broker::a_required_worker_does_its_task_only_through_the_broker_and_lands,1,runs/98b5d449-822c-409e-8964-af74901b3aac/e2e-1.log
2026-10-06T11:58:37.788Z,113039,afterB,98b5d449-822c-409e-8964-af74901b3aac,1557,3,75,0,0,passed,read,67.03,13,broker::a_required_worker_does_its_task_only_through_the_broker_and_lands broker::a_required_queue_claims_nothing_while_its_broker_is_stopped_and_tells_the_inbox broker::a_preferred_worker_does_its_task_through_the_broker_and_lands,3,two_independent_tasks_run_concurrently_and_a_dependent_follows_integration,0,broker::a_preferred_worker_does_its_task_through_the_broker_and_lands,1,runs/98b5d449-822c-409e-8964-af74901b3aac/e2e-3.log
2026-10-06T12:26:01.794Z,113394,afterB,e4fb40f7-ea8b-408f-a171-f73f3dfa7682,1873,1,78,0,0,passed,read,68.03,13,broker::a_required_worker_does_its_task_only_through_the_broker_and_lands broker::a_required_queue_claims_nothing_while_its_broker_is_stopped_and_tells_the_inbox broker::a_preferred_worker_does_its_task_through_the_broker_and_lands,3,two_independent_tasks_run_concurrently_and_a_dependent_follows_integration,0,broker::a_preferred_worker_does_its_task_through_the_broker_and_lands,1,runs/e4fb40f7-ea8b-408f-a171-f73f3dfa7682/e2e-1.log
2026-10-06T12:56:17.292Z,113969,afterB,06d2859c-0fd8-45da-8cba-949a024bbddd,1921,1,121,0,0,passed,read,106.37,13,broker::a_preferred_worker_does_its_task_through_the_broker_and_lands broker::a_required_queue_claims_nothing_while_its_broker_is_stopped_and_tells_the_inbox broker::a_required_worker_does_its_task_only_through_the_broker_and_lands,3,broker::a_required_worker_does_its_task_only_through_the_broker_and_lands,1,broker::a_preferred_worker_does_its_task_through_the_broker_and_lands broker::a_required_queue_claims_nothing_while_its_broker_is_stopped_and_tells_the_inbox broker::a_required_worker_does_its_task_only_through_the_broker_and_lands,1,runs/06d2859c-0fd8-45da-8cba-949a024bbddd/e2e-1.log
2026-10-06T13:30:51.549Z,114394,afterB,59f842a5-d062-465a-8648-fd00deba193e,1441,1,76,0,0,passed,read,66.62,13,broker::a_preferred_worker_does_its_task_through_the_broker_and_lands broker::a_required_queue_claims_nothing_while_its_broker_is_stopped_and_tells_the_inbox broker::a_required_worker_does_its_task_only_through_the_broker_and_lands,3,two_independent_tasks_run_concurrently_and_a_dependent_follows_integration,0,broker::a_required_worker_does_its_task_only_through_the_broker_and_lands,1,runs/59f842a5-d062-465a-8648-fd00deba193e/e2e-1.log
2026-10-06T22:33:39.341Z,115554,afterB,633d67e4-cf9e-47cf-becf-cc490d5c7f01,780,2,84,0,0,passed,read,73.13,13,broker::a_required_worker_does_its_task_only_through_the_broker_and_lands broker::a_required_queue_claims_nothing_while_its_broker_is_stopped_and_tells_the_inbox broker::a_preferred_worker_does_its_task_through_the_broker_and_lands,3,two_independent_tasks_run_concurrently_and_a_dependent_follows_integration,0,broker::a_preferred_worker_does_its_task_through_the_broker_and_lands broker::a_required_queue_claims_nothing_while_its_broker_is_stopped_and_tells_the_inbox broker::a_required_worker_does_its_task_only_through_the_broker_and_lands,1,runs/633d67e4-cf9e-47cf-becf-cc490d5c7f01/e2e-2.log
2026-10-07T03:17:07.725Z,118962,afterB,f42d4c2b-4369-4e9d-82b7-8a05d15058d6,1992,1,96,0,0,passed,read,81.04,13,broker::a_preferred_worker_does_its_task_through_the_broker_and_lands broker::a_required_queue_claims_nothing_while_its_broker_is_stopped_and_tells_the_inbox broker::a_required_worker_does_its_task_only_through_the_broker_and_lands,3,broker::a_required_worker_does_its_task_only_through_the_broker_and_lands,1,broker::a_preferred_worker_does_its_task_through_the_broker_and_lands broker::a_required_queue_claims_nothing_while_its_broker_is_stopped_and_tells_the_inbox broker::a_required_worker_does_its_task_only_through_the_broker_and_lands,1,runs/f42d4c2b-4369-4e9d-82b7-8a05d15058d6/e2e-1.log
2026-10-07T05:13:19.053Z,120567,afterB,21291c4f-c263-4b5f-aa52-08399eac5863,1950,1,103,80,0,passed,read,70.01,13,broker::a_preferred_worker_does_its_task_through_the_broker_and_lands broker::a_required_queue_claims_nothing_while_its_broker_is_stopped_and_tells_the_inbox broker::a_required_worker_does_its_task_only_through_the_broker_and_lands,3,two_independent_tasks_run_concurrently_and_a_dependent_follows_integration,0,broker::a_required_worker_does_its_task_only_through_the_broker_and_lands,1,runs/21291c4f-c263-4b5f-aa52-08399eac5863/e2e-1.log
2026-10-07T05:27:56.994Z,120707,afterB,5ca52e56-6c9f-4b6c-9d4e-d971eee4a596,1955,1,101,56,0,passed,read,68.87,13,broker::a_required_worker_does_its_task_only_through_the_broker_and_lands broker::a_required_queue_claims_nothing_while_its_broker_is_stopped_and_tells_the_inbox broker::a_preferred_worker_does_its_task_through_the_broker_and_lands,3,two_independent_tasks_run_concurrently_and_a_dependent_follows_integration,0,broker::a_preferred_worker_does_its_task_through_the_broker_and_lands,1,runs/5ca52e56-6c9f-4b6c-9d4e-d971eee4a596/e2e-1.log
2026-10-07T05:59:57.701Z,121001,afterB,9dfa3613-bd6a-457e-8f57-a5ca0439bf23,1952,1,117,0,0,passed,read,71.84,13,broker::a_required_queue_claims_nothing_while_its_broker_is_stopped_and_tells_the_inbox broker::a_required_worker_does_its_task_only_through_the_broker_and_lands broker::a_preferred_worker_does_its_task_through_the_broker_and_lands,3,two_independent_tasks_run_concurrently_and_a_dependent_follows_integration,0,broker::a_preferred_worker_does_its_task_through_the_broker_and_lands,1,runs/9dfa3613-bd6a-457e-8f57-a5ca0439bf23/e2e-1.log
2026-10-07T06:10:07.070Z,121090,afterB,9250c703-2a7e-4a07-9778-0a9e16c4d65a,2032,1,117,0,0,passed,read,98.28,13,broker::a_required_worker_does_its_task_only_through_the_broker_and_lands broker::a_required_queue_claims_nothing_while_its_broker_is_stopped_and_tells_the_inbox broker::a_preferred_worker_does_its_task_through_the_broker_and_lands,3,broker::a_preferred_worker_does_its_task_through_the_broker_and_lands,1,broker::a_preferred_worker_does_its_task_through_the_broker_and_lands broker::a_required_queue_claims_nothing_while_its_broker_is_stopped_and_tells_the_inbox broker::a_required_worker_does_its_task_only_through_the_broker_and_lands,1,runs/9250c703-2a7e-4a07-9778-0a9e16c4d65a/e2e-1.log
2026-10-07T07:00:51.144Z,121468,afterB,f0def117-40f5-4936-b0c8-c90612cbff4a,1954,1,108,66,0,passed,read,71.48,13,broker::a_required_queue_claims_nothing_while_its_broker_is_stopped_and_tells_the_inbox broker::a_required_worker_does_its_task_only_through_the_broker_and_lands broker::a_preferred_worker_does_its_task_through_the_broker_and_lands,3,two_independent_tasks_run_concurrently_and_a_dependent_follows_integration,0,broker::a_preferred_worker_does_its_task_through_the_broker_and_lands broker::a_required_queue_claims_nothing_while_its_broker_is_stopped_and_tells_the_inbox broker::a_required_worker_does_its_task_only_through_the_broker_and_lands,1,runs/f0def117-40f5-4936-b0c8-c90612cbff4a/e2e-1.log
2026-10-07T08:52:11.336Z,122328,afterB,7b57239d-f076-4121-a2d5-30cc450eff8b,2050,1,158,0,0,passed,read,124.6,13,broker::a_preferred_worker_does_its_task_through_the_broker_and_lands broker::a_required_queue_claims_nothing_while_its_broker_is_stopped_and_tells_the_inbox broker::a_required_worker_does_its_task_only_through_the_broker_and_lands,3,broker::a_required_worker_does_its_task_only_through_the_broker_and_lands,1,broker::a_preferred_worker_does_its_task_through_the_broker_and_lands broker::a_required_queue_claims_nothing_while_its_broker_is_stopped_and_tells_the_inbox broker::a_required_worker_does_its_task_only_through_the_broker_and_lands,1,runs/7b57239d-f076-4121-a2d5-30cc450eff8b/e2e-1.log
2026-10-07T09:43:51.191Z,122782,afterB,507af7c7-f6f9-46dd-84b7-3042840074a3,1926,1,93,0,0,passed,read,81.29,13,broker::a_required_worker_does_its_task_only_through_the_broker_and_lands broker::a_required_queue_claims_nothing_while_its_broker_is_stopped_and_tells_the_inbox broker::a_preferred_worker_does_its_task_through_the_broker_and_lands,3,broker::a_preferred_worker_does_its_task_through_the_broker_and_lands,1,broker::a_preferred_worker_does_its_task_through_the_broker_and_lands broker::a_required_queue_claims_nothing_while_its_broker_is_stopped_and_tells_the_inbox broker::a_required_worker_does_its_task_only_through_the_broker_and_lands,1,runs/507af7c7-f6f9-46dd-84b7-3042840074a3/e2e-1.log
2026-10-07T11:51:06.187Z,123883,afterB,f41cdb88-20b9-4398-b56a-1da245b05b74,2008,1,129,0,0,passed,read,124.16,13,broker::a_required_queue_claims_nothing_while_its_broker_is_stopped_and_tells_the_inbox broker::a_preferred_worker_does_its_task_through_the_broker_and_lands broker::a_required_worker_does_its_task_only_through_the_broker_and_lands,3,broker::a_required_worker_does_its_task_only_through_the_broker_and_lands,1,broker::a_preferred_worker_does_its_task_through_the_broker_and_lands broker::a_required_queue_claims_nothing_while_its_broker_is_stopped_and_tells_the_inbox broker::a_required_worker_does_its_task_only_through_the_broker_and_lands,1,runs/f41cdb88-20b9-4398-b56a-1da245b05b74/e2e-1.log
