open_event,close_event,planner_id,seconds
25775,25783,268,51.378
25785,25796,269,34.725
25798,25802,270,20.862
25804,25808,271,20.593
25812,25816,273,27.441
25818,25828,274,37.577
25830,25845,275,42.402
25847,25863,276,32.967
25866,25880,277,41.998
25882,25894,278,26.036
25896,25911,279,110.101
25913,25948,280,69.472
25969,25987,281,22.015
25989,26016,282,69.625
26018,26039,283,218.128
26043,26065,284,101.476
26067,26089,285,103.135
26093,26117,286,51.545
26119,26123,287,25.892
26125,26134,288,58.479
26136,26146,289,22.167
26155,26161,290,41.115
26163,26231,291,99.272
26314,26350,293,33.454
26352,26373,294,32.392
26375,26395,295,329.304
26399,26413,296,15.502
26415,26428,297,46.591
26435,26452,298,31.464
26454,26475,299,371.63
26484,26527,300,236.644
26530,26547,301,19.519
26549,26566,302,52.09
26568,26580,303,40.03
26582,26625,304,158.087
26694,26715,305,46.772
26718,26749,306,74.166
26751,26808,307,56.354
26810,26849,308,54.357
26852,26863,309,41.891
26865,26873,310,28.194
26875,26887,311,17.455
26894,26904,312,34.14
26906,26922,313,40.024
26924,26952,314,35.094
26954,26964,315,45.405
26967,26987,316,213.737
26989,27010,317,137.217
27012,27040,318,31.543
27042,27194,319,558.736
27196,27258,320,312.852
27267,27306,321,202.127
27308,27324,322,42.059
27326,27349,323,80.217
27352,27357,324,25.487
27359,27363,325,36.7
27365,27425,326,281.35
27427,27451,327,129.537
27453,27517,328,62.184
27468,27483,329,54.59
27485,27500,330,65.54
27502,27513,331,39.183
27515,27540,332,41.793
27542,27553,333,32.919
27555,27564,334,66.271
27566,27577,335,19.182
27579,27671,336,294.909
27680,27708,337,46.519
27710,30691,338,32102.234
30693,30784,341,1208.703
30788,30794,342,37.471
30798,30816,343,52.173
30818,30834,344,39.538
30836,30850,345,28.313
30853,30869,346,51.644
30871,30887,347,37.157
30889,30901,348,29.493
30903,30907,349,17.627
30909,30913,350,15.354
30915,30923,351,37.976
30925,30940,352,31.865
30942,30952,353,15.378
30954,30963,354,45.957
30965,30981,355,44.104
30983,30994,356,23.859
30996,31000,357,18.219
31003,31013,358,38.256
31015,31031,359,59.375
31033,31050,360,38.429
31052,31068,361,31.622
31070,31081,362,19.946
31083,31210,363,9.993
31087,31092,364,26.851
31094,31104,365,43.862
31106,31116,366,33.263
31118,31123,367,16.776
31125,31129,368,49.714
31131,31135,369,25.268
31137,31212,370,19.662
31142,31149,371,27.791
31151,31155,372,15.518
31158,31174,373,47.918
31176,31196,374,13.997
31202,31207,375,14.814
31213,31223,376,41.286
31225,31241,377,32.988
31243,31410,378,43.399
31260,31412,379,30.749
31272,31414,380,20.008
31277,31416,381,39.258
31285,31418,382,42.771
31301,31312,383,23.088
31314,31323,384,38.073
31325,31340,385,18.939
31342,31357,386,35.774
31359,31387,387,26.367
31389,31395,388,33.884
31397,31408,389,61.746
31421,31435,390,16.899
31437,31441,391,24.435
31443,31447,392,12.799
31449,31453,393,21.818
31455,32330,394,11886.097
32299,32317,396,38.319
32346,32372,398,44.055
32374,32388,399,25.615
32390,32405,400,43.306
32407,32419,401,20.085
32421,32434,402,73.428
32436,32453,404,41.364
32456,32482,405,32.002
32490,32498,406,27.522
32500,32504,407,12.939
32506,32511,408,21.604
32513,32543,409,45.626
32545,34192,410,20522.591
34201,34237,411,46.662
34239,34257,412,53.978
34259,34275,413,53.378
34278,34293,414,57.896
34295,34308,415,51.54
34310,34320,417,71.547
34324,34338,418,20.024
34346,34353,419,25.082
34355,34367,420,63.168
34372,34384,421,31.008
34387,34430,422,44.395
34409,34432,423,63.574
34419,34507,424,24.268
34436,34509,425,52.603
34446,34511,426,45.626
34457,34513,427,63.874
34465,34484,428,58.923
34486,34645,429,58.948
34517,34647,430,64.124
34539,34649,431,45.721
34558,34651,432,26.666
34569,34578,433,57.123
34580,34606,434,94.62
34614,34632,435,48.521
34634,34661,436,79.483
34663,34678,437,47.973
34680,34695,438,57.141
34697,34708,439,22.901
34710,34716,440,83.06
34718,34723,441,73.548
34725,34736,442,83.533
34738,34755,443,37.12
34765,34792,444,30.397
34799,34813,445,24.949
34815,34825,446,60.068
34827,34970,447,43.975
35257,35267,450,73.724
35297,35301,451,24.709
35303,35309,452,28.241
35454,35510,453,28.317
35629,35643,454,95.988
35979,35995,456,109.21
35997,36012,457,148.977
36418,36465,459,37.112
36419,36478,460,104.217
36562,36670,461,145.549
37200,37221,465,83.282
37276,37292,466,47.598
37330,37352,467,71.005
37502,37551,468,47.665
37613,37617,469,19.407
37742,37763,470,72.536
37929,37954,471,46.901
37948,37974,472,130.085
38126,38130,473,21.195
38184,38209,474,73.16
38244,38267,475,69.426
38307,38316,476,90.665
38383,38392,477,20.573
38460,38472,478,67.608
38532,38559,479,141.497
38695,38705,480,78.193
39055,39085,481,114.295
39145,40212,482,7246.701
39226,39265,483,162.35
39278,39456,484,75.334
39412,39416,485,28.365
39425,39624,486,3065.824
39625,39651,487,180.473
39775,39837,490,436.123
39874,40062,491,119.532
40007,40214,493,327.658
40098,40216,494,24.097
40099,40218,495,26.688
40123,40220,496,63.621
40128,40222,497,70.132
40162,40169,498,22.434
40291,40367,499,212.133
40522,40618,500,13.611
40634,40703,501,91.441
40635,40673,502,87.912
40770,40787,504,104.053
40852,40877,506,18.581
41018,41065,508,145.443
41114,41197,509,60.564
41145,41164,510,55.204
41332,41365,511,98.281
41449,41499,512,41.426
41506,41543,513,74.535
41580,41601,514,71.701
41675,41810,515,113.338
41893,41962,516,62.412
42093,42140,517,159.384
42196,42223,518,22.084
42306,42355,519,20.687
42362,42386,520,93.522
42529,42553,521,59.028
42670,42741,525,24.109
42705,43147,526,35286.247
42880,42964,527,128.237
43148,43182,528,22.786
43219,43250,529,100.703
43394,43430,530,144.285
43472,43534,531,119.147
43675,43793,532,23.021
43755,43791,533,101.829
44548,47183,535,23822.909
44621,44628,536,25.662
44692,44704,537,97.399
44713,44730,538,54.088
44826,44859,539,160.268
44879,44949,540,46.415
44901,44951,541,21.484
44967,44989,542,92.899
45057,45133,543,59.045
45118,45972,544,33.999
45920,45974,545,48.015
45929,45976,546,20.173
45936,45959,547,45.011
45962,46371,548,3843.129
46338,47185,549,6163.15
46793,47189,551,72.092
46828,47191,552,101.311
46878,46938,553,72.169
46928,46972,554,65.713
46943,46959,555,20.08
46963,47028,556,67.82
46975,47069,557,68.738
47034,47074,558,29.494
47076,47193,559,33.622
47077,47195,560,38.818
47110,47491,561,110.828
47112,47197,562,63.636
47156,47211,563,74.428
47205,47493,564,45.636
47223,47495,565,31.082
47236,47497,566,24.578
47247,47499,567,149.513
47309,47501,569,14.8
47346,47366,571,72.981
47513,47535,572,70.082
47514,47527,573,57.44
47608,47663,575,138.496
47750,47774,576,58.134
47848,47876,578,105.756
47900,47960,580,87.532
48028,48132,581,63.84
48125,48294,582,142.081
48306,48352,583,233.776
48307,48360,584,37.624
48508,48588,585,171.521
48573,48582,586,16.752
48698,49128,587,3191.92
48851,48899,588,81.837
48947,53023,589,124783.137
53499,53532,591,93.291
53500,53506,590,31.321
53509,53513,592,17.54
53801,53868,594,91.71
54021,54150,596,22.347
54316,54554,598,57.648
54469,54556,599,62.975
54576,54621,600,34.074
54577,54623,601,26.334
54859,54889,604,100.944
55048,55074,605,41.209
55272,55436,606,96.091
55389,55438,607,41.317
55477,55511,608,40.284
55660,55745,609,105.319
55783,55813,610,55.449
55907,55918,611,26.59
55987,56010,612,37.08
56163,56246,613,65.063
56260,56274,614,67.078
56366,56402,615,50.968
56396,56438,616,99.787
56754,56970,617,433.994
56877,56972,618,199.623
56960,56974,619,65.859
57035,57243,620,82.164
57158,57245,621,70.063
57378,57483,623,46.088
57424,57485,624,95.486
57699,57746,626,46.07
57769,57904,627,16.689
57770,57906,628,25.646
57793,57910,630,32.704
57873,57912,631,17.826
57928,57986,632,231.467
57965,57988,633,35.641
58053,58224,635,25.882
58100,58226,636,18.984
58240,58388,638,69.364
58241,58390,637,42.939
58414,58559,640,40.943
58415,58561,641,49.213
58470,58563,643,27.642
58486,58565,644,25.591
58517,58656,645,54.51
58684,58812,647,29.36
58685,58814,648,58.644
58702,58816,649,26.103
58742,58818,650,20.954
58759,58820,651,13.643
58988,59501,654,109.28
59121,59161,655,134.481
59252,59382,656,174.547
59380,59388,657,1972.762
59395,59503,658,1006.518
59419,59505,659,38.874
59423,59507,660,14.743
59566,59621,661,100.585
59628,59662,662,135.224
59719,59869,663,210.731
59799,59821,664,104.786
59897,59951,665,96.354
60039,60168,666,80.502
60139,60291,668,1138.612
60239,60293,669,58.077
60331,60706,670,9182.227
60587,60708,671,1743.711
60807,60820,672,37.14
60846,60872,673,26.193
60939,61021,675,339.845
60942,61038,674,160.48
61079,61253,676,33.542
61202,61255,677,39.322
61206,61257,678,54.817
61232,61270,679,102.761
61607,61994,680,3317.176
61715,61783,681,52.221
61731,61785,682,151.703
61862,61887,683,53.988
61920,61996,684,67.165
62067,62086,685,91.061
62200,62209,686,87.215
62201,62217,687,107.047
62441,62483,692,298.33
62494,62548,693,154.722
62551,62570,694,151.553
62601,62619,695,42.087
62634,62673,696,96.896
62779,62795,698,157.367
62780,62830,697,255.707
62831,62855,699,44.575
63015,63026,700,39.819
63073,63089,701,123.193
63121,63161,702,382.435
63163,63203,703,166.893
63185,63212,704,76.137
63408,63440,705,162.79
63454,63463,706,57.652
63888,63918,711,64.048
64032,64078,715,136.354
64222,64251,717,43.745
64223,64293,718,345.984
64518,64572,721,177.678
64660,64665,723,20.844
64730,64750,724,83.02
65039,65088,726,215.629
65040,65107,727,324.441
65094,65125,729,181.798
65165,65199,730,76.634
65307,65388,732,110.074
65442,65457,736,45.41
65460,65495,737,52.042
65895,65916,740,113.402
65919,65927,741,32.919
65931,65965,742,37.166
65979,65985,743,53.599
66046,66090,744,113.124
66047,66061,745,68.546
66064,66099,746,53.612
66093,66117,747,107.129
66103,66137,748,98.301
66135,66155,749,111.036
66140,66146,750,34.304
66149,66175,751,85.512
66171,66209,752,125.253
66181,66211,753,114.536
66283,66290,754,31.654
66325,66339,755,86.026
66429,66470,756,239.291
66520,66533,757,58.361
66616,66675,758,186.196
66659,66697,759,172.614
66706,66715,760,35.905
66818,66853,761,132.874
66987,67000,762,35.761
67079,67107,763,289.649
67294,67326,764,183.448
67402,67406,765,21.489
67530,67557,766,159.903
67584,67603,767,73.58
68148,68183,773,207.509
68443,68561,776,259.221
68444,68476,777,109.574
68536,68567,779,26.567
68568,68576,780,53.339
68606,68610,781,69.569
68621,68628,782,88.564
68637,68700,783,165.062
69284,69308,789,65.321
69332,69342,791,60.519
69368,69375,792,41.097
69500,69523,793,62.744
69597,69614,794,103.574
69698,69714,796,23.903
70069,70497,800,1597.391
70085,70103,801,16.84
70640,70667,806,65.071
70679,70702,807,55.866
70813,70827,809,21.441
70900,70906,810,29.918
71055,71166,815,679.354
71510,71531,821,38.467
71608,71627,822,117.047
71728,71746,823,66.313
72654,72715,824,227.57
72864,72878,825,83.682
72943,73061,826,705.776
73157,73171,827,22.396
73367,73396,828,146.523
73442,73782,829,3605.006
73500,73518,830,79.987
73749,73762,831,21.455
73857,73892,832,327.322
74097,74152,833,356.665
74173,74200,835,291.529
74422,74445,838,33.915
74745,74753,839,256.147
74787,74801,840,43.963
74799,74813,841,59.279
74807,74823,842,45.366
74828,74843,843,93.197
74837,74883,844,298.618
74856,74880,845,120.937
74937,74944,847,83.854
75371,75393,854,70.045
75491,75536,860,999.237
75841,75869,869,127.583
75881,75890,870,56.34
75951,75965,871,99.161
76487,76511,882,84.834
76569,76575,884,57.67
76600,76632,885,112.877
76759,76775,887,42.97
76760,76781,888,64.094
76892,76916,889,112.085
77094,77103,890,37.109
77157,77162,891,27.351
77246,77262,892,26.403
77336,77348,893,95.657
77573,77619,894,106.841
77668,77684,895,129.643
77834,79564,896,19487.999
77980,77986,897,61.785
77994,78156,898,2717.997
78161,78175,899,102.542
78334,78365,900,98.247
78481,78575,901,196.811
78594,78622,902,63.18
78731,78775,903,178.172
78850,78859,904,22.626
78861,78879,905,85.679
78899,78915,906,65.462
79259,79279,907,41.597
79430,79682,908,2373.063
79575,79591,909,38.968
79593,79605,910,40.707
79607,79667,911,610.141
79684,79702,913,40.214
79772,79786,914,52.439
79804,79811,915,35.286
80063,80159,920,280.537
80085,80110,921,33.84
80171,80194,923,50.14
