task_id,registered_event,source_task_id,source_run_id,submit_event,adopt_event,ready_event,proposal_ids,review_events,first_verdict,registered_to_submit,registered_to_first_verdict,registered_to_ready,adopt_to_ready,revise
120,3289,86,6e9a049e-8d47-4a64-afe1-fd36564b87c9,,,,[],[],,,,,,0
121,3291,86,6e9a049e-8d47-4a64-afe1-fd36564b87c9,,,,[],[],,,,,,0
125,3375,99,fb8f08cc-4374-42a1-ae7c-4fa53f791265,,,,[],[],,,,,,0
126,3377,99,fb8f08cc-4374-42a1-ae7c-4fa53f791265,,,,[],[],,,,,,0
127,3379,99,fb8f08cc-4374-42a1-ae7c-4fa53f791265,,,,[],[],,,,,,0
135,3521,88,4dbc83c1-7a58-48c9-905d-41a7b877421b,,,,[],[],,,,,,0
136,3523,88,4dbc83c1-7a58-48c9-905d-41a7b877421b,,,,[],[],,,,,,0
137,3557,104,04b7babb-4b58-4eaf-ae4b-6024954b5e39,,,,[],[],,,,,,0
138,3559,104,04b7babb-4b58-4eaf-ae4b-6024954b5e39,,,,[],[],,,,,,0
139,3561,104,04b7babb-4b58-4eaf-ae4b-6024954b5e39,,,,[],[],,,,,,0
140,3601,122,fe0ea724-cc5d-4946-a368-5d60182c6671,,,,[],[],,,,,,0
141,3603,122,fe0ea724-cc5d-4946-a368-5d60182c6671,,,,[],[],,,,,,0
142,3661,107,683c9a8c-6d5b-4459-bb19-ef41ad729ceb,,,,[],[],,,,,,0
143,3663,107,683c9a8c-6d5b-4459-bb19-ef41ad729ceb,,,,[],[],,,,,,0
144,3665,107,683c9a8c-6d5b-4459-bb19-ef41ad729ceb,,,,[],[],,,,,,0
145,3667,107,683c9a8c-6d5b-4459-bb19-ef41ad729ceb,,,,[],[],,,,,,0
146,3669,107,683c9a8c-6d5b-4459-bb19-ef41ad729ceb,8789,8790,8930,[4],"[8794, 8931]",revise,157240.237,157253.649,158932.201,1691.964,1
149,3806,123,ed2a6447-2ffc-46ee-b2a5-1f4ae988fdce,,,,[],[],,,,,,0
150,3948,147,7800027f-15f2-4191-acce-d7a4a350bce2,,,,[],[],,,,,,0
158,3992,108,ac859eb5-fbcd-4cf6-9e8b-1ad0a8785c38,,,,[],[],,,,,,0
159,3994,108,ac859eb5-fbcd-4cf6-9e8b-1ad0a8785c38,,,,[],[],,,,,,0
160,4024,151,e8b3a84f-3ac7-4dae-ae61-d18fe8eb9638,,,,[],[],,,,,,0
161,4058,157,13aeaed4-d26c-4aff-a22f-0730d8a15b3d,,,,[],[],,,,,,0
162,4104,98,00e3faf3-c2f0-49b2-a6eb-d99055b737a5,,,,[],[],,,,,,0
163,4106,98,00e3faf3-c2f0-49b2-a6eb-d99055b737a5,,,,[],[],,,,,,0
164,4115,148,5b9b7b4f-c364-4e31-95db-05d2d3a0a8cb,,,,[],[],,,,,,0
165,4164,100,9c4e9ed5-e762-4396-a43b-5ed3ea42999a,,,,[],[],,,,,,0
166,4166,100,9c4e9ed5-e762-4396-a43b-5ed3ea42999a,,,,[],[],,,,,,0
167,4208,128,d3d65779-a3f7-4b87-8837-82875f474f1b,,,,[],[],,,,,,0
168,4292,130,bd3456b2-cf05-42a4-bfa5-083df12bdc7e,,,,[],[],,,,,,0
173,4395,131,69671e0c-5d7e-4e3d-b1d0-763414beb78c,,,,[],[],,,,,,0
174,4397,131,69671e0c-5d7e-4e3d-b1d0-763414beb78c,,,,[],[],,,,,,0
175,4436,170,a154702d-3e03-46f4-918f-8d2acb91440c,,,,[],[],,,,,,0
176,4468,132,3ef30646-e5d3-4e23-8595-888be71c1f6d,,,,[],[],,,,,,0
187,4590,133,81eb424e-3fa5-4675-8814-e8add8be45a5,,,,[],[],,,,,,0
188,4592,133,81eb424e-3fa5-4675-8814-e8add8be45a5,,,,[],[],,,,,,0
191,4628,181,ecab96fb-58e2-460e-b983-2aff5c2fa41e,,,,[],[],,,,,,0
192,4630,181,ecab96fb-58e2-460e-b983-2aff5c2fa41e,,,,[],[],,,,,,0
198,4687,184,1e9dd9c5-f26d-4e0e-a6a4-b2bd29032743,,,4696,[],[],,,,14.941,,0
202,4774,185,77be44f3-3bdb-4b06-95f8-80482e51b763,,,,[],[],,,,,,0
203,4776,185,77be44f3-3bdb-4b06-95f8-80482e51b763,,,,[],[],,,,,,0
211,4856,208,8ccfd099-a992-48f5-8a53-49941314153c,,,,[],[],,,,,,0
212,4886,204,41d76f50-c7b0-40f0-bdaf-a83a0217edd7,,,,[],[],,,,,,0
217,4965,134,c55b643d-bdd5-4bae-aab6-e946d330b790,,,,[],[],,,,,,0
218,4967,134,c55b643d-bdd5-4bae-aab6-e946d330b790,,,,[],[],,,,,,0
219,4969,134,c55b643d-bdd5-4bae-aab6-e946d330b790,,,,[],[],,,,,,0
225,5051,209,af9e1d1b-86a7-4f20-8b90-315e33b3687f,,,5083,[],[],,,,591.155,,0
226,5053,209,af9e1d1b-86a7-4f20-8b90-315e33b3687f,,,,[],[],,,,,,0
227,5229,194,62029f53-1d19-4982-a5e5-96d41f135658,,,,[],[],,,,,,0
228,5231,194,62029f53-1d19-4982-a5e5-96d41f135658,,,,[],[],,,,,,0
229,5326,186,6d13ebde-8aaf-4f8a-85f2-dc2e2dad311d,,,,[],[],,,,,,0
230,5328,186,6d13ebde-8aaf-4f8a-85f2-dc2e2dad311d,,,,[],[],,,,,,0
231,5358,200,fde32709-c9d7-40b8-b78e-c9a69a2c0758,,,,[],[],,,,,,0
232,5515,195,11045473-d123-4b06-a410-675b5bec4072,,,,[],[],,,,,,0
233,5517,195,11045473-d123-4b06-a410-675b5bec4072,,,,[],[],,,,,,0
234,5564,225,e825d825-13ab-42e6-a2b3-88f20c8766c3,,,,[],[],,,,,,0
258,5662,171,57d6d77d-0374-41fa-aa69-c666b096c63e,8949,8950,8954,[6],[8955],pass,90877.197,90898.597,90898.597,21.4,0
268,5777,178,09f8fcdf-24ad-4937-896a-96220135ea52,,,,[],[],,,,,,0
269,5779,178,09f8fcdf-24ad-4937-896a-96220135ea52,,,,[],[],,,,,,0
270,5781,178,09f8fcdf-24ad-4937-896a-96220135ea52,,,,[],[],,,,,,0
271,5809,265,263a86e8-dbb6-4348-864d-e73c98c44d65,,,,[],[],,,,,,0
272,5811,265,263a86e8-dbb6-4348-864d-e73c98c44d65,,,,[],[],,,,,,0
283,5905,273,782827ae-d045-4e64-86b0-cf818ca28957,,,,[],[],,,,,,0
284,5907,273,782827ae-d045-4e64-86b0-cf818ca28957,,,,[],[],,,,,,0
298,5992,266,f298af0e-cc12-40fd-b4d2-09e4cab3c8d1,,,,[],[],,,,,,0
299,5994,266,f298af0e-cc12-40fd-b4d2-09e4cab3c8d1,,,,[],[],,,,,,0
305,6126,267,f7897c56-c5c1-43a5-8708-43c22a390fe2,,,6622,[],[],,,,42162.69,,0
312,6290,236,2d21ce5b-0e93-4667-bc46-052d9ebfad2f,,,,[],[],,,,,,0
313,6309,274,3a8812b5-7677-4832-943b-98761b444bc6,,,,[],[],,,,,,0
314,6311,274,3a8812b5-7677-4832-943b-98761b444bc6,,,6645,[],[],,,,39419.167,,0
315,6340,287,fc71c741-c240-4247-ac1f-18a248948c01,,,,[],[],,,,,,0
316,6373,306,95bdd37d-1811-4f41-b4fc-90ee816cdadb,,,,[],[],,,,,,0
318,6411,285,79ba226d-2399-439f-9da2-e93286bee1ae,,,6642,[],[],,,,38308.867,,0
319,6413,285,79ba226d-2399-439f-9da2-e93286bee1ae,,,6639,[],[],,,,38308.32,,0
320,6470,307,99d02cb6-6305-46eb-a8cf-07d41beb7631,,,,[],[],,,,,,0
321,6480,275,4b46e0fb-6229-47b8-ab7e-10e7663509a8,,,6631,[],[],,,,36271.027,,0
322,6482,275,4b46e0fb-6229-47b8-ab7e-10e7663509a8,,,6636,[],[],,,,36272.097,,0
323,6484,275,4b46e0fb-6229-47b8-ab7e-10e7663509a8,,,,[],[],,,,,,0
331,6707,290,0c5a8aec-bff9-43e9-aaed-42806be8b9f9,,,7279,[],[],,,,5220.012,,0
332,6709,290,0c5a8aec-bff9-43e9-aaed-42806be8b9f9,,,,[],[],,,,,,0
341,6801,205,68a96a60-1826-461e-8002-40690588884d,,,,[],[],,,,,,0
342,6803,205,68a96a60-1826-461e-8002-40690588884d,,,,[],[],,,,,,0
343,6884,277,6eabc898-54aa-4d96-aaf2-7ab3d3ed4823,,,,[],[],,,,,,0
344,6886,277,6eabc898-54aa-4d96-aaf2-7ab3d3ed4823,,12225,7284,[],[],,,,2155.835,,0
345,7000,308,0b186ea1-b415-4919-a291-de9b1f8e4c92,,,7288,[],[],,,,1393.582,,0
346,7002,308,0b186ea1-b415-4919-a291-de9b1f8e4c92,,,7292,[],[],,,,1394.349,,0
347,7004,308,0b186ea1-b415-4919-a291-de9b1f8e4c92,,,,[],[],,,,,,0
348,7108,336,f93f344e-2b8f-4e9e-9c10-5aba4cc3dd50,,,,[],[],,,,,,0
350,7146,259,1f0421a7-b11b-49de-a0f1-2235b04fac89,,,,[],[],,,,,,0
351,7148,259,1f0421a7-b11b-49de-a0f1-2235b04fac89,,,,[],[],,,,,,0
364,7231,210,cf47f491-eb50-479d-9b15-a9e2e7967833,8994,8995,9006,[7],"[8998, 9007]",revise,38332.571,38356.197,38433.483,100.912,1
365,7233,210,cf47f491-eb50-479d-9b15-a9e2e7967833,9010,9011,9015,[8],[9016],pass,38456.416,38475.339,38475.338,18.922,0
366,7235,210,cf47f491-eb50-479d-9b15-a9e2e7967833,9020,9021,9057,[9],"[9025, 9043, 9058]",revise,38535.611,38569.361,38853.901,318.29,2
367,7237,210,cf47f491-eb50-479d-9b15-a9e2e7967833,9029,9030,9065,[10],"[9035, 9051, 9066]",revise,38617.329,38655.264,38904.213,286.884,2
368,7239,210,cf47f491-eb50-479d-9b15-a9e2e7967833,9076,9077,9084,[11],[9085],pass,38950.511,38975.336,38975.336,24.824,0
369,7241,210,cf47f491-eb50-479d-9b15-a9e2e7967833,9092,9093,9096,[12],[9097],pass,39151.888,39166.367,39166.367,14.477,0
370,7243,210,cf47f491-eb50-479d-9b15-a9e2e7967833,9123,9124,9128,[13],[9129],pass,39326.54,39340.208,39340.208,13.666,0
371,7245,210,cf47f491-eb50-479d-9b15-a9e2e7967833,9133,9134,9139,[14],[9140],pass,39401.784,39418.154,39418.153,16.369,0
372,7247,210,cf47f491-eb50-479d-9b15-a9e2e7967833,9197,9198,9201,[15],[9202],pass,39577.188,39598.659,39598.658,21.469,0
373,7249,210,cf47f491-eb50-479d-9b15-a9e2e7967833,9206,9207,9210,[16],[9211],pass,39668.525,39686.019,39686.019,17.494,0
374,7251,210,cf47f491-eb50-479d-9b15-a9e2e7967833,,,,[],[],,,,,,0
378,7457,288,24f6fef5-30cb-42c7-a244-fdeaae781d36,9217,9218,9222,[17],[9223],pass,36054.629,36071.296,36071.296,16.666,0
379,7459,288,24f6fef5-30cb-42c7-a244-fdeaae781d36,9229,9230,9234,[18],[9235],pass,36129.901,36146.772,36146.771,16.87,0
380,7461,288,24f6fef5-30cb-42c7-a244-fdeaae781d36,,,,[],[],,,,,,0
382,7489,247,05255cc7-3d1a-48fa-aa64-c1b587c80aa9,9267,9268,9272,[20],[9273],pass,36107.866,36124.7,36124.699,16.832,0
383,7491,247,05255cc7-3d1a-48fa-aa64-c1b587c80aa9,,,,[],[],,,,,,0
389,7544,246,b36ceaf3-61b2-4f28-8f49-e10d0f2f6694,9296,9297,9300,[21],[9301],pass,35318.348,35339.408,35339.408,21.058,0
390,7570,337,8396e0c4-3d03-4fbf-afee-0ae2649d3839,,,,[],[],,,,,,0
391,7572,337,8396e0c4-3d03-4fbf-afee-0ae2649d3839,,,,[],[],,,,,,0
396,7633,180,fedff397-4919-4fb6-8634-bad427b709b8,9316,9317,9322,[22],[9323],pass,33041.138,33058.951,33058.951,17.812,0
397,7678,326,6c3b865e-d8f6-46d9-88ed-80f6d70e5152,9326,9327,9331,[23],[9332],pass,32256.35,32270.919,32270.919,14.568,0
398,7680,326,6c3b865e-d8f6-46d9-88ed-80f6d70e5152,,,,[],[],,,,,,0
399,7756,281,5cde3fd8-6e9b-45b4-a0c3-681ec2830f21,,,,[],[],,,,,,0
400,7758,281,5cde3fd8-6e9b-45b4-a0c3-681ec2830f21,9341,9342,9347,[24],[9348],pass,30920.494,30939.387,30939.387,18.892,0
401,7760,281,5cde3fd8-6e9b-45b4-a0c3-681ec2830f21,9365,9366,9371,[25],[9372],pass,30982.361,30997.67,30997.669,15.307,0
402,7801,339,9acf0c9a-c877-4f8d-a845-109b0d4f5f03,9376,9377,9421,[26],"[9381, 9422]",revise,30775.634,30796.033,30882.009,106.375,1
403,7866,346,4c4429e7-a1ca-4225-8d89-1cc58beda891,9392,9393,9396,[27],[9397],pass,29536.367,29547.646,29547.645,11.278,0
404,7904,376,6ac64bc4-39b7-4d81-bfb8-9766f2d7f024,,,,[],[],,,,,,0
405,7906,376,6ac64bc4-39b7-4d81-bfb8-9766f2d7f024,9429,9430,9434,[28],[9435],pass,29201.054,29213.637,29213.637,12.582,0
406,7971,282,368fdfcd-bf0b-4a49-93ef-a61f2c6a743e,9438,9439,9443,[29],[9444],pass,27513.346,27530.595,27530.595,17.249,0
407,7973,282,368fdfcd-bf0b-4a49-93ef-a61f2c6a743e,,,,[],[],,,,,,0
408,8041,297,3c9b843f-cbb9-4b34-bf92-9adac8de4701,9453,9454,9457,[30],[9458],pass,26779.808,26805.146,26805.145,25.336,0
409,8043,297,3c9b843f-cbb9-4b34-bf92-9adac8de4701,9461,9462,9470,[31],[9471],pass,26835.683,26867.505,26867.505,31.816,0
410,8078,301,1f2c93c2-dd68-4d47-9a86-97d0bf7f1370,,,,[],[],,,,,,0
411,8112,291,f55031e9-510e-4b5d-8a62-a51b4bdb981f,,,,[],[],,,,,,0
412,8114,291,f55031e9-510e-4b5d-8a62-a51b4bdb981f,,,,[],[],,,,,,0
413,8154,280,4acd89e7-7fb8-4432-9d54-5af073a4d230,,,,[],[],,,,,,0
414,8222,352,baab9062-c61e-4393-a1fb-f1c536c53c62,,,,[],[],,,,,,0
415,8224,352,baab9062-c61e-4393-a1fb-f1c536c53c62,,,,[],[],,,,,,0
416,8226,352,baab9062-c61e-4393-a1fb-f1c536c53c62,9512,9513,9516,[32],[9517],pass,24864.404,24892.677,24892.677,28.272,0
417,8286,321,b99b79eb-94e3-46ab-989e-6864fff27372,9520,9521,9524,[33],[9525],pass,23802.889,23821.55,23821.55,18.661,0
418,8288,321,b99b79eb-94e3-46ab-989e-6864fff27372,9531,9532,9537,[34],[9538],pass,24086.174,24110.257,24110.257,24.082,0
419,8290,321,b99b79eb-94e3-46ab-989e-6864fff27372,,,,[],[],,,,,,0
420,8402,293,12cb6c33-41e6-4757-8f01-f2f3b900b6d3,9546,9547,9554,[35],[9555],pass,21536.479,21552.718,21552.717,16.238,0
421,8462,322,ff7a4aa3-6e74-4419-ad9c-3e088a66e9c3,9558,9559,9563,[36],[9564],pass,20385.57,20405.237,20405.236,19.666,0
422,8633,331,eab1ba08-98ef-4b61-9fbf-dbef0adf441f,9568,9569,9573,[37],[9574],pass,17080.103,17096.183,17096.182,16.078,0
423,8660,333,daee7501-6f6c-4b0b-9510-fb74e859489f,,,,[],[],,,,,,0
424,8713,328,8b5ed3af-7217-4c0c-9fc9-1e5ad789d77a,9590,9591,9598,[38],[9599],pass,5908.703,5926.0,5925.999,17.295,0
425,8715,328,8b5ed3af-7217-4c0c-9fc9-1e5ad789d77a,9604,9605,9609,[39],[9610],pass,5964.539,5977.021,5977.021,12.482,0
426,8717,328,8b5ed3af-7217-4c0c-9fc9-1e5ad789d77a,9622,9623,9630,[41],[9631],pass,6011.473,6031.143,6031.143,19.67,0
435,8875,338,1dc0d896-be9c-41c8-87db-afa57dc6ba70,9634,9635,9638,[42],[9639],pass,4457.39,4478.071,4478.07,20.679,0
436,8877,338,1dc0d896-be9c-41c8-87db-afa57dc6ba70,9674,9675,9678,[43],[9679],pass,4607.256,4623.824,4623.824,16.568,0
437,8907,361,1e82a5e7-a927-47a1-bcd6-98de7caed7f5,9712,9713,9719,[44],[9720],pass,4324.444,4343.662,4343.662,19.217,0
438,8909,361,1e82a5e7-a927-47a1-bcd6-98de7caed7f5,9726,9727,9733,[45],[9734],pass,4371.998,4386.453,4386.453,14.454,0
439,8911,361,1e82a5e7-a927-47a1-bcd6-98de7caed7f5,9742,9743,9746,[46],[9747],pass,4422.096,4435.948,4435.948,13.851,0
440,9110,324,91447cb6-13cd-4515-989e-19ca40d01266,9783,9784,9795,[48],[9796],pass,3410.829,3442.413,3442.413,31.583,0
441,9153,360,7fdac081-f461-47ed-b43c-fa2eff3987a8,9803,9804,9808,[49],[9809],pass,3239.279,3277.269,3277.269,37.99,0
442,9155,360,7fdac081-f461-47ed-b43c-fa2eff3987a8,9816,9817,9821,[50],[9822],pass,3313.028,3333.638,3333.637,20.609,0
443,9157,360,7fdac081-f461-47ed-b43c-fa2eff3987a8,9826,9827,9834,[51],[9835],pass,3400.391,3420.52,3420.519,20.127,0
447,9355,292,37b3687d-fabd-4da1-a0ec-fb2634614a73,,,,[],[],,,,,,0
448,9357,292,37b3687d-fabd-4da1-a0ec-fb2634614a73,9842,9843,9865,[52],"[9847, 9866]",revise,2415.075,2438.124,2564.852,149.776,1
449,9405,334,007b1630-8204-43cc-b772-63183daa1fda,9853,9854,9857,[53],[9858],pass,2325.917,2340.684,2340.683,14.763,0
452,9697,353,d380f59d-56be-4a07-a261-f80f08031a24,9870,9871,9888,[54],[9889],pass,788.99,806.861,806.861,17.87,0
458,9952,392,96bd3cd7-84f0-4a4b-baaa-7e7efc67bbc9,,,,[],[],,,,,,0
459,9954,392,96bd3cd7-84f0-4a4b-baaa-7e7efc67bbc9,,,,[],[],,,,,,0
460,9956,392,96bd3cd7-84f0-4a4b-baaa-7e7efc67bbc9,9976,9977,10012,[56],"[9990, 10006, 10013]",revise,84.121,110.311,232.671,148.55,2
464,10044,354,5bf44a1a-b0c3-4aac-96c9-47de65668607,10057,10058,10062,[58],[10063],pass,35.649,51.128,51.128,15.479,0
465,10046,354,5bf44a1a-b0c3-4aac-96c9-47de65668607,,,,[],[],,,,,,0
471,10122,444,1d773d23-ee40-4a33-921b-06d8ab7b6627,10250,10251,10264,[61],"[10255, 10265]",revise,1580.593,1593.358,1651.378,70.785,1
472,10152,309,15719c13-c597-4f61-979a-af2aab1aa5f5,,,,[],[],,,,,,0
479,10212,355,a0eb397f-a734-4ea1-95b0-209eaffcfeeb,,,,[],[],,,,,,0
480,10214,355,a0eb397f-a734-4ea1-95b0-209eaffcfeeb,10272,10273,10277,[62],[10278],pass,196.624,209.499,209.498,12.874,0
481,10309,395,d429aad0-476d-4cdd-af0c-450aa86d7f4b,,,,[],[],,,,,,0
482,10311,395,d429aad0-476d-4cdd-af0c-450aa86d7f4b,10351,10352,10355,[63],[10356],pass,471.881,486.8,486.799,14.918,0
483,10378,393,861f369e-2330-4425-b4b2-9236ad809b0a,,,,[],[],,,,,,0
484,10380,393,861f369e-2330-4425-b4b2-9236ad809b0a,,,,[],[],,,,,,0
485,10414,427,6a36f2aa-9056-4593-97c4-986e042fce39,10431,10432,10434,[64],[10435],pass,39.56,63.403,63.403,23.843,0
509,10909,394,96a9f439-e512-412c-a257-566273773538,10921,10922,10926,[70],[10927],pass,47.88,63.643,63.643,15.763,0
511,11051,358,ecc79d4f-2b27-4105-810d-9e9e422193b6,11085,11086,11105,[72],[11106],pass,47.155,63.709,63.709,16.554,0
512,11053,358,ecc79d4f-2b27-4105-810d-9e9e422193b6,11111,11112,11123,[74],[11124],pass,93.611,122.483,122.483,28.872,0
513,11055,358,ecc79d4f-2b27-4105-810d-9e9e422193b6,,,,[],[],,,,,,0
519,11245,466,9498021b-e646-4f8c-8d07-e1b42dc9b968,,,,[],[],,,,,,0
520,11264,510,40aa57cd-88eb-43c4-b582-14918d0bdd11,11290,11291,11311,[76],"[11294, 11304, 11312]",revise,120.371,146.297,224.525,104.154,2
521,11334,517,8aff4dc2-6e08-428c-9d96-fc55d561b925,,,,[],[],,,,,,0
522,11428,461,ebe5c2dd-b43e-43f2-88a9-ec3aedd7e369,11440,11441,11444,[77],[11445],pass,34.254,47.111,47.111,12.857,0
523,11453,357,ac231167-e95f-4e39-b110-af42cfd1ef43,,,,[],[],,,,,,0
524,11528,382,799c6d99-bf9f-4afe-bb26-347c2cacc4f5,,,,[],[],,,,,,0
525,11582,428,1cb1d250-74f1-4347-8ff3-c6aa70b2b990,,,,[],[],,,,,,0
529,11640,462,c321a245-09fe-4632-a427-5b7e1fb1eb17,11654,11655,11689,[79],[11690],pass,51.018,74.89,74.89,23.872,0
530,11642,462,c321a245-09fe-4632-a427-5b7e1fb1eb17,11693,11694,11697,[80],[11698],pass,89.032,99.539,99.539,10.507,0
531,11681,493,506f78e0-387a-489a-9929-5f3067cd0589,11704,11705,11707,[81],[11708],pass,67.706,86.486,86.486,18.78,0
535,11859,366,dcbae74c-3a8e-43df-8505-13c7187814bc,11879,11880,11884,[83],[11885],pass,178.565,198.154,198.153,19.587,0
537,11917,518,472512db-530c-49e5-b543-61c1a76dd3cd,11946,11947,11950,[85],[11951],pass,71.414,91.65,91.65,20.235,0
538,11972,196,902f96b2-7d7b-4492-93cd-17f27c07577a,,,,[],[],,,,,,0
539,12022,197,498446c4-a536-4359-b789-3e08b4dbef5b,12034,12035,12038,[86],[12039],pass,25.189,41.392,41.392,16.202,0
540,12077,385,b6d92d34-f628-4f7a-aeec-c0277f0d1fb4,12093,12094,12097,[87],[12098],pass,42.555,57.125,57.124,14.569,0
541,12079,385,b6d92d34-f628-4f7a-aeec-c0277f0d1fb4,12102,12103,12108,[88],[12109],pass,86.268,100.988,100.988,14.72,0
542,12081,385,b6d92d34-f628-4f7a-aeec-c0277f0d1fb4,,,,[],[],,,,,,0
543,12277,386,8d29f958-25b0-4190-8fa5-bef3b85c64cb,12349,12350,12357,[90],[12358],pass,345.03,364.364,364.364,19.334,0
544,12471,494,798e57d9-5436-4fa1-bef0-0e95d4a5b17c,,,,[],[],,,,,,0
546,12568,241,dbafdbda-4053-44e0-ba25-1a2d303eea67,12645,12646,12658,[92],[12659],pass,473.752,490.397,490.396,16.644,0
547,12605,514,489ef2d7-aaec-46e1-802a-50feff740cf5,12666,12667,12670,[93],[12671],pass,96.457,111.983,111.983,15.526,0
548,12717,445,38532947-3191-4107-aa8e-d835e3efd37e,,,,[],[],,,,,,0
549,12719,445,38532947-3191-4107-aa8e-d835e3efd37e,,,,[],[],,,,,,0
552,12928,495,5ebae268-8f20-4fc7-a70b-9df9f6681f28,12942,12943,12947,[97],[12948],pass,41.744,55.593,55.593,13.849,0
554,12967,550,b2f7b36f-d56a-491b-beae-f927d47c4efb,12980,12981,12984,[99],[12985],pass,53.385,70.014,70.014,16.629,0
555,13055,362,1cf47dd2-6710-4d7d-95d7-75aaf439befc,13159,13160,13175,[102],[13176],pass,672.767,703.791,703.791,31.024,0
556,13057,362,1cf47dd2-6710-4d7d-95d7-75aaf439befc,,,,[],[],,,,,,0
557,13059,362,1cf47dd2-6710-4d7d-95d7-75aaf439befc,13184,13185,13189,[103],[13190],pass,737.251,755.137,755.137,17.886,0
558,13106,551,92ffcda6-9f71-4e16-92c6-546b841451ec,13195,13196,13221,[104],"[13201, 13222]",revise,164.141,186.662,238.617,74.476,1
559,13108,551,92ffcda6-9f71-4e16-92c6-546b841451ec,13206,13207,13211,[105],[13212],pass,203.453,219.812,219.812,16.359,0
560,13110,551,92ffcda6-9f71-4e16-92c6-546b841451ec,,,,[],[],,,,,,0
561,13799,441,ec828dc0-308d-4c61-aa93-53b9271d2629,,,,[],[],,,,,,0
563,13866,537,cc5ab167-01f4-4213-ad5a-2271bd269fba,13882,13883,13917,[107],"[13888, 13918]",revise,38.754,57.879,146.214,107.46,1
564,13868,537,cc5ab167-01f4-4213-ad5a-2271bd269fba,13893,13894,13898,[108],[13899],pass,84.448,98.225,98.225,13.777,0
565,13870,537,cc5ab167-01f4-4213-ad5a-2271bd269fba,13924,13925,13928,[109],[13929],pass,189.412,203.714,203.714,14.302,0
568,13998,468,fe884c5a-080e-42ed-8b2e-7ae342bba46f,14020,14021,14034,[113],[14035],pass,63.484,122.552,122.552,59.068,0
569,14151,566,cb24759f-36fe-4ea8-a410-0630c01d675d,14167,14168,14171,[114],[14172],pass,268.69,287.493,287.493,18.799,0
570,14211,430,a4d37125-e251-4bdf-bfe5-825f3e04cbe8,14227,14228,14234,[115],[14235],pass,59.034,82.18,82.179,23.145,0
571,14213,430,a4d37125-e251-4bdf-bfe5-825f3e04cbe8,14245,14246,14251,[116],[14252],pass,125.552,139.045,139.045,13.493,0
572,14215,430,a4d37125-e251-4bdf-bfe5-825f3e04cbe8,14261,14262,14266,[117],[14267],pass,579.236,607.066,607.066,27.83,0
574,14382,553,bf46c501-f15b-4391-a4cb-d8ece416e722,14404,14409,14413,[120],[14417],pass,197.509,217.995,217.986,20.468,0
577,14453,327,0b24da09-4451-4550-aefa-284c6dc6d603,14465,14466,14469,[121],[14470],pass,28.589,45.901,45.901,17.312,0
581,14579,238,451a04e3-8b81-4a50-97f3-80fcee22025d,14592,14593,14598,[124],[14599],pass,34.273,47.903,47.903,13.63,0
582,14581,238,451a04e3-8b81-4a50-97f3-80fcee22025d,14605,14606,14610,[125],[14611],pass,85.636,105.976,105.976,20.34,0
583,14583,238,451a04e3-8b81-4a50-97f3-80fcee22025d,14617,14618,14622,[126],[14623],pass,146.295,163.611,163.611,17.316,0
584,14585,238,451a04e3-8b81-4a50-97f3-80fcee22025d,14637,14638,14651,[127],[14652],pass,195.686,212.591,212.591,16.905,0
585,14734,463,cc75b1df-831b-44c9-9609-966cc73d44bd,14747,14748,14752,[128],[14753],pass,59.846,75.549,75.549,15.702,0
586,14736,463,cc75b1df-831b-44c9-9609-966cc73d44bd,,,,[],[],,,,,,0
587,14776,471,5ff2f72d-dc32-40cc-b9ae-8eb3d96ebc2e,,,,[],[],,,,,,0
588,14778,471,5ff2f72d-dc32-40cc-b9ae-8eb3d96ebc2e,,,,[],[],,,,,,0
589,14780,471,5ff2f72d-dc32-40cc-b9ae-8eb3d96ebc2e,,,,[],[],,,,,,0
592,15009,424,24893fb7-178c-43da-9b90-be8e5a1bc4cc,15040,15041,15087,[130],[15088],pass,235.934,391.359,391.359,155.425,0
593,15052,567,baa47f76-717d-4565-964b-4d2ca946ad10,15135,15136,15150,[131],[15151],pass,223.511,249.47,249.47,25.959,0
594,15054,567,baa47f76-717d-4565-964b-4d2ca946ad10,,,,[],[],,,,,,0
595,15056,567,baa47f76-717d-4565-964b-4d2ca946ad10,,,,[],[],,,,,,0
596,15123,400,15de5697-4abc-4ad1-9339-b36abca407eb,15187,15188,15193,[133],[15194],pass,131.152,151.591,151.59,20.438,0
597,15125,400,15de5697-4abc-4ad1-9339-b36abca407eb,15200,15201,15205,[134],[15206],pass,193.566,206.588,206.588,13.022,0
600,15268,401,6d916365-74b3-4a8b-b305-c47c931d5ed1,15313,15314,15322,[135],[15323],pass,37.807,51.221,51.221,13.414,0
601,15303,574,e2986107-c215-4d0c-af4c-448d9059a047,15350,15351,15354,[137],[15355],pass,64.268,89.852,89.852,25.584,0
602,15441,340,ba5f2b1b-e527-4ddc-a8aa-5d0263d6b656,,,,[],[],,,,,,0
603,15443,340,ba5f2b1b-e527-4ddc-a8aa-5d0263d6b656,15472,15473,15476,[138],[15477],pass,75.665,95.897,95.897,20.232,0
604,15542,426,04dfe261-6145-4f08-a31b-9eca40852b0a,,,,[],[],,,,,,0
605,15660,573,2e5b00b5-ad81-4e7d-8ee7-e33f3929a1b0,15676,15677,15681,[139],[15682],pass,38.262,55.721,55.721,17.459,0
606,15662,573,2e5b00b5-ad81-4e7d-8ee7-e33f3929a1b0,15688,15689,15692,[140],[15693],pass,98.345,117.516,117.515,19.17,0
607,15703,199,c557c5ed-d77c-4cc3-94a0-0bf08f749ec9,,,,[],[],,,,,,0
608,15804,598,3da96a60-7f10-45f4-84e2-c9a2f19babed,15885,15888,15898,[141],[15902],pass,340.858,363.199,363.18,22.319,0
611,15986,470,5b1ef3a9-1fcf-42b4-bb99-2da72be6bad8,15999,16000,16005,[144],[16006],pass,42.96,58.549,58.549,15.589,0
612,16028,569,595854b9-a8fe-47d3-a4cc-cc1005d37cd0,,,,[],[],,,,,,0
613,16114,543,67b90e79-c68c-4c66-9b06-b97e4637e62c,,,,[],[],,,,,,0
631,16490,579,bfd79180-d24c-482e-b96b-e279742a689a,16511,16512,16532,[146],[16533],pass,44.131,234.019,234.019,189.888,0
632,16703,497,a0df50e3-9e8a-46d9-a29c-79379b5d8fe6,16720,16721,16726,[147],[16727],pass,54.874,81.703,81.702,26.828,0
633,16705,497,a0df50e3-9e8a-46d9-a29c-79379b5d8fe6,16734,16735,16798,[148],[16799],pass,124.339,377.46,377.46,253.121,0
634,16757,498,f89337ab-02fa-4c6c-b543-400d822a9d02,,,,[],[],,,,,,0
635,16852,591,a6cbbc75-b514-42ac-8187-e4734e8105d0,16875,16876,16880,[149],[16881],pass,34.365,67.949,67.949,33.584,0
636,16854,591,a6cbbc75-b514-42ac-8187-e4734e8105d0,16897,16898,16910,[150],[16911],pass,113.93,144.051,144.05,30.12,0
637,16872,311,dcd39f4e-035d-49a1-936c-1aaed3f1aad5,16917,16918,16921,[151],[16922],pass,153.285,172.202,172.202,18.917,0
638,16991,377,cae39c40-cf09-41bf-b357-2b69a6527ea7,16995,16996,17000,[152],[17001],pass,32.284,49.496,49.496,17.212,0
639,17064,467,e54f8e04-dac8-40af-82f9-0edeb42bf10c,17080,17081,17086,[153],[17087],pass,84.477,104.017,104.017,19.539,0
640,17239,356,9fa9977f-ad9b-4459-9e06-795b05d6c95f,17269,17270,17273,[154],[17274],pass,38.332,52.01,52.01,13.678,0
641,17306,515,8a8f522e-ae78-4d61-bc96-dcd671b3acf3,17322,17323,17328,[155],[17329],pass,89.222,105.338,105.338,16.116,0
642,17308,515,8a8f522e-ae78-4d61-bc96-dcd671b3acf3,17335,17336,17339,[156],[17340],pass,142.984,181.074,181.074,38.09,0
643,17380,359,d6dcc90b-64cb-48fb-a47d-2470540a5f64,17386,17387,17391,[157],[17392],pass,69.041,88.023,88.023,18.982,0
644,17382,359,d6dcc90b-64cb-48fb-a47d-2470540a5f64,,,,[],[],,,,,,0
645,17470,469,813c9340-25bb-4dd3-bc0a-38ddcbe249fd,17496,17497,17501,[158],[17502],pass,32.013,45.004,45.003,12.99,0
646,17472,469,813c9340-25bb-4dd3-bc0a-38ddcbe249fd,17507,17508,17513,[159],[17514],pass,75.224,105.861,105.861,30.637,0
647,17474,469,813c9340-25bb-4dd3-bc0a-38ddcbe249fd,,,,[],[],,,,,,0
648,17551,405,282aa3b2-126a-424e-bbfd-83296d6d7745,17563,17564,17567,[160],[17568],pass,65.092,84.16,84.16,19.068,0
649,17634,294,2a541aea-693c-4d31-97fb-687242db96ed,17653,17654,17668,[161],"[17658, 17669]",revise,70.479,86.105,143.512,73.032,1
650,17764,416,ae5f4ab2-bba0-4d60-9fef-15c43e3c0b63,19922,19923,19933,[182],[19934],pass,18904.976,18923.139,18923.139,18.163,0
651,17766,416,ae5f4ab2-bba0-4d60-9fef-15c43e3c0b63,,,,[],[],,,,,,0
652,17943,295,84eb44b8-d8a2-4bf7-904d-0d64a1fe675b,,,,[],[],,,,,,0
653,17945,295,84eb44b8-d8a2-4bf7-904d-0d64a1fe675b,,,,[],[],,,,,,0
654,18002,296,4ad28554-6c27-444b-8ffa-311951c733c1,18033,18034,18044,[162],[18045],pass,41.212,61.696,61.696,20.484,0
655,18084,387,45ed4489-810e-4aa6-97c9-7747ced1ff5c,18113,18114,18117,[163],[18118],pass,37.487,49.506,49.506,12.019,0
656,18161,614,fb479eda-5eb4-43e3-bbcd-5b3778a47027,,,,[],[],,,,,,0
657,18163,614,fb479eda-5eb4-43e3-bbcd-5b3778a47027,,,,[],[],,,,,,0
658,18165,614,fb479eda-5eb4-43e3-bbcd-5b3778a47027,,,,[],[],,,,,,0
659,18231,615,514af727-e307-4693-877d-e7efbaf2a50c,,,,[],[],,,,,,0
660,18308,431,8af54e2e-50fc-4c14-a858-33d488540bf2,,,,[],[],,,,,,0
661,18404,570,2ea99280-ed1b-4d84-b1e1-a2e31deed83b,19931,19932,19955,[183],[19956],pass,13888.107,14483.207,14483.207,595.099,0
662,18406,570,2ea99280-ed1b-4d84-b1e1-a2e31deed83b,,,,[],[],,,,,,0
663,18504,571,565675bb-486b-41a7-b39e-5bbf5780ff1e,23046,23049,23124,[189],[23126],pass,36785.97,37171.929,37171.923,385.944,0
664,18506,571,565675bb-486b-41a7-b39e-5bbf5780ff1e,23048,23050,23125,[189],[23126],pass,36785.976,37171.928,37171.928,385.949,0
665,18559,183,6ae40059-1e45-4d55-9d77-12a1667eb4c3,19091,19092,19096,[164],[19097],pass,6202.21,6237.389,6237.389,35.178,0
666,18561,183,6ae40059-1e45-4d55-9d77-12a1667eb4c3,19102,19103,19107,[165],[19108],pass,6259.14,6286.372,6286.372,27.232,0
667,18591,619,a71e73a8-4297-4511-b0e0-8d66aff08dad,19113,19114,19119,[166],[19120],pass,6054.099,6066.243,6066.243,12.144,0
668,18593,619,a71e73a8-4297-4511-b0e0-8d66aff08dad,19144,19145,19167,[167],[19168],pass,6108.013,6128.238,6128.238,20.225,0
669,18595,619,a71e73a8-4297-4511-b0e0-8d66aff08dad,19175,19176,19195,[168],"[19181, 19196]",revise,6158.906,6180.025,6264.581,105.674,1
670,18597,619,a71e73a8-4297-4511-b0e0-8d66aff08dad,,,,[],[],,,,,,0
671,18637,417,9b5fd6d2-704f-449a-bf25-af0774602ea5,,,,[],[],,,,,,0
672,18677,409,b7768e75-74b9-47ae-bca8-1d39cf8078af,19206,19207,19212,[169],[19213],pass,5795.662,5810.964,5810.964,15.302,0
673,18782,621,f2f7d7ae-dc96-4495-a7a4-3875090bdb69,19224,19225,19232,[170],[19233],pass,4585.829,4598.135,4598.135,12.306,0
674,18854,620,a5da06dc-b072-47b9-850a-6ed64b566955,19259,19260,19264,[171],[19265],pass,4216.197,4226.187,4226.187,9.99,0
675,18898,473,b5325347-5cea-4444-a517-801d29249bc2,,,,[],[],,,,,,0
676,18900,473,b5325347-5cea-4444-a517-801d29249bc2,,,,[],[],,,,,,0
677,18942,432,4c10e12a-08ca-4730-a657-637b2fbbd85f,,,,[],[],,,,,,0
678,18944,432,4c10e12a-08ca-4730-a657-637b2fbbd85f,,,,[],[],,,,,,0
679,18946,432,4c10e12a-08ca-4730-a657-637b2fbbd85f,19311,19312,19316,[172],[19317],pass,2790.154,2804.635,2804.635,14.48,0
680,19016,314,8a1b2198-415f-4de4-8920-09cf6556e076,19323,19324,19329,[173],[19330],pass,2015.825,2039.168,2039.168,23.343,0
681,19038,221,6fa147a0-ad7e-4050-94d3-f4cce8b9de04,19335,19336,19341,[174],[19342],pass,1841.616,1885.647,1885.646,44.03,0
682,19040,221,6fa147a0-ad7e-4050-94d3-f4cce8b9de04,19347,19348,19351,[175],[19352],pass,1911.689,1932.587,1932.587,20.898,0
683,19243,474,4ff154ca-8c7c-4216-a6ef-8825edcd0304,,,,[],[],,,,,,0
684,19419,611,340f887f-66b4-47b0-b10f-5cab95937cc4,,,,[],[],,,,,,0
685,19460,616,55b20df3-513b-4d77-b73f-857e4847a6c1,,,,[],[],,,,,,0
686,19462,616,55b20df3-513b-4d77-b73f-857e4847a6c1,,,,[],[],,,,,,0
687,19540,617,47397081-4331-497d-a39e-744da643b460,19574,19575,19578,[176],[19579],pass,66.53,84.283,84.282,17.752,0
688,19542,617,47397081-4331-497d-a39e-744da643b460,19587,19588,19592,[177],[19593],pass,120.504,154.985,154.984,34.48,0
689,19544,617,47397081-4331-497d-a39e-744da643b460,19609,19610,19623,[178],[19624],pass,226.5,259.29,259.289,32.789,0
690,19546,617,47397081-4331-497d-a39e-744da643b460,19637,19638,19643,[179],[19646],pass,286.29,312.466,312.365,26.075,0
691,19548,617,47397081-4331-497d-a39e-744da643b460,,,,[],[],,,,,,0
692,19634,397,1d0265bf-f579-4e53-8562-ef98c6f9516d,19686,19687,19691,[181],[19692],pass,138.754,150.995,150.995,12.241,0
693,19793,520,9381a499-d8ab-4273-9c17-5be6709815d4,,,,[],[],,,,,,0
700,20190,433,aefa7b15-3f68-4e65-b218-92e8b7fccb1b,25778,25779,25786,[194],[25787],pass,45093.752,45116.131,45116.13,22.378,0
701,20192,433,aefa7b15-3f68-4e65-b218-92e8b7fccb1b,,,,[],[],,,,,,0
702,20194,433,aefa7b15-3f68-4e65-b218-92e8b7fccb1b,,,,[],[],,,,,,0
703,20273,624,911ac534-dd14-472e-a4ae-03b52d34e86b,,,,[],[],,,,,,0
704,20308,442,09f14674-453b-47b6-8ae4-2bbd7e6c40c2,,,,[],[],,,,,,0
705,20310,442,09f14674-453b-47b6-8ae4-2bbd7e6c40c2,25822,25823,25831,[195],[25832],pass,44204.119,44219.835,44219.834,15.715,0
706,20312,442,09f14674-453b-47b6-8ae4-2bbd7e6c40c2,25840,25841,25848,[196],[25849],pass,44249.316,44267.421,44267.421,18.105,0
707,20435,420,32e5b271-1a90-4fa3-87a2-9695e929dc5d,25857,25858,25867,[197],[25868],pass,43408.822,43424.602,43424.601,15.779,0
708,20452,318,c2569438-1371-42ca-9183-ad3377ec093d,25875,25876,25885,[198],[25886],pass,43449.354,43485.806,43485.805,36.451,0
709,20498,381,eb6d1e7a-cff4-4611-bef1-e9ebd8d25200,,,,[],[],,,,,,0
711,20552,577,416aeaac-03d3-4583-9c7c-b96f4f753870,25906,25907,25915,[199],[25916],pass,42800.337,42817.416,42817.415,17.078,0
712,20699,665,43dc4533-f97d-4959-97ee-c3574eff89d9,25938,25939,25973,[200],[25974],pass,42308.137,42333.317,42333.316,25.178,0
713,20783,690,bae81475-fc91-44af-9ab5-6362c5f8b472,,,,[],[],,,,,,0
714,20864,475,44aba3e8-b7e7-43de-afc5-f2c3b29bb7db,26011,26012,26019,[202],[26020],pass,41528.529,41545.442,41545.442,16.913,0
715,20889,632,e9ef74b5-c134-4d2a-aa93-93cb3d5d545d,26034,26035,26046,[203],[26047],pass,41495.098,41523.51,41523.51,28.41,0
716,20891,632,e9ef74b5-c134-4d2a-aa93-93cb3d5d545d,26060,26061,26068,[204],[26069],pass,41607.512,41631.446,41631.446,23.933,0
717,20893,632,e9ef74b5-c134-4d2a-aa93-93cb3d5d545d,26084,26085,26100,[205],[26101],pass,41726.525,41750.257,41750.257,23.731,0
718,20902,240,8002e7bc-2a8a-488f-a89f-a7396635c3b9,,,,[],[],,,,,,0
719,21063,476,963383cf-b0c1-48a7-bed6-e37643c4b0e4,,,,[],[],,,,,,0
720,21065,476,963383cf-b0c1-48a7-bed6-e37643c4b0e4,26129,26130,26137,[206],[26138],pass,40311.158,40334.976,40334.975,23.816,0
721,21067,476,963383cf-b0c1-48a7-bed6-e37643c4b0e4,,,,[],[],,,,,,0
722,21069,476,963383cf-b0c1-48a7-bed6-e37643c4b0e4,26158,26159,26171,[208],[26172],pass,40400.435,40435.794,40435.794,35.359,0
723,21139,349,07f89a1d-0da0-487a-8a25-9f203c112284,26228,26229,26315,[210],[26316],pass,40180.912,40650.94,40650.939,470.026,0
724,21350,375,5c2db7e4-a8d8-4d8d-8f99-8f73105ca529,26347,26348,26364,[211],[26365],pass,38814.43,38851.78,38851.78,37.35,0
725,21432,667,e94a51d6-54a1-4736-99ec-6f7e2d1df2d8,,,,[],[],,,,,,0
726,21434,667,e94a51d6-54a1-4736-99ec-6f7e2d1df2d8,,,,[],[],,,,,,0
727,21573,532,f1921f3e-84be-417d-9035-41a7360447a9,,,,[],[],,,,,,0
740,21656,576,7426f073-f974-406c-8272-dc9964e119fc,26419,26420,26455,[212],[26456],pass,36874.873,36944.781,36944.78,69.907,0
741,21658,576,7426f073-f974-406c-8272-dc9964e119fc,,,,[],[],,,,,,0
742,21791,581,0154f7ba-2bbd-41a1-92d2-cad3f3c3553f,26470,26471,26477,[213],[26478],pass,36813.019,36835.597,36835.594,22.575,0
743,21793,581,0154f7ba-2bbd-41a1-92d2-cad3f3c3553f,26522,26523,26537,[214],[26538],pass,37085.45,37104.966,37104.964,19.513,0
744,21816,618,30d07ecb-7b6b-40b3-8eeb-51dcfca19018,25735,25744,25751,[193],[25756],pass,33666.775,33693.933,33693.923,27.131,0
745,21818,618,30d07ecb-7b6b-40b3-8eeb-51dcfca19018,25737,25745,25752,[193],[25756],pass,33666.779,33693.932,33693.925,27.133,0
746,21820,618,30d07ecb-7b6b-40b3-8eeb-51dcfca19018,25739,25746,25753,[193],[25756],pass,33666.781,33693.93,33693.925,27.135,0
747,21822,618,30d07ecb-7b6b-40b3-8eeb-51dcfca19018,25741,25747,25754,[193],[25756],pass,33666.782,33693.927,33693.924,27.137,0
748,21879,628,2e9e7a27-6526-45a6-b044-4b125c30edec,,,,[],[],,,,,,0
749,22237,626,31206ab8-b41c-4fbe-8e84-e4650ac732bc,25743,25748,25755,[193],[25756],pass,30115.251,30142.392,30142.392,27.139,0
750,22345,254,c70f4e10-47aa-4370-94e0-beef6e00ab91,,,,[],[],,,,,,0
751,22406,237,6ac89554-e104-48ab-a522-cbd7b6b7fdf5,26561,26562,26569,[215],[26570],pass,31766.274,31785.116,31785.072,18.798,0
752,22509,440,3c417920-f6f4-48e7-aa01-38b69f44f9fc,,,,[],[],,,,,,0
753,22511,440,3c417920-f6f4-48e7-aa01-38b69f44f9fc,26618,26619,26696,[216],[26697],pass,30840.664,31105.098,31105.097,264.432,0
754,22561,437,bb7c25d9-c7a0-4450-b19b-6b63555a8843,26710,26711,26734,[217],[26735],pass,30703.168,30732.691,30732.69,29.522,0
755,22563,437,bb7c25d9-c7a0-4450-b19b-6b63555a8843,26744,26745,26753,[218],[26754],pass,30782.217,30794.732,30794.731,12.514,0
756,22702,448,c6b511e3-78fa-4dfe-8499-df38b472b5b9,,,,[],[],,,,,,0
757,22805,464,ff12fb24-2aba-4ff3-8435-789465250d5c,26784,26785,26811,[219],[26812],pass,28925.191,28946.78,28946.778,21.587,0
758,22858,443,09e109f7-ef47-41f3-9764-5c4d0acdb815,26822,26823,26853,[221],[26854],pass,28467.621,28492.499,28492.498,24.877,0
759,22860,443,09e109f7-ef47-41f3-9764-5c4d0acdb815,,,,[],[],,,,,,0
760,22963,565,9f0e1257-c921-4d3b-bf31-88db674084fe,,,,[],[],,,,,,0
761,22984,486,02754a57-cc67-43c0-abd5-c5e468a336d9,,,,[],[],,,,,,0
764,23202,533,387e5e57-43a9-4301-babf-f8c0c699ef30,26899,26900,26907,[222],[26908],pass,26614.49,26630.03,26630.028,15.538,0
765,23204,533,387e5e57-43a9-4301-babf-f8c0c699ef30,26917,26918,26936,[223],[26937],pass,26660.711,26675.691,26675.689,14.978,0
766,23206,533,387e5e57-43a9-4301-babf-f8c0c699ef30,26946,26947,26955,[224],[26956],pass,26703.813,26726.628,26726.624,22.811,0
769,23385,582,9570eeb9-77a8-4f0c-8d74-624b6ccd34c7,,,,[],[],,,,,,0
770,23446,762,9c6b5906-c66f-4c67-ac41-4a05f0412063,26982,26983,26990,[225],[26991],pass,24240.639,24264.656,24264.654,24.015,0
771,23448,762,9c6b5906-c66f-4c67-ac41-4a05f0412063,27005,27006,27014,[226],[27015],pass,24392.576,24405.355,24405.354,12.778,0
772,23698,580,ee3baea4-a94a-445c-8ebd-539d26890a44,,,,[],[],,,,,,0
773,23766,639,d6018610-c66b-45f4-a571-c9f8b678cf84,27191,27192,27223,[228],[27224],pass,22298.443,22344.271,22344.27,45.827,0
774,23864,585,0de21ff4-d896-4516-a224-100e1a8e3eac,27253,27254,27274,[229],[27275],pass,21737.006,21766.895,21766.894,29.886,0
775,23866,585,0de21ff4-d896-4516-a224-100e1a8e3eac,27301,27302,27309,[230],[27310],pass,21957.965,21973.548,21973.547,15.581,0
776,23987,729,7666673c-c264-4db6-8e57-5e0b3ac1550a,27319,27320,27328,[231],[27329],pass,20880.828,20901.36,20901.358,20.53,0
777,24061,768,564a7711-d44c-4e8f-8fb7-2b305c2501c9,27337,27338,27342,[232],[27343],pass,20571.012,20592.095,20592.093,21.08,0
778,24206,731,5147933a-44c8-4e12-a663-94e73edfa498,,,,[],[],,,,,,0
779,24208,731,5147933a-44c8-4e12-a663-94e73edfa498,,,,[],[],,,,,,0
780,24293,645,86dd72e0-e30f-464f-8ab7-c5a5e5beb263,27420,27421,27428,[233],[27429],pass,19130.361,19150.313,19150.311,19.95,0
781,24462,146,58c05556-b74d-4a31-acf1-cbf7ca4ad15f,27446,27447,27454,[234],[27455],pass,18179.035,18198.564,18198.518,19.482,0
782,24511,730,f29341a3-4655-43f4-89f5-5b0fdd42b4fc,27462,27463,27469,[235],[27470],pass,17701.135,17734.866,17734.864,33.729,0
783,24513,730,f29341a3-4655-43f4-89f5-5b0fdd42b4fc,27478,27479,27486,[236],[27487],pass,17770.452,17791.484,17791.482,21.029,0
784,24515,730,f29341a3-4655-43f4-89f5-5b0fdd42b4fc,27495,27496,27503,[237],[27504],pass,17844.867,17875.806,17875.803,30.935,0
785,24717,698,0d9c79bb-8554-4389-97bb-2c1b34a0ab47,,,,[],[],,,,,,0
786,24746,243,3aa21145-c873-4cec-aee3-ee7f07f52e4a,,,,[],[],,,,,,0
787,25005,255,04d5a9c6-cd17-4b3c-bdf4-56d232037804,27535,27536,27544,[238],[27545],pass,13914.277,13930.882,13930.88,16.603,0
788,25028,732,fff2954f-5ea5-446e-872c-58fb8de72c2c,,,,[],[],,,,,,0
789,25030,732,fff2954f-5ea5-446e-872c-58fb8de72c2c,27559,27560,27567,[239],[27568],pass,13737.896,13755.498,13755.496,17.6,0
790,25122,303,561e9039-2ba3-40cb-8346-7a52513222ae,,,,[],[],,,,,,0
791,25250,304,53964893-5dfe-4332-b22a-95beb48bc468,27586,27587,27681,[240],[27682],pass,11446.689,11715.087,11715.085,268.395,0
792,25252,304,53964893-5dfe-4332-b22a-95beb48bc468,27703,27704,27846,[241],[27847],pass,11748.313,14239.061,14239.056,2490.743,0
793,25389,330,753795d2-d1a6-4bd0-b3ce-0c7be795765f,27973,27974,27978,[243],[27979],pass,13965.719,14011.735,14011.734,46.014,0
794,25415,733,d060d042-0307-4ef0-9941-f874b8b99afb,,,,[],[],,,,,,0
795,25424,329,9422a2ef-aa41-4486-8f93-78d5c1c7265f,,,,[],[],,,,,,0
796,25426,329,9422a2ef-aa41-4486-8f93-78d5c1c7265f,30811,30812,30820,[248],[30821],pass,43136.61,43160.506,43160.505,23.895,0
797,25598,735,5c7db96c-97b9-46cc-a626-52416715ff67,30829,30830,30837,[249],[30838],pass,41705.317,41723.83,41723.829,18.512,0
798,25600,735,5c7db96c-97b9-46cc-a626-52416715ff67,30845,30846,30856,[250],[30857],pass,41739.212,41757.258,41757.257,18.045,0
799,25663,379,7ed5d464-7816-44af-9d2b-93a5ba24cd16,30864,30865,30872,[251],[30873],pass,41465.285,41482.177,41482.175,16.89,0
800,25665,379,7ed5d464-7816-44af-9d2b-93a5ba24cd16,30882,30883,30890,[252],[30891],pass,41510.051,41526.108,41526.107,16.055,0
801,25680,734,8077d0f1-17de-4d50-ad6e-0c807976e4e2,,,,[],[],,,,,,0
802,25682,734,8077d0f1-17de-4d50-ad6e-0c807976e4e2,,,,[],[],,,,,,0
809,26189,737,909ba810-4d78-4e90-bdd4-bdcbb3e36692,,,,[],[],,,,,,0
810,26386,421,a945a4f0-b30d-4269-ab07-55e5d29ea387,30918,30919,30926,[253],[30927],pass,38530.376,38546.703,38546.701,16.325,0
811,26639,806,854e0ae1-c2a3-45d7-a2d4-03c122e0c51f,30935,30936,30943,[254],[30944],pass,37276.716,37290.745,37290.744,14.028,0
822,27075,803,01bbcd7b-0421-482b-8a32-2f6eefd22787,,,,[],[],,,,,,0
823,27077,803,01bbcd7b-0421-482b-8a32-2f6eefd22787,30958,30959,30967,[255],[30968],pass,36365.671,36385.342,36385.341,19.67,0
824,27167,715,71b7b0a8-8d92-4b45-ad35-ee837d7c5b56,30976,30977,30985,[256],[30986],pass,35904.637,35922.695,35922.694,18.056,0
825,27528,669,76d6373e-467c-42a8-9409-ddffd9c7d8ca,,,,[],[],,,,,,0
826,27595,744,e08f25b2-344f-4267-91d7-4db3865ceea2,,,,[],[],,,,,,0
844,27823,804,fd1e1682-5955-4385-84ec-70279555a598,31008,31009,31016,[257],[31017],pass,31715.758,31738.349,31738.347,22.589,0
845,27825,804,fd1e1682-5955-4385-84ec-70279555a598,31026,31027,31035,[258],[31036],pass,31778.42,31795.285,31795.283,16.863,0
846,27827,804,fd1e1682-5955-4385-84ec-70279555a598,31045,31046,31054,[259],[31055],pass,31823.341,31847.452,31847.451,24.11,0
847,28267,781,9a6fba4f-bf2d-4a5c-b8c0-91acef8adfcc,31062,31063,31072,[260],[31073],pass,27023.995,27040.307,27040.305,16.31,0
848,28317,812,7cf22aa5-ed53-4e47-9956-322c0a18daa9,,,,[],[],,,,,,0
849,28319,812,7cf22aa5-ed53-4e47-9956-322c0a18daa9,,,,[],[],,,,,,0
850,28453,738,ce4fff99-e0c6-43f6-aab1-eeabb210523a,,,,[],[],,,,,,0
851,28455,738,ce4fff99-e0c6-43f6-aab1-eeabb210523a,31099,31100,31107,[261],[31108],pass,25112.384,25135.62,25135.619,23.235,0
852,28514,813,4dbbe2ee-8f2b-4484-80ae-5312c5687c35,,,,[],[],,,,,,0
853,28566,745,e9589866-490b-47e4-9f6b-f34ed5e0d01e,,,,[],[],,,,,,0
854,28568,745,e9589866-490b-47e4-9f6b-f34ed5e0d01e,,,,[],[],,,,,,0
855,28661,534,2f7ff4ee-f32c-4469-a485-2eef88e27d3d,,,,[],[],,,,,,0
856,28744,814,c0fa2c44-af35-4cf4-992f-3e4308c42eb0,,,,[],[],,,,,,0
857,28746,814,c0fa2c44-af35-4cf4-992f-3e4308c42eb0,,,,[],[],,,,,,0
858,28748,814,c0fa2c44-af35-4cf4-992f-3e4308c42eb0,,,,[],[],,,,,,0
859,28868,739,c2704655-e1f1-4e9e-9230-f9deb8e1c9b2,31169,31170,31181,[262],[31182],pass,19982.016,19998.496,19998.495,16.479,0
860,29196,815,3725d9ca-611e-4587-920a-b5ac4fd05ee6,,,,[],[],,,,,,0
861,29198,815,3725d9ca-611e-4587-920a-b5ac4fd05ee6,,,,[],[],,,,,,0
862,29200,815,3725d9ca-611e-4587-920a-b5ac4fd05ee6,31218,31219,31227,[263],[31228],pass,15256.739,15272.858,15272.853,16.114,0
863,29202,815,3725d9ca-611e-4587-920a-b5ac4fd05ee6,31235,31236,31246,[264],[31247],pass,15295.318,15316.647,15316.646,21.328,0
864,29204,815,3725d9ca-611e-4587-920a-b5ac4fd05ee6,31255,31256,31263,[265],[31264],pass,15347.641,15371.422,15371.419,23.778,0
865,29206,815,3725d9ca-611e-4587-920a-b5ac4fd05ee6,,,,[],[],,,,,,0
866,29208,815,3725d9ca-611e-4587-920a-b5ac4fd05ee6,,,,[],[],,,,,,0
867,29488,746,d9e2c903-faed-4e4d-b8c5-59e7e831cfd6,31280,31281,31286,[266],[31287],pass,12017.576,12041.46,12041.456,23.88,0
868,29490,746,d9e2c903-faed-4e4d-b8c5-59e7e831cfd6,31295,31296,31303,[267],[31304],pass,12081.057,12105.394,12105.392,24.334,0
869,29695,477,f3700f30-e2cf-4ab2-bd7f-29ff307baaab,,,,[],[],,,,,,0
870,29778,480,a52e3d0e-82b8-49da-95fc-88974dbb862f,31318,31319,31328,[268],[31329],pass,9336.277,9363.736,9363.735,27.458,0
871,29858,529,a19d10fe-8797-416e-af98-5082047b2803,31334,31335,31343,[269],[31344],pass,8877.796,8891.837,8891.835,14.039,0
872,29948,516,ad91d236-4c1e-43a8-ac91-04e76822a267,31352,31353,31360,[270],[31361],pass,7598.595,7612.609,7612.608,14.013,0
873,29950,516,ad91d236-4c1e-43a8-ac91-04e76822a267,,,,[],[],,,,,,0
874,30008,535,0b75e601-17a8-4ea0-8791-d19bca9b3305,,,,[],[],,,,,,0
875,30042,531,bf9279a7-8171-43ff-9663-127b928ede74,31403,31404,31424,[271],[31425],pass,7362.803,7409.501,7409.5,46.697,0
880,30304,438,2503af69-bf4c-49fd-94af-a7b5c138ab84,,,,[],[],,,,,,0
881,30306,438,2503af69-bf4c-49fd-94af-a7b5c138ab84,,,,[],[],,,,,,0
882,30319,460,34905532-ea89-42cd-a907-a59c10ab4755,,,,[],[],,,,,,0
885,30400,770,9e830758-66bb-484a-b3cd-f4cc9c37b013,,,,[],[],,,,,,0
886,30402,770,9e830758-66bb-484a-b3cd-f4cc9c37b013,32168,32169,32174,[272],[32175],pass,17113.77,17208.499,17208.497,94.726,0
887,30429,547,b113b05a-c5d3-4a76-a4bd-c7887f07f2c8,32312,32313,32347,[274],[32348],pass,18545.695,18592.041,18592.04,46.344,0
888,30431,547,b113b05a-c5d3-4a76-a4bd-c7887f07f2c8,32367,32368,32375,[275],[32376],pass,18624.021,18639.533,18639.532,15.511,0
889,30433,547,b113b05a-c5d3-4a76-a4bd-c7887f07f2c8,32383,32384,32391,[276],[32392],pass,18653.335,18669.605,18669.604,16.269,0
890,30637,816,c41d440e-469e-41ef-9f70-8c98efca97ce,32400,32401,32410,[277],[32411],pass,16863.953,16883.825,16883.824,19.871,0
891,30639,816,c41d440e-469e-41ef-9f70-8c98efca97ce,,,,[],[],,,,,,0
892,30641,816,c41d440e-469e-41ef-9f70-8c98efca97ce,32427,32428,32438,[278],[32439],pass,16965.677,16988.782,16988.78,23.103,0
893,30643,816,c41d440e-469e-41ef-9f70-8c98efca97ce,32448,32449,32461,[279],[32462],pass,17015.95,17033.666,17033.665,17.715,0
894,30711,879,b60bcbfa-d11d-422d-b6a5-f2d728ae799d,32477,32478,32484,[281],[32485],pass,16708.629,16724.867,16724.865,16.236,0
895,30718,827,7d2d3e9e-bfd1-46dc-99eb-d29e7f670969,,,,[],[],,,,,,0
896,30720,827,7d2d3e9e-bfd1-46dc-99eb-d29e7f670969,,,,[],[],,,,,,0
897,30751,877,91a72b95-cb71-4012-874f-9bb4c647d7c6,,,,[],[],,,,,,0
898,31516,819,063e58d3-035e-45ca-aa4f-100fd27d253e,32538,32539,32547,[282],[32548],pass,12869.692,12885.863,12885.858,16.165,0
899,31572,884,404b3dbc-a53e-4875-bd22-d442cbfb930f,34176,34177,34211,[284],[34212],pass,32318.105,32388.629,32388.628,70.522,0
900,31680,823,ec247db3-67a2-49fb-99e6-5546a60be05e,34232,34233,34244,[286],[34245],pass,29938.632,29956.048,29956.047,17.415,0
901,31682,823,ec247db3-67a2-49fb-99e6-5546a60be05e,34252,34253,34262,[287],[34263],pass,29997.95,30016.289,30016.288,18.338,0
902,32064,789,6e31078b-dddd-4cb4-ac37-08507919e8d3,34270,34271,34280,[288],[34281],pass,24221.07,24243.346,24243.344,22.274,0
903,32096,754,93e08770-a7ef-4717-988b-e068659ad8e0,34288,34289,34296,[289],[34297],pass,23325.433,23340.395,23340.394,14.961,0
904,32098,754,93e08770-a7ef-4717-988b-e068659ad8e0,,,,[],[],,,,,,0
905,32190,799,44cb2cfa-8089-41f5-849a-03fd1b29632d,34314,34315,34327,[290],[34328],pass,22701.279,22721.826,22721.825,20.546,0
908,32257,828,522bedd6-5ba9-4315-bee9-146cfdf2fc36,,,,[],[],,,,,,0
909,32259,828,522bedd6-5ba9-4315-bee9-146cfdf2fc36,,,,[],[],,,,,,0
910,32261,828,522bedd6-5ba9-4315-bee9-146cfdf2fc36,34362,34363,34373,[292],[34374],pass,21597.29,21615.139,21615.138,17.848,0
911,32263,828,522bedd6-5ba9-4315-bee9-146cfdf2fc36,,,,[],[],,,,,,0
912,32582,829,963d2b48-7823-455b-a3b0-4df880ab2144,,,,[],[],,,,,,0
913,32646,845,9c0fc7c9-64f7-4d5d-8449-f7b42f21889a,34414,34415,34423,[293],[34424],pass,19347.249,19368.121,19368.119,20.87,0
914,32701,830,922fd874-2b06-4561-a978-1f01ce742775,,,,[],[],,,,,,0
915,32837,831,0407e847-2177-45eb-8cd9-34a929a24947,34441,34442,34447,[294],[34448],pass,17249.412,17268.364,17268.361,18.948,0
916,32891,742,9e5a57f2-ea7f-40ce-85a5-39f16314ef86,,,,[],[],,,,,,0
917,32980,832,e7e01fb0-e728-40c5-b1a9-3c9c41e0a7b5,34460,34461,34466,[295],[34467],pass,15840.436,15867.24,15867.227,26.791,0
922,33148,743,836281e1-4e1c-44fa-a228-a1bd8137b0af,34479,34480,34489,[296],[34490],pass,14329.323,14345.242,14345.24,15.917,0
923,33186,836,dab83267-40ce-4a1c-a854-c4664f9e1fe6,34502,34503,34519,[297],[34520],pass,13529.674,13549.866,13549.864,20.189,0
924,33188,836,dab83267-40ce-4a1c-a854-c4664f9e1fe6,34530,34531,34544,[298],[34545],pass,13605.91,13630.352,13630.349,24.439,0
925,33190,836,dab83267-40ce-4a1c-a854-c4664f9e1fe6,34552,34553,34559,[299],[34560],pass,13669.22,13694.935,13694.933,25.713,0
926,33344,851,254549ed-4989-442a-8832-f6846f973c3c,,,,[],[],,,,,,0
927,33476,906,03ba29ac-4c9a-4133-a0c5-4d20f45bce14,34573,34574,34582,[300],[34583],pass,10038.226,10056.606,10056.587,18.361,0
928,33501,887,b7680dd3-b513-4cc5-b9df-974670cadd41,34600,34601,34620,[301],[34621],pass,9677.414,9697.428,9697.427,20.012,0
929,33680,552,8dc1287e-462d-405b-ab54-760fd8dfc89f,,,,[],[],,,,,,0
930,33775,563,393773ec-075f-4de5-b63d-a0931bdcef61,34656,34657,34664,[302],[34665],pass,6392.562,6418.539,6418.538,25.976,0
931,33777,563,393773ec-075f-4de5-b63d-a0931bdcef61,34673,34674,34681,[303],[34682],pass,6453.928,6471.466,6471.466,17.538,0
932,33779,563,393773ec-075f-4de5-b63d-a0931bdcef61,34690,34691,34698,[304],[34699],pass,6515.687,6533.555,6533.554,17.867,0
933,33873,564,b4057e07-1884-4a11-9c86-ecd866d95a7c,,,,[],[],,,,,,0
934,33943,919,5f4e0a1e-ea20-4cfe-bd2c-4699a6f392be,,,,[],[],,,,,,0
935,33945,919,5f4e0a1e-ea20-4cfe-bd2c-4699a6f392be,,,,[],[],,,,,,0
936,33949,555,1a879f0d-4972-4da2-9169-6fd31e3025da,34731,34732,34740,[305],[34741],pass,4530.128,4546.044,4546.043,15.915,0
937,34055,918,c43d0982-896c-4afe-8e53-a475b4d8784a,34749,34750,34766,[306],[34767],pass,3767.943,3786.127,3786.126,18.182,0
938,34057,918,c43d0982-896c-4afe-8e53-a475b4d8784a,34786,34787,34802,[307],[34803],pass,3804.498,3824.164,3824.163,19.665,0
939,34060,921,2483dc54-8668-432d-ab0d-f9794da1214e,,,,[],[],,,,,,0
940,34121,584,9c3206f3-50ae-4fcb-8306-dbea21a7b801,34820,34821,34828,[308],[34829],pass,2766.696,2781.959,2781.956,15.26,0
944,34609,578,b14fc6bd-9178-4143-8707-37e1de776057,34848,34849,34855,[310],[34856],pass,774.424,795.836,795.829,21.405,0
956,35249,583,94b8ef8b-90a5-4a88-bc37-0a238d5b890e,,,,[],[],,,,,,0
957,35276,818,0c30800f-6317-4468-997b-71cb0d91161c,,,,[],[],,,,,,0
958,35278,818,0c30800f-6317-4468-997b-71cb0d91161c,,,,[],[],,,,,,0
959,35446,894,812eecf7-28ed-4b55-9b76-fe8e37b3f5ae,35463,35464,35469,[315],[35470],pass,30.643,73.012,73.01,42.366,0
960,35621,757,8312fb07-8a2f-4c07-843f-6d9a448557cc,35638,35639,35647,[316],[35648],pass,67.15,113.795,113.793,46.643,0
970,35910,949,6c7f3509-95c6-4f53-a1ce-d274026d06aa,,,,[],[],,,,,,0
971,35944,931,894e38ad-c46c-4d90-936c-30984010feb2,36007,36008,36015,[319],[36016],pass,358.224,389.293,389.292,31.067,0
977,36411,943,885e0205-fba1-4604-9fba-a1e532a17b47,,,,[],[],,,,,,0
978,36414,950,5b2ef9e0-ef84-4f11-b90f-433de2a61630,36473,36474,36498,[322],[36499],pass,95.022,146.173,146.172,51.15,0
979,36559,807,e74b49a8-7927-4075-bba1-be0c706cb5fa,36665,36666,36672,[323],[36673],pass,124.901,166.69,166.687,41.785,0
998,37150,947,defb1da1-9bd4-4797-98d6-f8847c5b1ac5,37215,37216,37240,[330],[37241],pass,68.078,123.775,123.773,55.694,0
999,37152,947,defb1da1-9bd4-4797-98d6-f8847c5b1ac5,,,,[],[],,,,,,0
1000,37271,980,1a52bd46-f6d9-414b-9514-f833d6d64b6d,,,,[],[],,,,,,0
1001,37327,872,bf67ed21-1dd1-4d2f-8dd5-a33752bee41f,37347,37348,37369,[331],[37370],pass,51.344,118.913,118.912,67.567,0
1002,37500,991,4ea4d3c2-8a63-49cd-8d8d-c1be0b537f54,,,,[],[],,,,,,0
1003,37610,981,c05a0c89-ec05-43de-92c6-1fdf04d58ce4,,,,[],[],,,,,,0
1004,37739,992,e613355c-9490-49e7-9f30-f1d73f7bfae4,37758,37759,37781,[332],[37782],pass,60.138,134.409,134.409,74.271,0
1005,37923,994,fc4fa78e-5782-4c70-bde1-19a286945b3c,,,,[],[],,,,,,0
1006,37928,948,793b972d-3b3c-4dd5-81d9-a6c76261d1de,37969,37970,37981,[333],[37982],pass,119.864,271.247,271.246,151.381,0
1007,38114,963,96fe006c-b80c-420d-b4f5-9b584aba6ebc,,,,[],[],,,,,,0
1008,38182,954,8d708c09-8914-4bc7-8841-df72deb45b09,38204,38205,38254,[334],[38255],pass,66.089,522.205,522.203,456.114,0
1009,38227,679,cf6eae45-6f25-4c96-947e-4078b1e7a57c,,,,[],[],,,,,,0
1010,38229,679,cf6eae45-6f25-4c96-947e-4078b1e7a57c,,,,[],[],,,,,,0
1011,38304,964,7b293dc6-6973-450d-9357-e18f64cf8943,38311,38312,38318,[335],[38319],pass,65.073,97.553,97.552,32.478,0
1012,38375,996,fa28859a-c728-4ba7-b142-c5e25c540193,,,,[],[],,,,,,0
1013,38454,982,75f6862a-4ed1-479e-bd30-adae8a09c916,38467,38468,38476,[336],[38477],pass,48.011,79.276,79.274,31.262,0
1014,38456,982,75f6862a-4ed1-479e-bd30-adae8a09c916,,,,[],[],,,,,,0
1015,38492,870,66983421-7494-4777-9260-03a8c30cf51e,38541,38544,38574,[337],[38576],pass,155.935,224.189,224.175,68.234,0
1016,38494,870,66983421-7494-4777-9260-03a8c30cf51e,,,,[],[],,,,,,0
1017,38496,870,66983421-7494-4777-9260-03a8c30cf51e,38543,38545,38575,[337],[38576],pass,155.938,224.186,224.183,68.245,0
1018,38685,722,ee8e7437-561a-4ada-b8c5-c6c4b6f04237,38700,38701,38708,[338],[38709],pass,128.51,154.404,154.403,25.893,0
1019,38687,722,ee8e7437-561a-4ada-b8c5-c6c4b6f04237,,,,[],[],,,,,,0
1020,39050,907,bca71dab-2b7b-4f00-8409-c272c2ed9f62,39076,39079,39090,[339],[39092],pass,107.159,142.98,142.973,35.806,0
1021,39052,907,bca71dab-2b7b-4f00-8409-c272c2ed9f62,39078,39080,39091,[339],[39092],pass,107.166,142.979,142.977,35.811,0
1022,39140,886,9b9d5bcd-73f6-4d08-b99e-25fdd7a09568,40046,40047,40053,[347],[40054],pass,7072.29,7106.244,7106.243,33.951,0
1023,39142,886,9b9d5bcd-73f6-4d08-b99e-25fdd7a09568,40069,40070,40083,[348],[40084],pass,7251.457,7328.97,7328.966,77.508,0
1024,39200,965,b72a6029-72e9-4929-960b-f3587970e473,,,,[],[],,,,,,0
1025,39202,965,b72a6029-72e9-4929-960b-f3587970e473,39257,39260,39345,[340],[39347],pass,156.2,758.776,758.767,602.56,0
1026,39204,965,b72a6029-72e9-4929-960b-f3587970e473,39259,39261,39346,[340],[39347],pass,156.207,758.776,758.773,602.566,0
1027,39206,965,b72a6029-72e9-4929-960b-f3587970e473,,,,[],[],,,,,,0
1028,39209,930,806002b7-1566-47e2-a530-ba6381a668cf,40104,40105,40129,[350],[40130],pass,6889.803,6926.55,6926.549,36.743,0
1029,39313,927,95feb547-c5b7-4fe5-8f8a-38cefe7f2138,,,,[],[],,,,,,0
1030,39373,932,e37f0e8c-9e97-44c7-9c73-af82ac5e1f1e,40108,40109,40143,[351],[40144],pass,6115.553,6205.319,6205.316,89.762,0
1031,39375,932,e37f0e8c-9e97-44c7-9c73-af82ac5e1f1e,,,,[],[],,,,,,0
1032,39377,932,e37f0e8c-9e97-44c7-9c73-af82ac5e1f1e,,,,[],[],,,,,,0
1033,39379,932,e37f0e8c-9e97-44c7-9c73-af82ac5e1f1e,,,,[],[],,,,,,0
1034,39381,932,e37f0e8c-9e97-44c7-9c73-af82ac5e1f1e,40166,40167,40182,[354],[40183],pass,6256.993,6300.138,6300.136,43.142,0
1035,39383,932,e37f0e8c-9e97-44c7-9c73-af82ac5e1f1e,,,,[],[],,,,,,0
1036,39509,946,b5bf072b-3839-43f6-81ac-22045298b3c4,39633,39634,39639,[341],[39640],pass,1946.188,2015.395,2015.377,69.188,0
1037,39511,946,b5bf072b-3839-43f6-81ac-22045298b3c4,,,,[],[],,,,,,0
1038,39513,946,b5bf072b-3839-43f6-81ac-22045298b3c4,,,,[],[],,,,,,0
1040,39750,953,4848ccab-fdf9-4740-b04a-e36b53a495b1,,,,[],[],,,,,,0
1041,39752,953,4848ccab-fdf9-4740-b04a-e36b53a495b1,39798,39803,39875,[343],[39878],pass,134.062,464.384,464.369,330.288,0
1042,39754,953,4848ccab-fdf9-4740-b04a-e36b53a495b1,39800,39804,39876,[343],[39878],pass,134.068,464.383,464.374,330.294,0
1043,39756,953,4848ccab-fdf9-4740-b04a-e36b53a495b1,39802,39805,39877,[343],[39878],pass,134.078,464.382,464.379,330.3,0
1044,39759,975,d4131c09-7209-431f-835b-24cd7105c886,39923,39934,39964,[345],[39970],pass,578.62,681.814,681.443,102.763,0
1045,39761,975,d4131c09-7209-431f-835b-24cd7105c886,39925,39935,39965,[345],[39970],pass,578.624,681.811,681.447,102.77,0
1046,39763,975,d4131c09-7209-431f-835b-24cd7105c886,39927,39936,39966,[345],[39970],pass,578.633,681.81,681.454,102.778,0
1047,39765,975,d4131c09-7209-431f-835b-24cd7105c886,39929,39937,39967,[345],[39970],pass,578.64,681.809,681.639,102.964,0
1048,39767,975,d4131c09-7209-431f-835b-24cd7105c886,39931,39938,39968,[345],[39970],pass,578.652,681.808,681.653,102.979,0
1049,39769,975,d4131c09-7209-431f-835b-24cd7105c886,39933,39939,39969,[345],[39970],pass,578.635,681.77,681.621,102.985,0
1051,40001,983,68160606-b8be-4da9-9250-b71872f059b1,40025,40026,40036,[346],[40037],pass,107.288,125.625,125.622,18.334,0
1052,40003,983,68160606-b8be-4da9-9250-b71872f059b1,40078,40079,40110,[349],[40115],pass,334.293,442.318,442.283,107.99,0
1053,40270,967,7b08531b-ec4c-4496-a8d4-b2c1a07cdccf,40318,40319,40326,[355],[40327],pass,223.911,289.832,289.83,65.918,0
1054,40272,967,7b08531b-ec4c-4496-a8d4-b2c1a07cdccf,,,,[],[],,,,,,0
1055,40513,834,75969620-d084-4716-abc9-cd29ebcebbf9,,,,[],[],,,,,,0
1056,40575,1045,d479ca76-6263-4cd3-a62e-bc266dff09e8,,,,[],[],,,,,,0
1057,40577,1045,d479ca76-6263-4cd3-a62e-bc266dff09e8,,,,[],[],,,,,,0
1058,40579,1045,d479ca76-6263-4cd3-a62e-bc266dff09e8,40670,40671,40771,[357],[40772],pass,491.682,893.898,893.897,402.214,0
1059,40588,1044,31743dd7-b074-4417-919b-579b272856aa,40660,40663,40863,[356],"[40762, 40865]",revise,101.387,421.706,788.214,686.82,1
1060,40590,1044,31743dd7-b074-4417-919b-579b272856aa,40662,40664,40864,[356],"[40762, 40865]",revise,101.392,421.704,788.215,686.823,1
1068,40846,966,d6304a5a-82ab-4668-9d2f-199b8766e605,,,,[],[],,,,,,0
1069,40848,966,d6304a5a-82ab-4668-9d2f-199b8766e605,,,,[],[],,,,,,0
1070,40996,997,9626ce5a-fb55-423b-ab72-ac8285f56360,,,,[],[],,,,,,0
1071,40998,997,9626ce5a-fb55-423b-ab72-ac8285f56360,,,,[],[],,,,,,0
1072,41000,997,9626ce5a-fb55-423b-ab72-ac8285f56360,,,,[],[],,,,,,0
1073,41002,997,9626ce5a-fb55-423b-ab72-ac8285f56360,41056,41059,,[359],[41137],revise,143.296,686.502,,,1
1074,41004,997,9626ce5a-fb55-423b-ab72-ac8285f56360,41058,41060,41175,"[359, 361]","[41137, 41176]",revise,143.301,686.5,798.806,655.505,1
1075,41079,1046,156d8ba9-31a8-4561-82e9-73a2f2ed9f3c,41149,41150,41167,[360],[41168],pass,93.384,147.175,147.169,53.784,0
1076,41081,1046,156d8ba9-31a8-4561-82e9-73a2f2ed9f3c,,,,[],[],,,,,,0
1077,41308,1049,3249d68e-a6ed-4ed2-802b-76f3b0c136ac,41351,41358,41372,[362],[41376],pass,95.09,144.339,144.314,49.193,0
1078,41310,1049,3249d68e-a6ed-4ed2-802b-76f3b0c136ac,41353,41359,41373,[362],[41376],pass,95.099,144.337,144.323,49.204,0
1079,41312,1049,3249d68e-a6ed-4ed2-802b-76f3b0c136ac,41355,41360,41374,[362],[41376],pass,95.101,144.33,144.321,49.209,0
1080,41314,1049,3249d68e-a6ed-4ed2-802b-76f3b0c136ac,41357,41361,41375,[362],[41376],pass,95.111,144.329,144.325,49.214,0
1081,41440,835,f55a9da8-8100-4893-b9da-e8ad168e4ac2,,,,[],[],,,,,,0
1082,41442,835,f55a9da8-8100-4893-b9da-e8ad168e4ac2,,,,[],[],,,,,,0
1083,41488,910,8ca4c8db-382a-4074-8fbf-546ff0276d84,,,,[],[],,,,,,0
1084,41490,910,8ca4c8db-382a-4074-8fbf-546ff0276d84,,,,[],[],,,,,,0
1085,41578,1061,7aa42335-a9de-4424-8648-7906d16584b4,41596,41597,41603,[363],[41604],pass,67.944,91.416,91.415,23.471,0
1086,41670,1062,0a11359e-506c-413a-adf4-484b08765886,41699,41702,41710,[364],[41712],pass,115.276,156.765,156.756,41.474,0
1087,41672,1062,0a11359e-506c-413a-adf4-484b08765886,41701,41703,41711,[364],[41712],pass,115.281,156.764,156.761,41.48,0
1088,41885,843,0d6c3d18-f1f1-4b46-9471-2c29ba6d754d,,,,[],[],,,,,,0
1089,41887,843,0d6c3d18-f1f1-4b46-9471-2c29ba6d754d,41917,41918,41926,[365],[41927],pass,63.941,127.841,127.835,63.894,0
1090,41889,843,0d6c3d18-f1f1-4b46-9471-2c29ba6d754d,,,,[],[],,,,,,0
1091,42091,1063,3c31d374-46bd-4d4e-9edc-627174285028,42135,42136,42142,[366],[42143],pass,153.577,188.616,188.611,35.034,0
1092,42186,925,1cb5bc97-fffb-4840-a0ff-b6af2d215029,,,,[],[],,,,,,0
1093,42304,923,b270c53b-8029-48c4-9a64-9af2e0163531,,,,[],[],,,,,,0
1094,42345,1064,79d0397a-11da-4a08-a1aa-fad5f81218e1,,,,[],[],,,,,,0
1095,42347,1064,79d0397a-11da-4a08-a1aa-fad5f81218e1,42381,42382,42389,[367],[42390],pass,81.476,116.784,116.782,35.306,0
1096,42524,1043,27424c87-006a-4d9f-bb14-d51d56fee610,42545,42548,42557,[368],[42559],pass,53.917,86.391,86.381,32.458,0
1097,42526,1043,27424c87-006a-4d9f-bb14-d51d56fee610,42547,42549,42558,[368],[42559],pass,53.92,86.389,86.386,32.465,0
1101,42664,1066,516e623c-d571-44e2-9f4e-2b8e34905429,,,,[],[],,,,,,0
1102,42693,820,cdcc8000-19a6-408d-92f9-015bfca816ba,43019,43022,43157,[374],[43159],pass,19175.764,35316.197,35316.183,16140.414,0
1103,42695,820,cdcc8000-19a6-408d-92f9-015bfca816ba,42759,42762,42779,[372],[42781],pass,207.711,277.519,277.502,69.787,0
1104,42697,820,cdcc8000-19a6-408d-92f9-015bfca816ba,42761,42763,42780,[372],[42781],pass,207.715,277.519,277.513,69.798,0
1105,42872,984,e6f39804-3b6d-4e2c-a9e4-3a6d2ccfa1ea,,,,[],[],,,,,,0
1106,42874,984,e6f39804-3b6d-4e2c-a9e4-3a6d2ccfa1ea,,,,[],[],,,,,,0
1107,42876,984,e6f39804-3b6d-4e2c-a9e4-3a6d2ccfa1ea,42908,42909,42916,[373],[42917],pass,125.984,210.69,210.682,84.697,0
1108,43106,862,06139bd8-1fb2-4f48-ad17-9e7697c36cc8,,,,[],[],,,,,,0
1109,43213,1085,94bd8a16-be84-4a68-a558-4b18d5fa0e86,43242,43245,43254,[375],[43256],pass,83.235,128.205,128.199,44.96,0
1110,43215,1085,94bd8a16-be84-4a68-a558-4b18d5fa0e86,43244,43246,43255,[375],[43256],pass,83.238,128.204,128.202,44.964,0
1111,43382,1099,2607bcf2-9ef3-40a4-8c12-622597ef804c,43419,43420,43435,[376],[43436],pass,111.961,174.983,174.981,63.02,0
1112,43384,1099,2607bcf2-9ef3-40a4-8c12-622597ef804c,,,,[],[],,,,,,0
1113,43386,1099,2607bcf2-9ef3-40a4-8c12-622597ef804c,,,,[],[],,,,,,0
1114,43449,1065,e0a1afee-7243-4729-9f49-79aef5fd358a,43508,43511,43517,[377],[43519],pass,125.921,187.183,187.166,61.239,0
1115,43451,1065,e0a1afee-7243-4729-9f49-79aef5fd358a,43510,43512,43518,[377],[43519],pass,125.925,187.181,187.177,61.252,0
1116,43666,924,2d272574-cbbc-44cb-b7af-0a536ff843e9,,,,[],[],,,,,,0
1117,43745,1100,c0480993-f9e9-4a81-ade7-b2551b7134f3,43786,43787,43799,[378],[43800],pass,100.119,152.017,152.015,51.896,0
1121,44539,1060,e3683bec-bbad-42b5-9fe0-c7866cc8fe19,46784,46785,46799,[385],[46800],pass,23828.234,23857.163,23857.161,28.926,0
1122,44612,1047,202d2ace-f341-4ae1-a097-df30b034543c,,,,[],[],,,,,,0
1123,44670,1086,1c470287-bcc2-444a-b968-66e7109cd5d4,,,,[],[],,,,,,0
1124,44672,1086,1c470287-bcc2-444a-b968-66e7109cd5d4,44699,44700,44735,[380],"[44708, 44736]",revise,106.08,136.037,208.684,102.604,1
1125,44813,837,69470a02-7455-4e55-9f73-1e63203fd5a5,44848,44853,44903,[381],"[44871, 44906]",revise,136.949,203.88,307.32,170.329,1
1126,44815,837,69470a02-7455-4e55-9f73-1e63203fd5a5,44850,44854,44904,[381],"[44871, 44906]",revise,136.962,203.879,307.333,170.343,1
1127,44817,837,69470a02-7455-4e55-9f73-1e63203fd5a5,,,,[],[],,,,,,0
1128,44819,837,69470a02-7455-4e55-9f73-1e63203fd5a5,44852,44855,44905,[381],"[44871, 44906]",revise,136.982,203.872,307.338,170.355,1
1129,44938,1118,f224de9e-c1f1-4877-b0cb-ba4f01e15474,44985,44986,44999,[383],[45000],pass,94.216,183.948,183.946,89.73,0
1130,44940,1118,f224de9e-c1f1-4877-b0cb-ba4f01e15474,,,,[],[],,,,,,0
1131,45047,1089,4ea8764d-82f5-40a8-9e90-5d33524a1fee,45065,45066,45071,[384],[45072],pass,60.41,93.107,93.105,32.694,0
1132,45108,821,61863ef9-a52c-4060-8d97-a961fdb56743,46923,46924,47130,[389],"[46984, 47131]",revise,18613.735,18708.402,18892.737,279.001,1
1133,45165,1067,ad2a9f09-1eb3-482c-8329-126dbdf35207,,,,[],[],,,,,,0
1134,45255,674,839639e3-7931-4581-bf1c-4779bb2698f4,,,,[],[],,,,,,0
1135,45295,959,84747e0e-ada9-46c2-a325-ec9ba59cbd91,,,,[],[],,,,,,0
1136,45361,976,70deb90c-d41e-4841-8dc7-9ff50a79fc3f,,,,[],[],,,,,,0
1137,45517,1018,e350a613-cca8-45c9-8468-eb8bcb295194,46848,46849,47036,[387],"[46893, 47037]",revise,14670.711,14709.065,14878.108,207.396,1
1138,45587,1048,ba661aa3-ce08-4818-be17-1da6e030bd05,,,,[],[],,,,,,0
1139,45589,1048,ba661aa3-ce08-4818-be17-1da6e030bd05,46819,46820,46829,[386],[46830],pass,13384.27,13405.149,13405.144,20.873,0
1140,45591,1048,ba661aa3-ce08-4818-be17-1da6e030bd05,,,,[],[],,,,,,0
1141,45653,1125,9dd9dc0b-46da-4e18-8063-4ef5971d5a0c,46932,46935,47008,[390],[47010],pass,12974.725,13068.509,13068.501,93.767,0
1142,45655,1125,9dd9dc0b-46da-4e18-8063-4ef5971d5a0c,46934,46936,47009,[390],[47010],pass,12974.732,13068.508,13068.505,93.772,0
1143,45668,622,17b2dec3-f95e-4cff-841f-14875d3d90dd,,,,[],[],,,,,,0
1144,45745,1128,36bb4d19-1a24-430e-bd40-1c10039db109,47024,47025,47092,[391],[47093],pass,11625.478,11704.46,11704.459,78.981,0
1145,45747,1128,36bb4d19-1a24-430e-bd40-1c10039db109,,,,[],[],,,,,,0
1146,45844,629,62e11b5b-7662-4f40-b678-47a0841feac8,47047,47048,47113,[392],[47114],pass,11125.515,11200.905,11200.903,75.388,0
1147,45846,629,62e11b5b-7662-4f40-b678-47a0841feac8,,,,[],[],,,,,,0
1148,45901,749,924b4a60-0e02-4cdd-878b-9ee097d75254,,,,[],[],,,,,,0
1149,46023,797,9e78e1ea-0772-4a06-af9f-4716c5ae25fc,,,,[],[],,,,,,0
1150,46123,859,ab21fc74-a8cc-410d-9bda-4c7e5f8d8370,47172,47177,47214,[394],[47217],pass,8882.432,8938.446,8938.341,55.896,0
1151,46125,859,ab21fc74-a8cc-410d-9bda-4c7e5f8d8370,47174,47178,47215,[394],[47217],pass,8882.43,8938.439,8938.348,55.91,0
1152,46127,859,ab21fc74-a8cc-410d-9bda-4c7e5f8d8370,47176,47179,47216,[394],[47217],pass,8882.436,8938.438,8938.432,55.995,0
1153,46130,864,1e1fe057-759e-4bde-894b-48a50410e909,47148,47149,47158,[393],[47159],pass,8838.811,8857.616,8857.612,18.801,0
1154,46132,864,1e1fe057-759e-4bde-894b-48a50410e909,,,,[],[],,,,,,0
1155,46134,864,1e1fe057-759e-4bde-894b-48a50410e909,,,,[],[],,,,,,0
1156,46226,868,bcd24f98-843c-4d81-8c2e-7163d9334832,47208,47209,47239,[395],[47240],pass,7846.173,7892.114,7892.112,45.938,0
1157,46354,1126,f50bb8be-b48b-408c-bce8-fa09c6cfc66b,,,,[],[],,,,,,0
1158,46356,1126,f50bb8be-b48b-408c-bce8-fa09c6cfc66b,,,,[],[],,,,,,0
1159,46442,971,7f9868f9-9719-411c-ba03-16a07e5046a1,,,,[],[],,,,,,0
1160,46570,1078,e9e9c7e5-464f-4880-94ac-9decd119e6cb,,,,[],[],,,,,,0
1161,46634,960,90f95a99-d242-419a-b2cd-9f27d9283115,47328,47329,47372,[397],"[47341, 47373]",revise,2067.177,2108.707,2206.499,139.321,1
1163,47276,1131,a8c16a68-2348-429a-b8f5-e1a1696e6647,,,,[],[],,,,,,0
1169,47441,978,feda3942-9cec-4a53-b231-11305cea301c,47532,47533,47546,[400],[47547],pass,129.456,154.126,154.122,24.666,0
1170,47452,699,b47b26cd-8e1a-4c3d-a3ad-d573e0cb39e3,,,,[],[],,,,,,0
1171,47454,699,b47b26cd-8e1a-4c3d-a3ad-d573e0cb39e3,47521,47522,47536,[399],[47537],pass,74.913,100.413,100.412,25.498,0
1174,47592,1102,aae100dc-2ff4-4277-b9b9-818a69bac957,47655,47658,47667,[402],[47669],pass,131.207,167.87,167.853,36.631,0
1175,47594,1102,aae100dc-2ff4-4277-b9b9-818a69bac957,47657,47659,47668,[402],[47669],pass,131.221,167.869,167.859,36.638,0
1176,47596,1102,aae100dc-2ff4-4277-b9b9-818a69bac957,,,,[],[],,,,,,0
1177,47739,1120,e7f71ac5-0785-4cf5-b2cd-912edd9a1309,47769,47770,47777,[403],[47778],pass,41.788,81.122,81.12,39.332,0
1178,47837,1104,1323af93-20b4-4bb0-a36b-7c847e5bacbc,,,,[],[],,,,,,0
1179,47839,1104,1323af93-20b4-4bb0-a36b-7c847e5bacbc,47871,47872,47925,[405],"[47895, 47926]",revise,105.396,188.137,331.52,226.124,1
1182,48018,1008,87010ac2-d847-4133-84fa-d8309d834148,,,,[],[],,,,,,0
1183,48020,1008,87010ac2-d847-4133-84fa-d8309d834148,48042,48043,48064,[406],[48065],pass,69.542,133.472,133.47,63.928,0
1184,48097,890,f2929272-5e85-476b-afdc-f0e29398103c,48152,48155,48177,[407],[48179],pass,136.474,211.385,211.373,74.892,0
1185,48099,890,f2929272-5e85-476b-afdc-f0e29398103c,,,,[],[],,,,,,0
1186,48101,890,f2929272-5e85-476b-afdc-f0e29398103c,48154,48156,48178,[407],[48179],pass,136.479,211.383,211.378,74.899,0
1187,48103,890,f2929272-5e85-476b-afdc-f0e29398103c,,,,[],[],,,,,,0
1188,48236,1162,314a9d7b-dae7-4d17-8afe-bfeebbb436a8,48337,48344,48374,[408],[48378],pass,1027.261,1126.495,1126.472,99.197,0
1189,48238,1162,314a9d7b-dae7-4d17-8afe-bfeebbb436a8,48339,48345,48375,[408],[48378],pass,1027.265,1126.494,1126.479,99.205,0
1190,48240,1162,314a9d7b-dae7-4d17-8afe-bfeebbb436a8,48341,48346,48376,[408],[48378],pass,1027.268,1126.493,1126.483,99.21,0
1191,48242,1162,314a9d7b-dae7-4d17-8afe-bfeebbb436a8,48343,48347,48377,[408],[48378],pass,1027.27,1126.49,1126.486,99.216,0
1192,48255,1096,b1adcaab-f8f5-497d-bf8e-c254f991d54c,,,,[],[],,,,,,0
1193,48499,1058,c6ef5297-f626-41a8-ac91-97cccd00e2f7,48523,48524,48531,[409],[48532],pass,174.259,241.071,241.069,66.809,0
1194,48555,1165,c5df0e0a-12ce-4983-8de5-3b76fa016ff5,,,,[],[],,,,,,0
1195,48557,1165,c5df0e0a-12ce-4983-8de5-3b76fa016ff5,,,,[],[],,,,,,0
1196,48559,1165,c5df0e0a-12ce-4983-8de5-3b76fa016ff5,,,,[],[],,,,,,0
1197,48643,1050,2d1f5abd-0c40-4cd7-8073-9f0ce058ae9a,49107,49108,49112,[412],[49113],pass,3608.838,3645.073,3645.071,36.232,0
1198,48841,1167,d69f8524-7228-4c25-a075-8da9baa6df04,48863,48864,48871,[410],[48872],pass,86.898,201.983,201.976,115.077,0
1199,48931,1132,c61a6c7f-4de8-448e-8011-2b33b4be4fab,49007,49010,49022,[411],[49024],pass,255.411,293.123,293.111,37.694,0
1200,48933,1132,c61a6c7f-4de8-448e-8011-2b33b4be4fab,49218,49219,58583,[413],"[58503, 58584]",revise,1452.32,162395.598,162556.112,161103.789,1
1201,48935,1132,c61a6c7f-4de8-448e-8011-2b33b4be4fab,,,,[],[],,,,,,0
1202,48937,1132,c61a6c7f-4de8-448e-8011-2b33b4be4fab,49009,49011,49023,[411],[49024],pass,255.413,293.119,293.113,37.7,0
1203,49288,1199,989a0924-9ecb-457f-ae90-59b2164d64c4,,,,[],[],,,,,,0
1205,49359,1174,2e3e25f6-f7cf-48c3-9dec-b264daaa705d,53523,53524,53550,[417],[53551],pass,116899.77,116933.386,116933.385,33.615,0
1210,52742,1206,083c7261-011d-4c3d-9982-c8ae763c1b58,,,,[],[],,,,,,0
1211,53786,1175,7376249b-bb45-4a50-977d-b73dae615e01,,,,[],[],,,,,,0
1212,53788,1175,7376249b-bb45-4a50-977d-b73dae615e01,,,,[],[],,,,,,0
1213,53790,1175,7376249b-bb45-4a50-977d-b73dae615e01,,,,[],[],,,,,,0
1214,53792,1175,7376249b-bb45-4a50-977d-b73dae615e01,,,,[],[],,,,,,0
1227,53984,1202,aa456e2d-c383-4c04-aa46-a17314960a8e,,,,[],[],,,,,,0
1241,54243,1142,e94e23b4-ff84-451a-85fc-e0589f18e82b,,,,[],[],,,,,,0
1243,54532,1028,e12b273b-bd01-4f92-b1d0-7c9efaca9879,,,,[],[],,,,,,0
1244,54534,1028,e12b273b-bd01-4f92-b1d0-7c9efaca9879,,,,[],[],,,,,,0
1245,54537,1111,7b79870a-66a1-4fda-97dc-0298be09d2cd,,,,[],[],,,,,,0
1246,55035,1233,2fbd3f71-1ef2-497a-83c9-00ec70adee5b,55066,55067,55076,[426],[55077],pass,45.409,110.973,110.963,65.554,0
1247,55259,883,546a4be5-f6db-42b0-b03c-6a9a5490d730,57775,57776,57788,[439],[57789],pass,22971.597,23027.869,23027.864,56.267,0
1248,55261,883,546a4be5-f6db-42b0-b03c-6a9a5490d730,57798,57799,57880,[441],[57881],pass,23061.578,23123.078,23123.076,61.497,0
1249,55263,883,546a4be5-f6db-42b0-b03c-6a9a5490d730,,,,[],[],,,,,,0
1250,55382,1222,d0d9ee5b-afc9-471b-9b77-7db41d095529,,,,[],[],,,,,,0
1251,55470,1228,b65138e4-7ffd-46c0-8a72-35788a264755,,,,[],[],,,,,,0
1252,55644,1234,00887e59-fa3a-4783-821a-c46afa98a88c,,,,[],[],,,,,,0
1253,55646,1234,00887e59-fa3a-4783-821a-c46afa98a88c,,,,[],[],,,,,,0
1254,55648,1234,00887e59-fa3a-4783-821a-c46afa98a88c,55699,55702,55716,[427],[55718],pass,102.459,173.107,173.092,70.62,0
1255,55650,1234,00887e59-fa3a-4783-821a-c46afa98a88c,55701,55703,55717,[427],[55718],pass,102.472,173.107,173.104,70.632,0
1256,55755,1230,5b7e2393-1023-4961-84f0-a2051cb2a593,,,,[],[],,,,,,0
1257,55898,1235,2afccf36-0922-465b-81d0-73a8f890886a,,,,[],[],,,,,,0
1258,55946,1231,6fc26402-9610-4ccc-9cad-f7eac4c7344c,,,,[],[],,,,,,0
1259,55948,1231,6fc26402-9610-4ccc-9cad-f7eac4c7344c,,,,[],[],,,,,,0
1260,56133,1242,8375e094-f794-43ad-95a8-c67c8d3c9836,56171,56172,56192,[428],[56193],pass,79.875,169.158,169.156,89.281,0
1261,56227,1079,a0ccef76-40ec-47b4-bb72-89dad4a9df51,56266,56269,56277,[429],[56279],pass,64.31,114.267,114.259,49.944,0
1262,56229,1079,a0ccef76-40ec-47b4-bb72-89dad4a9df51,56268,56270,56278,[429],[56279],pass,64.315,114.267,114.264,49.949,0
1263,56353,1186,0d660335-4182-4a48-83ca-96d07e3cacd0,,,,[],[],,,,,,0
1264,56387,1184,0a24b223-3b73-4f1e-a311-6470329ac8e0,56408,56409,56416,[430],[56417],pass,103.711,177.752,177.75,74.039,0
1265,56735,1239,2d20c6cb-8270-4923-a341-f8e95e792874,56861,56868,56933,[431],[56937],pass,433.463,728.621,728.575,295.086,0
1266,56737,1239,2d20c6cb-8270-4923-a341-f8e95e792874,56863,56869,56934,[431],[56937],pass,433.47,728.62,728.589,295.101,0
1267,56739,1239,2d20c6cb-8270-4923-a341-f8e95e792874,,,,[],[],,,,,,0
1268,56741,1239,2d20c6cb-8270-4923-a341-f8e95e792874,,,,[],[],,,,,,0
1269,56743,1239,2d20c6cb-8270-4923-a341-f8e95e792874,56865,56870,56935,[431],[56937],pass,433.478,728.619,728.6,295.113,0
1270,56745,1239,2d20c6cb-8270-4923-a341-f8e95e792874,56867,56871,56936,[431],[56937],pass,433.486,728.619,728.61,295.123,0
1271,56855,1237,34d90fa8-3556-4390-a85f-3524973ed700,,,,[],[],,,,,,0
1272,56857,1237,34d90fa8-3556-4390-a85f-3524973ed700,56925,56926,56982,[432],"[56955, 56983]",revise,206.832,447.255,668.198,461.366,1
1273,57024,1022,4f69bfe8-dc03-4cb3-84e5-c47f0547a1bb,57780,57781,57859,[440],[57860],pass,4911.11,5008.681,5008.664,97.549,0
1274,57026,1022,4f69bfe8-dc03-4cb3-84e5-c47f0547a1bb,57878,57879,57918,[443],[57919],pass,5042.48,5131.677,5131.635,89.154,0
1275,57109,1164,3c5d75eb-06f9-483d-99e1-d3ad022bf0bd,,,,[],[],,,,,,0
1276,57111,1164,3c5d75eb-06f9-483d-99e1-d3ad022bf0bd,57170,57171,57190,[433],[57191],pass,96.092,180.422,180.42,84.327,0
1278,57342,1011,0fdebb98-1375-4f94-8d7a-4634aa83f28f,57382,57383,57425,[435],[57426],pass,65.851,157.507,157.503,91.652,0
1279,57410,1034,1df032d1-460d-418b-adb4-0ae58c9f1419,,,,[],[],,,,,,0
1280,57412,1034,1df032d1-460d-418b-adb4-0ae58c9f1419,,,,[],[],,,,,,0
1281,57414,1034,1df032d1-460d-418b-adb4-0ae58c9f1419,57440,57441,57448,[436],[57449],pass,98.318,137.518,137.516,39.198,0
1282,57416,1034,1df032d1-460d-418b-adb4-0ae58c9f1419,,,,[],[],,,,,,0
1283,57687,1039,e87ccfef-cf34-48a3-a407-8c3cd40ff7ca,57708,57709,57717,[437],[57718],pass,51.789,150.673,150.671,98.882,0
1286,57915,824,9335785c-d876-4c51-b684-d154ce76ce08,57933,57934,57967,[444],[57968],pass,72.106,275.685,275.68,203.574,0
1287,57954,1114,fd0231fe-fde5-409c-8129-259f987150cd,,,,[],[],,,,,,0
1291,58018,1137,a9d7f0e1-a2ca-419b-907b-4c59de6af6ab,,,,[],[],,,,,,0
1292,58094,1146,785decb9-9268-4b28-a2c8-c9b14c26709c,,,,[],[],,,,,,0
1293,58130,1080,8b047e26-ba81-482b-9392-89d07543fa29,58253,58254,58280,[447],[58281],pass,408.321,454.575,454.573,46.251,0
1294,58204,1077,da7a64f3-83c0-4f88-9855-fe39523c2712,,,,[],[],,,,,,0
1295,58206,1077,da7a64f3-83c0-4f88-9855-fe39523c2712,58273,58274,58290,[448],[58291],pass,110.025,153.192,153.19,43.165,0
1296,58374,1139,753beddd-3f3d-4a24-9806-ce02fa011dc8,,,,[],[],,,,,,0
1297,58400,1117,7f8456e1-d85d-4328-b356-8c610b05de10,,,,[],[],,,,,,0
1298,58402,1117,7f8456e1-d85d-4328-b356-8c610b05de10,,,,[],[],,,,,,0
1299,58404,1117,7f8456e1-d85d-4328-b356-8c610b05de10,,,,[],[],,,,,,0
1301,58456,1169,6bb6b3b5-864e-48f2-ad42-3a650bd751cf,,,,[],[],,,,,,0
1302,58469,1171,73cd7efb-15df-436d-8854-dd1d343638e9,,,,[],[],,,,,,0
1303,58642,1150,20d846a8-8975-480a-8372-d13cf61360a8,,,,[],[],,,,,,0
1304,58666,889,3c9bbaa0-42b8-4d7c-a3a5-70c48de9856d,,,,[],[],,,,,,0
1305,58668,889,3c9bbaa0-42b8-4d7c-a3a5-70c48de9856d,,,,[],[],,,,,,0
1306,58670,889,3c9bbaa0-42b8-4d7c-a3a5-70c48de9856d,,,,[],[],,,,,,0
1307,58693,608,59de44a2-4f95-410b-94ee-be44b149099c,,,,[],[],,,,,,0
1308,58736,871,ad22a4eb-d4ae-47e1-9df8-fbcb4fcbb25d,,,,[],[],,,,,,0
1309,58751,1059,6ca49051-809f-46ba-bf6b-889c017dd592,,,,[],[],,,,,,0
1313,58975,1207,632a4d51-af87-47a4-b419-fc2087496ce5,,,,[],[],,,,,,0
1314,58977,1207,632a4d51-af87-47a4-b419-fc2087496ce5,,,,[],[],,,,,,0
1315,58979,1207,632a4d51-af87-47a4-b419-fc2087496ce5,59426,59427,59437,[456],[59438],pass,5233.558,5282.506,5282.505,48.945,0
1316,59088,451,2893dc54-2218-40ee-93a7-8d8835ae7c94,59141,59152,59177,[454],[59183],pass,122.505,181.73,181.669,59.14,0
1317,59090,451,2893dc54-2218-40ee-93a7-8d8835ae7c94,59143,59153,59178,[454],[59183],pass,122.509,181.73,181.676,59.147,0
1318,59092,451,2893dc54-2218-40ee-93a7-8d8835ae7c94,59145,59154,59179,[454],[59183],pass,122.515,181.729,181.681,59.153,0
1319,59094,451,2893dc54-2218-40ee-93a7-8d8835ae7c94,59147,59155,59180,[454],[59183],pass,122.519,181.729,181.688,59.16,0
1320,59096,451,2893dc54-2218-40ee-93a7-8d8835ae7c94,59149,59156,59181,[454],[59183],pass,122.524,181.729,181.695,59.167,0
1321,59098,451,2893dc54-2218-40ee-93a7-8d8835ae7c94,59151,59157,59182,[454],[59183],pass,122.527,181.728,181.709,59.182,0
1322,59222,1236,8542edbf-06e4-4fd1-8f52-14d2b86e7d8c,,,,[],[],,,,,,0
1323,59224,1236,8542edbf-06e4-4fd1-8f52-14d2b86e7d8c,59293,59302,59325,[455],[59330],pass,181.135,246.921,246.887,65.695,0
1324,59226,1236,8542edbf-06e4-4fd1-8f52-14d2b86e7d8c,59295,59303,59326,[455],[59330],pass,181.146,246.921,246.894,65.699,0
1325,59228,1236,8542edbf-06e4-4fd1-8f52-14d2b86e7d8c,,,,[],[],,,,,,0
1326,59230,1236,8542edbf-06e4-4fd1-8f52-14d2b86e7d8c,59297,59304,59327,[455],[59330],pass,181.158,246.919,246.898,65.705,0
1327,59232,1236,8542edbf-06e4-4fd1-8f52-14d2b86e7d8c,,,,[],[],,,,,,0
1328,59234,1236,8542edbf-06e4-4fd1-8f52-14d2b86e7d8c,59299,59305,59328,[455],[59330],pass,181.171,246.918,246.904,65.712,0
1329,59236,1236,8542edbf-06e4-4fd1-8f52-14d2b86e7d8c,59301,59306,59329,[455],[59330],pass,181.187,246.916,246.908,65.717,0
1330,59358,1053,4aa1430a-913f-4884-b496-5be956470d96,,,,[],[],,,,,,0
1331,59563,1098,fb9ba422-9b2c-4ebe-ad1d-642af0bbe79c,,,,[],[],,,,,,0
1332,59603,1021,62f3a648-30aa-46e6-a5c1-681667398d6e,59641,59642,59673,[457],[59674],pass,152.562,308.377,308.375,155.813,0
1333,59701,1119,6000103e-2245-4dcf-aa11-756ffd8b7536,59742,59749,59841,[458],"[59791, 59845]",revise,212.646,422.726,657.144,444.474,1
1334,59703,1119,6000103e-2245-4dcf-aa11-756ffd8b7536,59744,59750,59842,[458],"[59791, 59845]",revise,212.654,422.726,657.149,444.479,1
1335,59705,1119,6000103e-2245-4dcf-aa11-756ffd8b7536,59746,59751,59843,[458],"[59791, 59845]",revise,212.661,422.725,657.153,444.484,1
1336,59707,1119,6000103e-2245-4dcf-aa11-756ffd8b7536,59748,59752,59844,[458],"[59791, 59845]",revise,212.669,422.725,657.157,444.488,1
1337,59888,1129,b2174d09-5dfc-4351-83b3-5140b32e39fe,59909,59910,59938,[459],[59939],pass,99.985,210.988,210.984,110.999,0
1338,60019,1218,789047f1-2c00-4287-a473-3616677e1b19,60071,60074,60092,[460],[60094],pass,98.064,227.681,227.646,129.572,0
1339,60021,1218,789047f1-2c00-4287-a473-3616677e1b19,60073,60075,60093,[460],[60094],pass,98.07,227.677,227.67,129.599,0
1341,60135,1208,e94f55e2-3ba4-430a-8862-64028f1eaaa2,,,,[],[],,,,,,0
1342,60235,1200,732f927d-1fd4-488e-9d19-52e4e23b79d0,60254,60255,60261,[462],[60262],pass,66.547,197.433,197.429,130.881,0
1343,60322,1219,bbc93102-328e-499a-afb9-2cd056b70bcc,,,,[],[],,,,,,0
1344,60571,1023,5328601b-11ed-451e-b732-f4b38036d4d4,60684,60685,60766,[464],[60711],concern,1753.486,2151.169,4595.474,2841.986,0
1345,60573,1023,5328601b-11ed-451e-b732-f4b38036d4d4,60681,60682,60696,[463],[60697],pass,1750.667,1887.644,1887.636,136.968,0
1346,60798,1017,ef1acb79-2872-4307-a861-c4798edbb7ff,,,,[],[],,,,,,0
1347,60837,1220,4e133ab6-4174-4927-b7b2-68e6e7db1787,,,,[],[],,,,,,0
1348,60839,1220,4e133ab6-4174-4927-b7b2-68e6e7db1787,,,,[],[],,,,,,0
1349,60894,1215,7a664310-8442-4bd9-b6e1-52319f2f2cab,,,,[],[],,,,,,0
1350,60896,1215,7a664310-8442-4bd9-b6e1-52319f2f2cab,60968,60969,60992,[465],[60993],pass,179.218,264.55,264.547,85.328,0
1351,60914,961,357172fe-31b4-4ff0-9e0a-3cbb414db1d0,61009,61014,61118,[466],"[61073, 61121]",revise,343.915,532.681,692.294,348.368,1
1352,60916,961,357172fe-31b4-4ff0-9e0a-3cbb414db1d0,61011,61015,61119,[466],"[61073, 61121]",revise,343.919,532.68,692.301,348.376,1
1353,60918,961,357172fe-31b4-4ff0-9e0a-3cbb414db1d0,,,,[],[],,,,,,0
1354,60920,961,357172fe-31b4-4ff0-9e0a-3cbb414db1d0,61013,61016,61120,[466],"[61073, 61121]",revise,343.923,532.678,692.311,348.388,1
1355,60922,961,357172fe-31b4-4ff0-9e0a-3cbb414db1d0,,,,[],[],,,,,,0
1356,61173,1221,268b75a7-4d80-4fdf-9474-24fe95c8b80f,,,,[],[],,,,,,0
1357,61176,1340,eecb5fa8-d16f-4a40-8881-4fffc0b345b1,,,,[],[],,,,,,0
1358,61178,1340,eecb5fa8-d16f-4a40-8881-4fffc0b345b1,,,,[],[],,,,,,0
1359,61194,968,9c4e96bf-ddf5-406d-8b43-f6fd7c9cde9e,61245,61246,61618,[467],[61305],concern,150.278,694.207,4843.198,4692.92,0
1360,61595,1274,0639576b-52f4-4575-8414-cde10482d234,61933,61936,62043,[469],[61984],concern,3319.859,3464.279,4109.259,789.39,0
1361,61597,1274,0639576b-52f4-4575-8414-cde10482d234,61935,61937,62044,[469],[61984],concern,3319.867,3464.278,4109.271,789.402,0
1362,61678,1141,6413b16f-2e1f-439e-a048-2d983711cc88,,,,[],[],,,,,,0
1363,61687,1272,33daa379-e0c4-410d-b4d5-61d76f354d07,,,,[],[],,,,,,0
1364,61689,1272,33daa379-e0c4-410d-b4d5-61d76f354d07,61740,61741,61750,[468],[61751],pass,246.472,487.629,487.625,241.152,0
1365,61857,969,0666ca17-d830-4b34-af5d-e4f5d7d7f003,,,,[],[],,,,,,0
1366,61907,1333,571b7613-8d9d-4eef-b38a-a5fe3f289e9b,,,,[],[],,,,,,0
1367,61909,1333,571b7613-8d9d-4eef-b38a-a5fe3f289e9b,,,,[],[],,,,,,0
1375,62029,1273,ff314f71-f511-4735-a826-6fb1983c0e87,,,,[],[],,,,,,0
1376,62150,1300,d0176e89-f2ae-40b2-aa18-05e002018f89,62204,62205,62222,[471],[62223],pass,450.495,678.894,678.887,228.39,0
1377,62159,1255,33ee1eb3-8752-49f5-9a28-fc94b2bbca36,,,,[],[],,,,,,0
1379,62433,1370,da215c20-820b-4a1b-bcaa-a8327fd7f9a9,62478,62479,62573,[476],"[62490, 62574]",revise,222.211,434.282,755.334,533.123,1
1380,62435,1370,da215c20-820b-4a1b-bcaa-a8327fd7f9a9,,,,[],[],,,,,,0
1381,62518,1368,1e2734f7-f5bf-4efc-9586-0ca83c8b997f,62567,62568,62683,[477],"[62597, 62630, 62684]",revise,176.482,425.316,907.061,730.578,2
1382,62732,1369,57151b60-d708-4c4b-9edc-a37573e7909c,62811,62818,62859,[479],[62863],pass,261.151,486.133,486.113,224.932,0
1383,62734,1369,57151b60-d708-4c4b-9edc-a37573e7909c,62813,62819,62860,[479],[62863],pass,261.163,486.132,486.119,224.939,0
1384,62736,1369,57151b60-d708-4c4b-9edc-a37573e7909c,62815,62820,62861,[479],[62863],pass,261.171,486.131,486.123,224.944,0
1385,62738,1369,57151b60-d708-4c4b-9edc-a37573e7909c,62817,62821,62862,[479],[62863],pass,261.178,486.13,486.126,224.947,0
1386,62742,1318,6f7ea894-b95f-4f36-93ba-97d6d1ce3dc9,62790,62791,62874,[478],"[62823, 62875]",revise,129.896,261.796,567.958,438.061,1
1387,62744,1318,6f7ea894-b95f-4f36-93ba-97d6d1ce3dc9,,,,[],[],,,,,,0
1388,63008,1371,726e286b-dd83-4ca6-b739-d0a42a9a4282,,,,[],[],,,,,,0
1389,63051,1317,ea40dfd5-af06-4794-8be9-a6d5e7e69627,63083,63084,63113,[480],[63116],pass,108.665,320.148,320.135,211.47,0
1390,63133,1289,e5c4ea89-17f8-4a5a-8754-d1b568b1332a,,,,[],[],,,,,,0
1391,63135,1289,e5c4ea89-17f8-4a5a-8754-d1b568b1332a,63194,63195,63231,[482],[63232],pass,184.667,378.306,378.304,193.636,0
1392,63399,1316,c4c4405b-1348-4f83-be20-96864f3afd5d,63435,63436,63447,[483],[63450],pass,161.217,365.462,365.44,204.222,0
1393,63401,1316,c4c4405b-1348-4f83-be20-96864f3afd5d,,,,[],[],,,,,,0
1411,64026,1372,eebaca9b-ebfd-4104-b22e-8091905c2951,64075,64076,64466,[493],[64467],pass,137.376,3257.012,3257.006,3119.629,0
1419,64175,1290,8dcd7775-f024-41e5-931b-153b51f134e0,,,,[],[],,,,,,0
1424,64205,1389,4ea3a630-3fbb-43e1-8e03-b97274756187,64289,64290,64983,[497],"[64645, 64984]",revise,393.996,1922.841,3498.42,3104.423,1
1426,64507,648,baeccaaa-dbf7-4d3c-b44b-443060b5207b,64561,64564,64875,[498],[64877],pass,173.159,1374.04,1374.014,1200.841,0
1427,64509,648,baeccaaa-dbf7-4d3c-b44b-443060b5207b,64563,64565,64876,[498],[64877],pass,173.17,1374.037,1374.025,1200.855,0
1431,64687,1404,33295215-1be3-4c59-9898-175f15ec3264,,,,[],[],,,,,,0
1432,64689,1404,33295215-1be3-4c59-9898-175f15ec3264,,,,[],[],,,,,,0
1445,65023,1425,50fddc19-7259-47e3-a197-f19438df7619,,,,[],[],,,,,,0
1446,65026,1407,bd95bae3-616a-4e62-a26b-a837c31fb36f,,,,[],[],,,,,,0
1447,65028,1407,bd95bae3-616a-4e62-a26b-a837c31fb36f,,,,[],[],,,,,,0
1448,65030,1407,bd95bae3-616a-4e62-a26b-a837c31fb36f,,,,[],[],,,,,,0
1449,65062,1394,6a834127-73e9-4b03-9c68-5d45c66f2163,,,,[],[],,,,,,0
1450,65064,1394,6a834127-73e9-4b03-9c68-5d45c66f2163,65121,65122,65436,[502],"[65157, 65437]",revise,391.97,731.623,1379.414,987.444,1
1464,65301,1401,5f471151-8eb7-4bc2-ac0b-1e1294ae69d1,65382,65383,65810,[510],[65811],pass,107.47,1858.6,1858.598,1751.127,0
1465,65303,1401,5f471151-8eb7-4bc2-ac0b-1e1294ae69d1,,,,[],[],,,,,,0
1466,66422,724,02edf3a8-1e69-443e-80b6-ce8f830a8572,66461,66464,66543,[526],"[66515, 66545]",revise,183.184,605.689,756.601,573.401,1
1467,66424,724,02edf3a8-1e69-443e-80b6-ce8f830a8572,66463,66465,66544,[526],"[66515, 66545]",revise,183.198,605.688,756.624,573.425,1
1468,66607,627,a38a2691-67b0-4a48-bb69-bc2c556a9634,66670,66671,66683,[527],[66684],pass,136.134,281.309,281.306,145.172,0
1469,66609,627,a38a2691-67b0-4a48-bb69-bc2c556a9634,,,,[],[],,,,,,0
1470,66652,1453,bea024b2-2c8b-4144-a01d-7562622489d3,66692,66693,66717,[528],"[66702, 66718]",revise,170.984,336.918,521.266,350.28,1
1471,66813,1412,16257d7f-bd59-4e75-a397-4c2395f7b503,,,,[],[],,,,,,0
1472,66982,1456,e29f2da8-612f-476c-881e-bf60f88ad1d4,,,,[],[],,,,,,0
1473,67067,1416,b40dbc9d-eb8f-4ae6-b66d-5035e397b29a,,,,[],[],,,,,,0
1474,67069,1416,b40dbc9d-eb8f-4ae6-b66d-5035e397b29a,,,,[],[],,,,,,0
1475,67071,1416,b40dbc9d-eb8f-4ae6-b66d-5035e397b29a,,,,[],[],,,,,,0
1476,67288,1455,c77e93d4-1d71-4920-aa5b-098b9f4deaa0,67319,67320,67344,[529],[67345],pass,129.712,359.052,359.024,229.311,0
1477,67382,1415,8333d781-27b3-4c57-8381-8ded6a925988,,,,[],[],,,,,,0
1478,67528,1391,78bdfc9c-5ed5-4e4b-a6aa-b36b6a2ae139,67552,67553,67607,[530],"[67578, 67608]",revise,139.52,276.946,456.825,317.305,1
1482,68122,1426,c1e7b209-9c1d-46fa-80d0-e5620c73dd1c,68177,68178,68188,[533],[68189],pass,172.416,428.192,428.181,255.764,0
1483,68554,630,371c15a0-5d96-48f8-9b84-091a815d7f2b,68573,68574,68655,[536],[68656],pass,68.525,708.613,708.609,640.083,0
1500,69273,1334,3be848c0-6af6-4d0b-94d9-65f37e594fdf,69300,69303,69346,[541],[69348],pass,55.379,206.498,206.471,151.077,0
1501,69275,1334,3be848c0-6af6-4d0b-94d9-65f37e594fdf,69302,69304,69347,[541],[69348],pass,55.393,206.497,206.487,151.093,0
1502,69277,1334,3be848c0-6af6-4d0b-94d9-65f37e594fdf,,,,[],[],,,,,,0
1503,69320,1458,93222d22-2a7e-48ca-9bc1-a6de8fe6442e,69339,69340,69391,[542],"[69364, 69392]",revise,63.33,282.313,456.708,393.377,1
1514,69463,1310,f0e8b6ab-6aa1-4080-9784-2e3d59648b28,69517,69520,69717,[544],"[69590, 69719]",revise,117.201,614.788,1101.349,984.136,1
1515,69465,1310,f0e8b6ab-6aa1-4080-9784-2e3d59648b28,69519,69521,69718,[544],"[69590, 69719]",revise,117.211,614.787,1101.37,984.158,1
1517,69695,1319,8cf5ae79-9fde-4b98-a4fe-d38360ae379c,,,,[],[],,,,,,0
1529,70061,1516,e42e7305-9dab-48a0-a999-588631463a91,70903,70904,70962,[552],[70963],pass,4001.533,4162.216,4162.214,160.681,0
1530,70065,1422,5667034f-63af-46ae-9e1c-5d3066515cd4,,,,[],[],,,,,,0
1531,70632,1457,b06a1265-90b6-414b-8c33-3062d26915a7,70659,70660,70712,[550],"[70675, 70713]",revise,41.736,124.372,231.751,190.015,1
1532,70634,1457,b06a1265-90b6-414b-8c33-3062d26915a7,,,,[],[],,,,,,0
1534,70800,1405,05efd4f3-2809-406d-aaa9-a2f239de5538,,,,[],[],,,,,,0
1535,70802,1405,05efd4f3-2809-406d-aaa9-a2f239de5538,,,,[],[],,,,,,0
1536,70804,1405,05efd4f3-2809-406d-aaa9-a2f239de5538,,,,[],[],,,,,,0
1537,71050,1423,f7d0d744-913d-44fa-9cad-32ea792d10a2,,,,[],[],,,,,,0
1541,71500,1396,aa9fa5aa-3477-45e9-97d4-897af00d711b,,,,[],[],,,,,,0
1542,71502,1396,aa9fa5aa-3477-45e9-97d4-897af00d711b,,,,[],[],,,,,,0
1543,71504,1396,aa9fa5aa-3477-45e9-97d4-897af00d711b,,,,[],[],,,,,,0
1544,71587,1433,aa91a7cb-0c71-4d5f-a8ce-85a4008fedcc,71622,71623,71847,[558],"[71724, 71848]",revise,68.739,323.893,593.471,524.731,1
1562,72511,1395,20a43f22-ab42-4d93-8af6-b6a758a089fa,,,,[],[],,,,,,0
1563,72513,1395,20a43f22-ab42-4d93-8af6-b6a758a089fa,72691,72696,72914,[563],"[72855, 72917]",revise,124.165,1047.657,1787.025,1662.833,1
1564,72515,1395,20a43f22-ab42-4d93-8af6-b6a758a089fa,72693,72697,72915,[563],"[72855, 72917]",revise,124.178,1047.656,1787.041,1662.849,1
1565,72517,1395,20a43f22-ab42-4d93-8af6-b6a758a089fa,72695,72698,72916,[563],"[72855, 72917]",revise,124.191,1047.656,1787.057,1662.865,1
1568,72937,793,a22cd69e-d52b-4fbb-b7fa-4b6ba1c5b295,74748,74749,74761,[576],[74762],pass,21441.604,21763.614,21763.439,321.834,0
1569,73135,1450,87c49f6d-a69d-40c0-b833-a0ad09006244,,,,[],[],,,,,,0
1570,73357,1470,3397cb54-8f35-4a11-922d-d22002ceedad,73391,73392,73526,[571],"[73495, 73527]",revise,163.154,590.369,847.189,684.034,1
1571,73435,1566,daf1e207-7d4b-4ae0-ac37-9f584a5159ca,74791,74792,74946,[577],"[74830, 74947]",revise,18705.278,18865.484,19596.3,891.02,1
1572,73437,1566,daf1e207-7d4b-4ae0-ac37-9f584a5159ca,74818,74819,74886,[579],[74887],pass,18782.943,19212.08,19212.061,429.118,0
1573,73737,1561,6058c3f0-6960-4122-8324-da775293c1ab,,,,[],[],,,,,,0
1574,73848,1567,dc686e6a-17f8-4429-9e20-de109a64bc83,74810,74811,74974,[578],"[74849, 74931, 74975]",revise,13778.743,14032.304,14988.896,1210.15,2
1575,73850,1567,dc686e6a-17f8-4429-9e20-de109a64bc83,74839,74840,74910,[580],[74911],pass,13914.077,14324.058,14324.055,409.975,0
1576,74087,1399,6cc1b23c-5b6f-4787-bac5-a16fe020ed01,74129,74132,74206,[573],"[74159, 74208]",revise,112.237,370.524,959.871,847.585,1
1577,74089,1399,6cc1b23c-5b6f-4787-bac5-a16fe020ed01,74131,74133,74207,[573],"[74159, 74208]",revise,112.285,370.523,959.893,847.607,1
1578,74420,1434,94987414-62b7-4472-a379-4b801dbe8a0b,,,,[],[],,,,,,0
1583,75307,1417,a030860f-d8ea-405f-941c-ad2e00b7860d,75390,75391,75639,[587],"[75465, 75640]",revise,544.899,721.079,2427.363,1882.464,1
1584,75837,1560,6c6542c9-f122-4667-8151-5ee3e944965b,75864,75865,75906,[592],"[75876, 75907]",concern,127.053,273.138,429.474,302.42,0
1585,75948,1397,f4b8ea86-dff0-4086-a2c8-5eb760569be9,75959,75960,75992,[593],[75993],pass,34.816,218.885,218.88,184.063,0
1594,76466,1435,ae4bbfa9-0041-4400-86ba-faa65ba8867e,76508,76509,76685,[600],"[76560, 76686]",revise,88.766,451.747,1552.688,1463.922,1
1595,76468,1435,ae4bbfa9-0041-4400-86ba-faa65ba8867e,,,,[],[],,,,,,0
1596,76595,1533,d987f39e-e890-49f3-9c1a-e8cb5b09aaf0,76628,76629,76834,[601],"[76695, 76835]",revise,100.066,820.581,1785.783,1685.716,1
1597,76597,1533,d987f39e-e890-49f3-9c1a-e8cb5b09aaf0,,,,[],[],,,,,,0
1598,76717,1589,7876b69f-cc2e-4a0c-ba5a-da66da0a5dd1,,,,[],[],,,,,,0
1599,76881,1582,d1eae627-ff2b-44fc-ae3d-209811406d46,,,,[],[],,,,,,0
1600,76883,1582,d1eae627-ff2b-44fc-ae3d-209811406d46,76908,76911,76921,[602],[76923],pass,72.397,238.84,238.804,166.397,0
1601,76885,1582,d1eae627-ff2b-44fc-ae3d-209811406d46,76910,76912,76922,[602],[76923],pass,72.407,238.84,238.832,166.425,0
1602,77086,1586,171fce7a-7736-48d2-991e-2cb380f0d6f7,,,,[],[],,,,,,0
1603,77128,1232,5ebe4f16-ef40-4652-bfc5-ac4f9db28eda,,,,[],[],,,,,,0
1604,77243,1588,1b30d72b-2835-4414-8dad-2a7dcdda4aa4,,,,[],[],,,,,,0
1605,77308,1587,7aad617e-ed02-463a-b04d-5894d173eb24,77342,77343,77397,[603],[77398],pass,104.022,296.413,296.411,192.388,0
1606,77559,1461,3a8484c5-0f15-4333-9e30-8ad7a198db6a,,,,[],[],,,,,,0
1607,77561,1461,3a8484c5-0f15-4333-9e30-8ad7a198db6a,77611,77614,77695,[604],"[77662, 77697]",concern,83.944,326.545,552.431,468.477,0
1608,77563,1461,3a8484c5-0f15-4333-9e30-8ad7a198db6a,77613,77615,77696,[604],"[77662, 77697]",concern,83.953,326.544,552.436,468.483,0
1609,77827,1247,8eeacc00-be0d-407a-92bf-6e91bf913309,79558,79559,79611,[609],[79612],pass,19439.698,19607.724,19607.721,168.022,0
1610,77918,1269,18884f2f-8bf1-4d5b-a99d-5bad0332c2d7,,,,[],[],,,,,,0
1611,77938,1500,2f3b8539-be0c-413d-bc66-967100c48df3,79584,79585,79705,[610],[79706],pass,18431.994,19173.839,19173.837,741.841,0
1612,78040,1402,2dcbe739-aa8d-40da-a26e-966667b3b987,,,,[],[],,,,,,0
1613,78295,1579,42db7f74-ac0b-44be-8cc8-fe50b21c9331,78343,78344,78401,[605],[78402],pass,91.967,200.182,200.181,108.214,0
1614,78297,1579,42db7f74-ac0b-44be-8cc8-fe50b21c9331,,,,[],[],,,,,,0
1615,78459,1545,00364554-d18c-4735-8a91-565a7f6fd240,78543,78556,78628,[606],"[78583, 78635]",revise,179.573,402.733,591.413,411.773,1
1616,78461,1545,00364554-d18c-4735-8a91-565a7f6fd240,78545,78557,78629,[606],"[78583, 78635]",revise,179.578,402.729,591.417,411.781,1
1617,78463,1545,00364554-d18c-4735-8a91-565a7f6fd240,78547,78558,78630,[606],"[78583, 78635]",revise,179.586,402.728,591.424,411.789,1
1618,78465,1545,00364554-d18c-4735-8a91-565a7f6fd240,78549,78559,78631,[606],"[78583, 78635]",revise,179.6,402.726,591.43,411.796,1
1619,78467,1545,00364554-d18c-4735-8a91-565a7f6fd240,78551,78560,78632,[606],"[78583, 78635]",revise,179.605,402.722,591.434,411.804,1
1620,78469,1545,00364554-d18c-4735-8a91-565a7f6fd240,78553,78561,78633,[606],"[78583, 78635]",revise,179.615,402.722,591.442,411.812,1
1621,78471,1545,00364554-d18c-4735-8a91-565a7f6fd240,78555,78562,78634,[606],"[78583, 78635]",revise,179.628,402.721,591.449,411.82,1
1622,78727,1427,e7139483-d6ef-43fe-8461-7137d4d81f1e,78762,78763,,[607],[78779],pass,54.703,184.819,,,0
1623,78799,251,64727486-892e-4140-9949-4cd91f446d26,,,,[],[],,,,,,0
1624,78809,1479,2aa0ae42-617e-498a-b9b4-7f0ed7e98bca,,,,[],[],,,,,,0
1625,78811,1479,2aa0ae42-617e-498a-b9b4-7f0ed7e98bca,78866,78867,78935,[608],"[78892, 78936]",revise,100.659,211.578,401.332,300.672,1
1626,79254,1188,ac2ed498-bca7-40b8-b0e0-16accc1d658e,,,,[],[],,,,,,0
1627,79425,1478,d0a7cea0-1395-42a3-be42-def9f13735ac,79674,79675,79880,[613],"[79797, 79881]",revise,2372.685,2756.355,3080.48,707.794,1
1628,79464,775,029cc29d-5584-4cc1-94ac-069822f33b4e,79597,79598,79722,[611],[79723],pass,1024.486,1805.881,1805.879,781.393,0
1629,79524,1328,b7a02003-fc30-4bac-83a5-1c5b0669dd4b,79617,79618,79866,[612],"[79765, 79867]",revise,327.476,1206.376,1520.917,1193.441,1
1630,79631,1580,65029e8f-df34-4b15-9e24-40346c53fae5,79693,79694,79846,[615],[79847],pass,73.309,564.223,564.22,490.911,0
1636,80032,1482,6ef398b5-a794-4275-a592-87d581f3c445,80152,80153,80204,[618],[80205],pass,304.965,398.897,398.894,93.928,0
1637,80082,1546,f298ee8f-c527-48e7-ad5e-a35cde5cfb76,80103,80104,,[617],[80163],concern,28.612,280.204,,,0
