module	B	D	R	G	B_secs	D_secs	R_secs	G_secs
runtime_cleanup	7	6	3	0	49.1	54.8	97.6	0.0
runtime_resume	3	10	4	5	16.8	53.6	26.5	32.3
planner_headless_turns	1	6	1	0	6.6	73.9	1.6	0.0
plan_review	4	22	1	3	7.3	52.1	1.0	12.0
runtime_review	1	9	2	2	2.5	29.0	5.2	7.2
review_subagents	7	10	1	0	15.6	31.7	1.7	0.0
runtime_codex	3	12	1	0	10.4	28.7	3.5	0.0
runtime_headless	6	6	5	0	25.4	18.1	13.7	0.0
runtime_stale_receipt	1	6	0	0	2.4	30.8	0.0	0.0
runtime_broker	4	11	2	0	11.8	28.7	2.1	0.0
runtime_integrate	14	8	1	0	51.0	27.1	3.5	0.0
runtime_handoff	6	5	3	10	12.0	21.6	8.8	51.9
runtime_landing_release	5	6	0	0	22.5	30.4	0.0	0.0
runtime_recheck	3	7	0	2	16.4	30.0	0.0	10.4
runtime_provider_switch	2	9	1	1	5.2	26.9	2.5	4.6
runtime_waiting_stages	1	1	1	1	10.9	14.6	13.3	4.7
runtime_review_questions	0	7	0	1	0.0	24.2	0.0	3.8
runtime_e2e	2	3	1	0	9.9	17.2	5.9	0.0
runtime_triage	6	12	2	5	15.4	16.3	6.1	16.0
inbox_nudge	3	4	0	0	7.9	21.2	0.0	0.0
planner_headless	3	0	2	1	14.4	0.0	20.5	4.9
runtime_disk	1	5	1	0	3.4	15.3	4.1	0.0
goal_review	3	9	1	0	7.0	17.9	1.0	0.0
runtime_waiting	2	4	2	4	5.2	13.4	5.5	13.3
runtime_evidence	4	4	1	0	14.4	16.2	2.5	0.0
runtime_repair	1	3	1	2	3.3	13.6	3.7	6.6
runtime_claim_defer	1	4	1	0	6.4	15.1	1.2	0.0
runtime_run_env	2	4	1	0	5.7	10.8	5.0	0.0
runtime_landing_answers	1	3	0	0	4.5	15.7	0.0	0.0
runtime_claim	11	7	1	6	13.8	15.0	0.6	10.1
worker_escalation	1	6	0	2	4.7	15.3	0.0	4.5
runtime_headless_stall	1	5	0	0	2.6	13.8	0.0	0.0
runtime_light_slots	0	2	0	0	0.0	13.0	0.0	0.0
runtime_headless_reopen	3	3	0	2	7.2	12.5	0.0	4.8
request_planner	1	6	0	0	2.1	12.5	0.0	0.0
runtime_observer	5	10	0	1	22.3	12.5	0.0	0.8
runtime_job_verdicts	1	5	0	3	3.2	12.4	0.0	9.8
runtime_throughput_review	2	5	2	0	3.2	8.2	4.2	0.0
runtime_background_process	3	0	2	1	15.4	0.0	11.5	3.7
runtime_claim_spacing	1	2	0	0	10.2	11.4	0.0	0.0
runtime_background	5	0	4	2	11.4	0.0	10.3	1.3
runtime_release	2	14	2	0	1.9	8.0	1.6	0.0
runtime_review_concern	3	5	0	1	6.7	9.5	0.0	3.3
runtime_verify_flaky	1	3	1	0	1.8	7.3	1.9	0.0
planner_headless_stats	0	0	1	0	0.0	0.0	9.0	0.0
planner_slots	0	3	0	1	0.0	8.9	0.0	3.4
runtime_sweep	2	3	1	4	10.1	4.9	3.4	8.5
runtime_precheck	1	2	0	0	10.3	8.0	0.0	0.0
runtime_queue_hold_shared	1	1	1	0	2.9	3.1	4.9	0.0
runtime_session	4	5	1	20	6.1	6.0	1.5	52.4
landing_branch	3	3	1	0	4.9	4.9	2.4	0.0
runtime_push	2	2	0	0	2.2	6.9	0.0	0.0
planner_timeout	0	2	0	1	0.0	6.5	0.0	3.2
plan_review_concern	1	3	0	0	1.0	6.1	0.0	0.0
runtime_ask	3	3	1	2	5.8	4.7	1.4	3.6
runtime_adopt	7	2	1	10	19.3	4.6	1.4	19.4
cli_authorization	2	8	0	0	1.1	6.0	0.0	0.0
runtime_queue_hold	0	2	0	1	0.0	5.9	0.0	1.7
draft_bundles	1	1	0	1	1.3	5.8	0.0	1.8
runtime_verify_retry	2	3	0	0	6.0	5.7	0.0	0.0
lifecycle_up	7	14	5	1	1.6	4.5	0.9	0.2
actor_model	1	0	1	0	5.3	0.0	5.2	0.0
runtime_forecast	1	2	0	0	5.1	5.0	0.0	0.0
throughput_review_codex	2	5	1	0	3.7	4.5	0.4	0.0
lifecycle_install	10	13	4	0	3.4	3.3	1.4	0.0
runtime_review_conflict	1	1	1	8	3.4	1.7	2.4	24.3
runtime_slot_limits	1	1	1	0	3.0	2.6	1.5	0.0
goal_review_codex	2	5	0	0	4.9	4.0	0.0	0.0
language	1	2	0	0	3.4	3.9	0.0	0.0
runtime_review_reasons	1	2	0	0	3.8	3.8	0.0	0.0
location	4	3	2	0	3.2	1.5	2.1	0.0
finding_planner	1	2	0	1	3.1	3.5	0.0	6.5
worker_model	2	3	0	0	1.7	3.5	0.0	0.0
lifecycle_replace	4	10	2	2	2.2	2.9	0.6	0.3
cli_actor	2	2	0	0	3.6	3.3	0.0	0.0
runtime_sccache	1	2	0	0	3.2	3.2	0.0	0.0
plan_review_codex	1	3	0	0	2.1	3.0	0.0	0.0
cli_changes	1	2	0	0	0.3	2.7	0.0	0.0
cli_roles	1	5	1	0	0.9	2.4	0.2	0.0
queue_service_findings	0	1	2	0	0.0	1.0	1.6	0.0
queue_service	4	3	0	0	6.6	2.6	0.0	0.0
plan_review_reasons	0	1	0	0	0.0	2.3	0.0	0.0
cli_graph	1	1	1	0	2.5	0.3	2.0	0.0
cli_read	3	6	2	0	1.9	1.7	0.5	0.0
inbox_watch_wake	2	2	0	0	5.7	2.2	0.0	0.0
plan_review_prompt_bytes	0	2	0	0	0.0	1.9	0.0	0.0
cli_tasks	2	2	6	0	0.9	0.5	1.3	0.0
cli_kpi	2	7	0	0	0.9	1.8	0.0	0.0
runtime_claim_hold	1	1	0	0	2.7	1.8	0.0	0.0
cli_goals	1	7	0	0	0.4	1.7	0.0	0.0
cli_dialogue	1	5	1	0	0.2	1.4	0.2	0.0
follow_up_membership	3	10	1	0	1.1	1.3	0.1	0.0
runtime_heartbeat	1	2	1	0	0.8	0.3	1.0	0.0
runtime_candidates	0	1	0	0	0.0	1.2	0.0	0.0
cli_status_runs	1	1	0	0	0.7	0.9	0.0	0.0
queue_service_client	3	0	1	0	3.3	0.0	0.8	0.0
runtime_claim_worker	2	2	1	0	1.8	0.7	0.1	0.0
installed_plugin	2	3	2	0	0.7	0.1	0.7	0.0
cli_operations	1	2	0	0	1.0	0.6	0.0	0.0
cli_proposals	1	2	0	0	0.5	0.6	0.0	0.0
queue_proposals	1	7	0	0	0.1	0.5	0.0	0.0
runtime_report	3	1	0	0	4.5	0.5	0.0	0.0
main_checkout	3	0	1	0	1.0	0.0	0.3	0.0
cli_stats	2	9	1	0	0.6	0.2	0.1	0.0
runtime_stall_end	1	1	0	0	0.3	0.3	0.0	0.0
inbox_watcher	3	2	0	0	5.4	0.3	0.0	0.0
cli_forecast	1	1	0	0	0.3	0.3	0.0	0.0
queue_dependencies	5	1	3	0	0.3	0.1	0.2	0.0
cli_planner_request	1	1	0	2	0.1	0.2	0.0	0.4
queue_tasks	3	4	2	0	0.1	0.1	0.1	0.0
queue_goals	3	2	1	0	0.2	0.1	0.1	0.0
queue_runs	4	2	1	0	0.3	0.1	0.1	0.0
cli_broker	3	0	1	0	0.9	0.0	0.1	0.0
lifecycle_plan	0	2	0	7	0.0	0.1	0.0	1.5
lifecycle_down	4	1	1	3	0.6	0.1	0.1	0.4
runtime_support	3	2	0	0	4.4	0.1	0.0	0.0
cli_request_words	2	0	1	0	0.3	0.0	0.1	0.0
runtime_queue_hold_detect	1	1	0	1	6.1	0.1	0.0	1.6
lifecycle_install_client	2	4	0	0	0.0	0.1	0.0	0.0
lifecycle_handoff_stop	1	1	0	0	0.1	0.1	0.0	0.0
cli_screen	0	0	0	6	0.0	0.0	0.0	4.3
cli_session_event	1	0	0	0	0.1	0.0	0.0	0.0
queue_schema	9	0	0	0	6.1	0.0	0.0	0.0
runtime_abandon	0	0	0	2	0.0	0.0	0.0	3.8
runtime_client_mode	2	0	0	0	10.6	0.0	0.0	0.0
runtime_exit_retry	0	0	0	11	0.0	0.0	0.0	33.2
source_repository	2	0	0	0	0.6	0.0	0.0	0.0
test_actor_env	2	0	0	0	0.0	0.0	0.0	0.0
cli_version	9	0	0	0	40.8	0.0	0.0	0.0
planner_screen_idle	0	0	0	4	0.0	0.0	0.0	10.9
queue_search	1	0	0	0	0.1	0.0	0.0	0.0
runtime_codex_ask	1	0	0	0	2.9	0.0	0.0	0.0
runtime_host_metrics	2	0	0	0	4.2	0.0	0.0	0.0
runtime_review_background	0	0	0	7	0.0	0.0	0.0	24.4
runtime_run_files	5	0	0	0	9.6	0.0	0.0	0.0
runtime_stall	0	0	0	8	0.0	0.0	0.0	26.3
runtime_stall_recovery	0	0	0	11	0.0	0.0	0.0	38.1
cli_areas	1	0	0	0	3.1	0.0	0.0	0.0
e2e_gate_podman	1	0	0	0	30.3	0.0	0.0	0.0
plan_review_launch	2	0	0	0	1.4	0.0	0.0	0.0
runtime_resume_adopt	0	0	0	6	0.0	0.0	0.0	35.2
background_logs	2	0	0	0	15.1	0.0	0.0	0.0
cli_install_release	1	0	0	0	3.7	0.0	0.0	0.0
lifecycle_cmux	3	0	0	2	1.9	0.0	0.0	1.0
related	2	0	0	0	0.3	0.0	0.0	0.0
runtime_codex_work	1	0	0	0	2.5	0.0	0.0	0.0
runtime_resume_exit_retry	0	0	0	7	0.0	0.0	0.0	41.6
runtime_review_exit	0	0	0	10	0.0	0.0	0.0	23.1
runtime_screen_idle	0	0	0	9	0.0	0.0	0.0	23.8
runtime_workspace_cleanup	0	0	0	1	0.0	0.0	0.0	5.1
shell_leftovers	5	0	0	0	1.4	0.0	0.0	0.0
broker_podman	2	0	0	0	0.0	0.0	0.0	0.0
lifecycle_in_cmux	0	0	0	4	0.0	0.0	0.0	0.6
queue_migration	16	0	0	0	8.9	0.0	0.0	0.0
queue_service_reads	3	0	0	0	17.4	0.0	0.0	0.0
runtime_review_adopt	0	0	0	10	0.0	0.0	0.0	20.9
stub_templates	1	0	0	0	0.3	0.0	0.0	0.0
planner_close	0	0	0	2	0.0	0.0	0.0	0.9
runtime_actor_env	1	0	0	0	3.3	0.0	0.0	0.0
runtime_headless_jobs	2	0	0	0	5.6	0.0	0.0	0.0
runtime_open_turn	0	0	0	2	0.0	0.0	0.0	8.7
runtime_screen_idle_input	0	0	0	8	0.0	0.0	0.0	30.4
