commit,committed_at,landing_at,landing_event,task_id,title
b4f75bac20660c042b72799001e373ce980602d4,2026-10-05T17:07:38+09:00,2026-10-05T08:07:38.531Z,102820,1618,application の SystemTime::now（supervise/jobs.rs:220・headless_session.rs:531）を注入した Clock に替える
832fc43a25b8767d8f7875445430c70033da017d,2026-10-05T14:40:03+09:00,2026-10-05T05:40:04.129Z,101941,1540,runtime: keep_draft で残した draft に再検討の時刻を付けられるようにし、時刻を過ぎたら runtime の planner の対象に戻して前回の判断を初期 prompt に載せる（ADR を書く）
f78d2dfff43f2674479f0441100b368c016212ee,2026-10-05T13:03:26+09:00,2026-10-05T04:03:27.194Z,101335,1641,runtime: goal にラベル（tag）を足し、語彙を dagq.toml に置いて外のラベルを拒み、dagq goal list を優先度順に並べて --tag で絞れるようにする（ADR-t1639-1）
5d22997f1487041e9d52b891e2fcc0dcfe351568,2026-10-05T10:12:35+09:00,2026-10-05T01:12:39.253Z,100285,1633,runtime: 復旧 job の入力に今の固定バイナリの build 識別子と run の後の入れ替え（update_installed・supervisor_handed_off）を載せ、入れ替えで直る failed の run を人に聞かずに retry できるようにする
051f1b654fa5b064fdc3f5963fa50ac65d093832,2026-10-05T09:59:53+09:00,2026-10-05T00:59:53.288Z,100234,840,runtime: broker の package backend（package.install）を設定した少数のコマンドだけで実行する
055ab7219aedc8b0e958b974a4ee5bddee792beb,2026-10-05T09:20:49+09:00,2026-10-05T00:20:49.455Z,99699,1632,runtime: 固定バイナリが依存先の着地を含むことを要する task を登録で宣言でき、supervisor が自分の build がそれを含むまで claim しない
6f625decfdec3423484466371d892cd204db49a8,2026-10-05T08:25:31+09:00,2026-10-04T23:25:31.604Z,98899,838,runtime: [broker] mode = required で worker と resume の組み込みの道具を拒んで broker の道具に限り、broker が使えないときは claim せず inbox に知らせて直接の実行に戻らない
af5b8d1021e6176c4cfcd1e8b0c0498317113fe8,2026-10-05T08:06:15+09:00,2026-10-04T23:06:16.126Z,98754,1640,runtime: goal に優先度を足し、個別の指定の無い task の優先度を goal から継いで candidates・graph・supervisor の claim 順に効かせ、移行で既存の task の効く優先度を変えない（ADR-t1639-1）
47c5fe8393369199523f14376ad235ca1569b9a8,2026-10-05T07:35:39+09:00,2026-10-04T22:35:39.548Z,98599,1386,show に task とその run の ask を並べる asks 欄を足し、recommendation と confidence を載せる（ADR-t451-1 決定 1 の表示）
cfe2fd07eed13953fe3cfc79c8fc569e7c6c568e,2026-10-05T01:58:44+09:00,2026-10-04T16:58:44.985Z,96198,1708,config: scripts/slow-tests.sh に test binary ごとの本数と時間の合計を足し、throughput-review の日次の見直しで本番の関門の dagq::it の本数と合計を前の 7 日と並べ、test-rules の review に it の時間の関門の検査項目を足す
e70840a90ad29812c855146c54be13f18649b173,2026-10-05T00:06:48+09:00,2026-10-04T15:06:48.486Z,94721,1712,refactor: review の subagent の選択・結果の集約・判断の重さによる振り分けと、goal review の数え方・answer の対応・候補の選び方を副作用のない関数の unit test に移し、review_subagents と goal_review の群を境界の代表に絞る
d751a0c93304aece21c4de99fe41cc0bb3aac76b,2026-10-04T23:31:08+09:00,2026-10-04T14:31:09.494Z,94475,1437,runtime: 対話の worker の run を起こさないようにし、対話の run だけが使う画面・ダイアログ・/exit・打鍵の処理と、それだけを確かめる integration test を消す
adda99a602531acae52738f39601f418a423fb84,2026-10-04T22:03:45+09:00,2026-10-04T13:03:45.267Z,93780,1688,feature: worker の prompt の文書の照合（DOCS_CHECK）に、変えた名前で文書の候補を探して summary に探した名前を書く句を足し、この repository の探す範囲を documents.md に、確かめ方を design-consistency の review の subagent に書き、ADR で ADR-t1428-1 決定 4 を amends する
d8e5e25cc3fc3ddc317b4ce054cbd0e051f932ea,2026-10-04T21:34:11+09:00,2026-10-04T12:34:11.385Z,92340,1615,application::prompt から crate::throughput_review::review_prompt への参照と、infrastructure::adapters の crate::throughput_review::ACCESS への参照を無くす
64ef873dfc94caeb8aa931b80f55aac894ed20fc,2026-10-04T20:18:10+09:00,2026-10-04T11:18:10.851Z,90967,1547,config: レイヤーとコンテキストの境界を確かめる review の subagent の定義（検査項目と設計文書への参照だけ）を .dagq/review-agents/ に置き、dagq.toml で src と crates の差分に有効にする
00493c308584c062cdc58c52ae346d690140eaa3,2026-10-04T19:45:19+09:00,2026-10-04T10:45:19.400Z,90489,1608,test-rules の review subagent に、判断と境界の test と shell_path の検査項目を足す
dc93fcfa3a4ddc4451d2d77832d4c1386d8a2020,2026-10-04T16:16:01+09:00,2026-10-04T07:16:01.852Z,83184,1571,runtime: goal review・run の review・復旧 job・runtime の 4 種類の planner の prompt に節ごとと全体の上限を付け、決まった順で選び、省いた件数と読む方法を書き、prompt の byte 数を event に記録する（ADR-t1566-1）
5f4e4cd4c41ac12572371e03b9a49aab9fa51c83,2026-10-04T14:57:06+09:00,2026-10-04T05:57:06.625Z,82570,1508,runtime: receipt の follow_ups に acceptance との関係の提案（該当の項目・必須か範囲外か不明か・根拠）を持たせ、worker の prompt に書き方を、runtime の planner の draft の prompt に所属の判断の記録の手順を足す（ADR-t1504-1・ADR-t1504-2）
f7619e64273f220dc0462e3b8312eb013a9ea8f6,2026-10-04T14:27:08+09:00,2026-10-04T05:27:09.035Z,82441,1506,runtime: submit が所属の判断の無い follow_up の draft を拒み、lint が同じ欠けを出し、plan review の資料と prompt に planner の対応づけを起点に検査し疑わしいものは周辺の証拠も読む指示を足す（ADR-t1504-2）
459131332542953cb8eda7d04d4c59d80cc7ac5d,2026-10-04T14:00:30+09:00,2026-10-04T05:00:30.888Z,82269,1507,runtime: 未判定か acceptance の変更後に確かめ直していない follow-up のある goal を goal review と goal close が achieved で閉じず、範囲外に分類した follow-up は閉じるのを妨げず、判定と close の間の並行・再起動・引き継ぎでも条件を検査し直す（ADR-t1504-2）
cd4d7def76dfea6020a09b699a8ea4e2068ad901,2026-10-04T13:09:25+09:00,2026-10-04T04:09:25.966Z,81976,1408,config: 固定バイナリが task 1405・1406 を含んだ後に、この repository の dagq.toml で非対話の session wrapper を background に切り替える
4855bc84aef60d050b24dc5b84bc82168fdea0ce,2026-10-04T12:49:16+09:00,2026-10-04T03:49:16.544Z,81872,1505,runtime: follow_up の draft の所属の判断（元 goal に必須・範囲外で別 goal・未判定）を必須の欄と判定時の acceptance の版つきで記録する CLI と行を足し、出どころ（source goal）と深さを所属の変更で消さず、set-goal で ADR-t808-1 の人の adopt を迂回できないようにする（ADR-t1504-2）
