interval,run_id,review_start_event,review_start_at,config_commit,definitions_tree,agents
before,161e4b24-906e-4711-8a84-a5566683e4d8,80792,2026-10-04T01:26:53.804Z,e1690619e099c8c5c69570cbfe9254c0408080ed,03e8845aba911957a464cd5365db5a6e706625b5,design-consistency:70a70a3a6a2a5bd4a5d29faea2f641311cb99401a4458cf74856adb978e6b082;test-rules:c66e3318548f7cbde6d7cc9d56dab3e14850c26a6c6aa1025c6d2a2987ec0f81;migration-rules:8491037f42a8a2b95ad38a37d049c00cff49d9a6fec55a34f550b5c8350bc027;adr-rules:0c00dde92d16a4f2993bee0868d2acbd3fe457ad89fe7bbf9714ef1acc9c30c4;receipt-evidence:881225205c65832803ecb298133d5141ae7be08854b1c504d9269b2f60f6fb63
before,ec42db79-7815-44ae-979a-6c3a6adb9f3e,80776,2026-10-04T01:26:16.876Z,e1690619e099c8c5c69570cbfe9254c0408080ed,03e8845aba911957a464cd5365db5a6e706625b5,design-consistency:70a70a3a6a2a5bd4a5d29faea2f641311cb99401a4458cf74856adb978e6b082;adr-rules:0c00dde92d16a4f2993bee0868d2acbd3fe457ad89fe7bbf9714ef1acc9c30c4;receipt-evidence:881225205c65832803ecb298133d5141ae7be08854b1c504d9269b2f60f6fb63;plugin-generic:2b8ae9c2141ad7c3556640124c2996d7e3918a9cfea151ba101bf60b7d7e499f
before,e080a3ed-ad7d-47c6-bc29-2c89b6b89cda,81152,2026-10-04T02:12:50.095Z,b01d3d0b01f95b0a41a1209d8c8e808f3c4695c7,03e8845aba911957a464cd5365db5a6e706625b5,design-consistency:70a70a3a6a2a5bd4a5d29faea2f641311cb99401a4458cf74856adb978e6b082;test-rules:c66e3318548f7cbde6d7cc9d56dab3e14850c26a6c6aa1025c6d2a2987ec0f81;adr-rules:0c00dde92d16a4f2993bee0868d2acbd3fe457ad89fe7bbf9714ef1acc9c30c4;config-rules:a822ae679a7c6be8ea06bdb5da1fb775eb5688760e33bccaf78d0c0b7d6d369d;receipt-evidence:881225205c65832803ecb298133d5141ae7be08854b1c504d9269b2f60f6fb63
before,0de6cd72-bb17-45b8-815a-67df22a1101b,81642,2026-10-04T03:06:18.214Z,e5d9718bcd33c284a99931ae3076db5482e3029f,03e8845aba911957a464cd5365db5a6e706625b5,design-consistency:70a70a3a6a2a5bd4a5d29faea2f641311cb99401a4458cf74856adb978e6b082;test-rules:c66e3318548f7cbde6d7cc9d56dab3e14850c26a6c6aa1025c6d2a2987ec0f81;migration-rules:8491037f42a8a2b95ad38a37d049c00cff49d9a6fec55a34f550b5c8350bc027;adr-rules:0c00dde92d16a4f2993bee0868d2acbd3fe457ad89fe7bbf9714ef1acc9c30c4;receipt-evidence:881225205c65832803ecb298133d5141ae7be08854b1c504d9269b2f60f6fb63
before,6357a771-18de-44db-a425-e73f6efbaead,81898,2026-10-04T03:50:49.424Z,4855bc84aef60d050b24dc5b84bc82168fdea0ce,03e8845aba911957a464cd5365db5a6e706625b5,design-consistency:70a70a3a6a2a5bd4a5d29faea2f641311cb99401a4458cf74856adb978e6b082;test-rules:c66e3318548f7cbde6d7cc9d56dab3e14850c26a6c6aa1025c6d2a2987ec0f81;migration-rules:8491037f42a8a2b95ad38a37d049c00cff49d9a6fec55a34f550b5c8350bc027;receipt-evidence:881225205c65832803ecb298133d5141ae7be08854b1c504d9269b2f60f6fb63
before,9874facf-b0e8-47dd-9d93-5d4052d079a2,81546,2026-10-04T02:51:48.341Z,076bbb727da3fcbd1c883d8e986c8599eee1408d,03e8845aba911957a464cd5365db5a6e706625b5,design-consistency:70a70a3a6a2a5bd4a5d29faea2f641311cb99401a4458cf74856adb978e6b082;test-rules:c66e3318548f7cbde6d7cc9d56dab3e14850c26a6c6aa1025c6d2a2987ec0f81;migration-rules:8491037f42a8a2b95ad38a37d049c00cff49d9a6fec55a34f550b5c8350bc027;adr-rules:0c00dde92d16a4f2993bee0868d2acbd3fe457ad89fe7bbf9714ef1acc9c30c4;receipt-evidence:881225205c65832803ecb298133d5141ae7be08854b1c504d9269b2f60f6fb63
before,719a11ef-7343-4e3e-9641-f510e9d4e03f,81775,2026-10-04T03:24:48.840Z,23e500d8cb3c1e00ae0118818ca1058a053c7549,03e8845aba911957a464cd5365db5a6e706625b5,adr-rules:0c00dde92d16a4f2993bee0868d2acbd3fe457ad89fe7bbf9714ef1acc9c30c4;receipt-evidence:881225205c65832803ecb298133d5141ae7be08854b1c504d9269b2f60f6fb63
before,779a05bb-8929-4ca6-88d0-476412309ef3,81925,2026-10-04T03:57:32.707Z,4855bc84aef60d050b24dc5b84bc82168fdea0ce,03e8845aba911957a464cd5365db5a6e706625b5,design-consistency:70a70a3a6a2a5bd4a5d29faea2f641311cb99401a4458cf74856adb978e6b082;adr-rules:0c00dde92d16a4f2993bee0868d2acbd3fe457ad89fe7bbf9714ef1acc9c30c4;config-rules:a822ae679a7c6be8ea06bdb5da1fb775eb5688760e33bccaf78d0c0b7d6d369d;receipt-evidence:881225205c65832803ecb298133d5141ae7be08854b1c504d9269b2f60f6fb63
before,cc801ef6-5ffe-4fc8-8644-f30ba3626b24,82166,2026-10-04T04:37:11.481Z,e20efd41000c94b5d0c22c9a83286a3d9e58e0cf,03e8845aba911957a464cd5365db5a6e706625b5,design-consistency:70a70a3a6a2a5bd4a5d29faea2f641311cb99401a4458cf74856adb978e6b082;test-rules:c66e3318548f7cbde6d7cc9d56dab3e14850c26a6c6aa1025c6d2a2987ec0f81;migration-rules:8491037f42a8a2b95ad38a37d049c00cff49d9a6fec55a34f550b5c8350bc027;adr-rules:0c00dde92d16a4f2993bee0868d2acbd3fe457ad89fe7bbf9714ef1acc9c30c4;receipt-evidence:881225205c65832803ecb298133d5141ae7be08854b1c504d9269b2f60f6fb63
before,280d9606-8784-412a-b886-91c8a18abf84,82314,2026-10-04T05:01:13.540Z,459131332542953cb8eda7d04d4c59d80cc7ac5d,03e8845aba911957a464cd5365db5a6e706625b5,design-consistency:70a70a3a6a2a5bd4a5d29faea2f641311cb99401a4458cf74856adb978e6b082;test-rules:c66e3318548f7cbde6d7cc9d56dab3e14850c26a6c6aa1025c6d2a2987ec0f81;migration-rules:8491037f42a8a2b95ad38a37d049c00cff49d9a6fec55a34f550b5c8350bc027;adr-rules:0c00dde92d16a4f2993bee0868d2acbd3fe457ad89fe7bbf9714ef1acc9c30c4;receipt-evidence:881225205c65832803ecb298133d5141ae7be08854b1c504d9269b2f60f6fb63;plugin-generic:2b8ae9c2141ad7c3556640124c2996d7e3918a9cfea151ba101bf60b7d7e499f
before,3e3e6758-831f-4bbf-91a0-b301f2320489,82249,2026-10-04T04:54:34.757Z,e20efd41000c94b5d0c22c9a83286a3d9e58e0cf,03e8845aba911957a464cd5365db5a6e706625b5,test-rules:c66e3318548f7cbde6d7cc9d56dab3e14850c26a6c6aa1025c6d2a2987ec0f81;migration-rules:8491037f42a8a2b95ad38a37d049c00cff49d9a6fec55a34f550b5c8350bc027;receipt-evidence:881225205c65832803ecb298133d5141ae7be08854b1c504d9269b2f60f6fb63
before,04500685-3fa3-405c-a5ec-092d09f5058f,82428,2026-10-04T05:23:00.874Z,bfeada1d1e46831221677af14aa4d512342f755f,03e8845aba911957a464cd5365db5a6e706625b5,design-consistency:70a70a3a6a2a5bd4a5d29faea2f641311cb99401a4458cf74856adb978e6b082;test-rules:c66e3318548f7cbde6d7cc9d56dab3e14850c26a6c6aa1025c6d2a2987ec0f81;migration-rules:8491037f42a8a2b95ad38a37d049c00cff49d9a6fec55a34f550b5c8350bc027;adr-rules:0c00dde92d16a4f2993bee0868d2acbd3fe457ad89fe7bbf9714ef1acc9c30c4;receipt-evidence:881225205c65832803ecb298133d5141ae7be08854b1c504d9269b2f60f6fb63;plugin-generic:2b8ae9c2141ad7c3556640124c2996d7e3918a9cfea151ba101bf60b7d7e499f
before,e6cc9e1f-9055-4d2c-beb5-df48acb81614,82492,2026-10-04T05:41:12.857Z,f7619e64273f220dc0462e3b8312eb013a9ea8f6,03e8845aba911957a464cd5365db5a6e706625b5,design-consistency:70a70a3a6a2a5bd4a5d29faea2f641311cb99401a4458cf74856adb978e6b082;test-rules:c66e3318548f7cbde6d7cc9d56dab3e14850c26a6c6aa1025c6d2a2987ec0f81;migration-rules:8491037f42a8a2b95ad38a37d049c00cff49d9a6fec55a34f550b5c8350bc027;adr-rules:0c00dde92d16a4f2993bee0868d2acbd3fe457ad89fe7bbf9714ef1acc9c30c4;receipt-evidence:881225205c65832803ecb298133d5141ae7be08854b1c504d9269b2f60f6fb63;plugin-generic:2b8ae9c2141ad7c3556640124c2996d7e3918a9cfea151ba101bf60b7d7e499f
before,11752111-14af-46ce-b530-96cc9d9b5f3e,82637,2026-10-04T06:21:54.619Z,1035491baa5935f05c46691d77a8424fae8bb049,03e8845aba911957a464cd5365db5a6e706625b5,design-consistency:70a70a3a6a2a5bd4a5d29faea2f641311cb99401a4458cf74856adb978e6b082;test-rules:c66e3318548f7cbde6d7cc9d56dab3e14850c26a6c6aa1025c6d2a2987ec0f81;migration-rules:8491037f42a8a2b95ad38a37d049c00cff49d9a6fec55a34f550b5c8350bc027;adr-rules:0c00dde92d16a4f2993bee0868d2acbd3fe457ad89fe7bbf9714ef1acc9c30c4;receipt-evidence:881225205c65832803ecb298133d5141ae7be08854b1c504d9269b2f60f6fb63
before,31ae076a-affc-4cf0-b2e7-5e7eaea69ded,82990,2026-10-04T07:03:08.096Z,1035491baa5935f05c46691d77a8424fae8bb049,03e8845aba911957a464cd5365db5a6e706625b5,design-consistency:70a70a3a6a2a5bd4a5d29faea2f641311cb99401a4458cf74856adb978e6b082;test-rules:c66e3318548f7cbde6d7cc9d56dab3e14850c26a6c6aa1025c6d2a2987ec0f81;migration-rules:8491037f42a8a2b95ad38a37d049c00cff49d9a6fec55a34f550b5c8350bc027;adr-rules:0c00dde92d16a4f2993bee0868d2acbd3fe457ad89fe7bbf9714ef1acc9c30c4;receipt-evidence:881225205c65832803ecb298133d5141ae7be08854b1c504d9269b2f60f6fb63
before,3d21d841-867f-4a87-873e-0e95cd5a83e9,83515,2026-10-04T07:48:00.048Z,95181d50f621ce122bbe9e46bf6bc187c87dfeab,03e8845aba911957a464cd5365db5a6e706625b5,design-consistency:70a70a3a6a2a5bd4a5d29faea2f641311cb99401a4458cf74856adb978e6b082;test-rules:c66e3318548f7cbde6d7cc9d56dab3e14850c26a6c6aa1025c6d2a2987ec0f81;migration-rules:8491037f42a8a2b95ad38a37d049c00cff49d9a6fec55a34f550b5c8350bc027;adr-rules:0c00dde92d16a4f2993bee0868d2acbd3fe457ad89fe7bbf9714ef1acc9c30c4;receipt-evidence:881225205c65832803ecb298133d5141ae7be08854b1c504d9269b2f60f6fb63
before,3c5a55c1-72a1-4f78-adda-9e13bc3937ed,83615,2026-10-04T08:00:35.695Z,a35286332287ac0c1f48f9cc57e1580cdb14daef,03e8845aba911957a464cd5365db5a6e706625b5,design-consistency:70a70a3a6a2a5bd4a5d29faea2f641311cb99401a4458cf74856adb978e6b082;test-rules:c66e3318548f7cbde6d7cc9d56dab3e14850c26a6c6aa1025c6d2a2987ec0f81;migration-rules:8491037f42a8a2b95ad38a37d049c00cff49d9a6fec55a34f550b5c8350bc027;adr-rules:0c00dde92d16a4f2993bee0868d2acbd3fe457ad89fe7bbf9714ef1acc9c30c4;receipt-evidence:881225205c65832803ecb298133d5141ae7be08854b1c504d9269b2f60f6fb63;plugin-generic:2b8ae9c2141ad7c3556640124c2996d7e3918a9cfea151ba101bf60b7d7e499f
before,eebd09ed-5007-4a60-a53b-5470758bfc34,83522,2026-10-04T07:48:54.806Z,95181d50f621ce122bbe9e46bf6bc187c87dfeab,03e8845aba911957a464cd5365db5a6e706625b5,design-consistency:70a70a3a6a2a5bd4a5d29faea2f641311cb99401a4458cf74856adb978e6b082;test-rules:c66e3318548f7cbde6d7cc9d56dab3e14850c26a6c6aa1025c6d2a2987ec0f81;adr-rules:0c00dde92d16a4f2993bee0868d2acbd3fe457ad89fe7bbf9714ef1acc9c30c4;config-rules:a822ae679a7c6be8ea06bdb5da1fb775eb5688760e33bccaf78d0c0b7d6d369d;receipt-evidence:881225205c65832803ecb298133d5141ae7be08854b1c504d9269b2f60f6fb63
before,1c707f55-f5b3-4a7c-a720-7f17f0ef1db7,83799,2026-10-04T08:05:41.953Z,a35286332287ac0c1f48f9cc57e1580cdb14daef,03e8845aba911957a464cd5365db5a6e706625b5,design-consistency:70a70a3a6a2a5bd4a5d29faea2f641311cb99401a4458cf74856adb978e6b082;test-rules:c66e3318548f7cbde6d7cc9d56dab3e14850c26a6c6aa1025c6d2a2987ec0f81;adr-rules:0c00dde92d16a4f2993bee0868d2acbd3fe457ad89fe7bbf9714ef1acc9c30c4;config-rules:a822ae679a7c6be8ea06bdb5da1fb775eb5688760e33bccaf78d0c0b7d6d369d;receipt-evidence:881225205c65832803ecb298133d5141ae7be08854b1c504d9269b2f60f6fb63
before,76c5dd97-fde3-4a96-8784-4f4e3ad22fb0,86558,2026-10-04T09:05:07.255Z,6c0d72d3edcafef023a2a9b260e92efe40b12c73,03e8845aba911957a464cd5365db5a6e706625b5,design-consistency:70a70a3a6a2a5bd4a5d29faea2f641311cb99401a4458cf74856adb978e6b082;test-rules:c66e3318548f7cbde6d7cc9d56dab3e14850c26a6c6aa1025c6d2a2987ec0f81;migration-rules:8491037f42a8a2b95ad38a37d049c00cff49d9a6fec55a34f550b5c8350bc027;adr-rules:0c00dde92d16a4f2993bee0868d2acbd3fe457ad89fe7bbf9714ef1acc9c30c4;receipt-evidence:881225205c65832803ecb298133d5141ae7be08854b1c504d9269b2f60f6fb63
before,e474159d-70bb-4e7c-af2f-1de46aac5b38,86410,2026-10-04T09:02:21.962Z,6c0d72d3edcafef023a2a9b260e92efe40b12c73,03e8845aba911957a464cd5365db5a6e706625b5,design-consistency:70a70a3a6a2a5bd4a5d29faea2f641311cb99401a4458cf74856adb978e6b082;test-rules:c66e3318548f7cbde6d7cc9d56dab3e14850c26a6c6aa1025c6d2a2987ec0f81;adr-rules:0c00dde92d16a4f2993bee0868d2acbd3fe457ad89fe7bbf9714ef1acc9c30c4;receipt-evidence:881225205c65832803ecb298133d5141ae7be08854b1c504d9269b2f60f6fb63
before,6bf5c1a8-3a86-4377-9681-1753512dc040,88074,2026-10-04T09:34:24.090Z,4f3a3d192e5e36f8b9e5afd60225fc5bf996feaa,03e8845aba911957a464cd5365db5a6e706625b5,receipt-evidence:881225205c65832803ecb298133d5141ae7be08854b1c504d9269b2f60f6fb63
before,a1b7032b-e911-42b9-950e-e5d6aa749a93,89354,2026-10-04T10:03:38.855Z,3686c60974e9f576f57f50d5200d652e25e46f03,03e8845aba911957a464cd5365db5a6e706625b5,design-consistency:70a70a3a6a2a5bd4a5d29faea2f641311cb99401a4458cf74856adb978e6b082;test-rules:c66e3318548f7cbde6d7cc9d56dab3e14850c26a6c6aa1025c6d2a2987ec0f81;migration-rules:8491037f42a8a2b95ad38a37d049c00cff49d9a6fec55a34f550b5c8350bc027;adr-rules:0c00dde92d16a4f2993bee0868d2acbd3fe457ad89fe7bbf9714ef1acc9c30c4;receipt-evidence:881225205c65832803ecb298133d5141ae7be08854b1c504d9269b2f60f6fb63
before,56dfaeaa-897d-47c2-b6b8-6907f23c7f0d,90159,2026-10-04T10:31:16.108Z,12286976b89c433516b41bd3d9248160957b4e1f,03e8845aba911957a464cd5365db5a6e706625b5,adr-rules:0c00dde92d16a4f2993bee0868d2acbd3fe457ad89fe7bbf9714ef1acc9c30c4;receipt-evidence:881225205c65832803ecb298133d5141ae7be08854b1c504d9269b2f60f6fb63
before,895ad40d-e308-4cb3-b908-be8bdddf4844,90520,2026-10-04T10:48:28.536Z,00493c308584c062cdc58c52ae346d690140eaa3,9549e5225f899e8da1b15350a6eec51389c01571,design-consistency:70a70a3a6a2a5bd4a5d29faea2f641311cb99401a4458cf74856adb978e6b082;test-rules:a96f74e7f79c001ce6474e21fe295321e2cba7a29b600f21693e01f30a37b3ba;migration-rules:8491037f42a8a2b95ad38a37d049c00cff49d9a6fec55a34f550b5c8350bc027;adr-rules:0c00dde92d16a4f2993bee0868d2acbd3fe457ad89fe7bbf9714ef1acc9c30c4;receipt-evidence:881225205c65832803ecb298133d5141ae7be08854b1c504d9269b2f60f6fb63;plugin-generic:2b8ae9c2141ad7c3556640124c2996d7e3918a9cfea151ba101bf60b7d7e499f
before,097be999-9251-4f76-82fe-78371d489a73,90399,2026-10-04T10:42:29.749Z,07cf1e53652de7d187289766d548c92552f0d849,03e8845aba911957a464cd5365db5a6e706625b5,receipt-evidence:881225205c65832803ecb298133d5141ae7be08854b1c504d9269b2f60f6fb63
before,8b92d5e3-af28-4c7d-a4e5-28b2b78958df,90466,2026-10-04T10:44:41.125Z,5c6065cb6d044de3afb3171a259799e7bba3145a,03e8845aba911957a464cd5365db5a6e706625b5,adr-rules:0c00dde92d16a4f2993bee0868d2acbd3fe457ad89fe7bbf9714ef1acc9c30c4;receipt-evidence:881225205c65832803ecb298133d5141ae7be08854b1c504d9269b2f60f6fb63
before,9f13bdd0-227e-41be-b8b3-9450e08aa31f,90527,2026-10-04T10:48:38.654Z,00493c308584c062cdc58c52ae346d690140eaa3,9549e5225f899e8da1b15350a6eec51389c01571,receipt-evidence:881225205c65832803ecb298133d5141ae7be08854b1c504d9269b2f60f6fb63
before,d1f5eca1-bfa7-4f8a-8c13-917aca77aefd,90615,2026-10-04T10:54:35.276Z,279d87b70aee5ebc6aff893f2fe2b12ced35fe90,9549e5225f899e8da1b15350a6eec51389c01571,design-consistency:70a70a3a6a2a5bd4a5d29faea2f641311cb99401a4458cf74856adb978e6b082;adr-rules:0c00dde92d16a4f2993bee0868d2acbd3fe457ad89fe7bbf9714ef1acc9c30c4;receipt-evidence:881225205c65832803ecb298133d5141ae7be08854b1c504d9269b2f60f6fb63
before,0cd16a3b-520c-4ce0-a502-b4e3293c236b,90873,2026-10-04T11:15:01.762Z,c5e838751d018bf61fdb014d92a078522d05f82c,9549e5225f899e8da1b15350a6eec51389c01571,design-consistency:70a70a3a6a2a5bd4a5d29faea2f641311cb99401a4458cf74856adb978e6b082;test-rules:a96f74e7f79c001ce6474e21fe295321e2cba7a29b600f21693e01f30a37b3ba;migration-rules:8491037f42a8a2b95ad38a37d049c00cff49d9a6fec55a34f550b5c8350bc027;adr-rules:0c00dde92d16a4f2993bee0868d2acbd3fe457ad89fe7bbf9714ef1acc9c30c4;receipt-evidence:881225205c65832803ecb298133d5141ae7be08854b1c504d9269b2f60f6fb63;plugin-generic:2b8ae9c2141ad7c3556640124c2996d7e3918a9cfea151ba101bf60b7d7e499f
before,95194a89-4306-4d5c-8e61-6eada4e9c0fe,90951,2026-10-04T11:16:44.311Z,c5e838751d018bf61fdb014d92a078522d05f82c,9549e5225f899e8da1b15350a6eec51389c01571,design-consistency:70a70a3a6a2a5bd4a5d29faea2f641311cb99401a4458cf74856adb978e6b082;adr-rules:0c00dde92d16a4f2993bee0868d2acbd3fe457ad89fe7bbf9714ef1acc9c30c4;config-rules:a822ae679a7c6be8ea06bdb5da1fb775eb5688760e33bccaf78d0c0b7d6d369d;receipt-evidence:881225205c65832803ecb298133d5141ae7be08854b1c504d9269b2f60f6fb63
before,c9db74e7-7802-4f62-bd01-e9ff853dec21,91186,2026-10-04T11:30:15.519Z,64ef873dfc94caeb8aa931b80f55aac894ed20fc,76dd9a0d152fd81db67cde84f354eaf89a00ab70,design-consistency:70a70a3a6a2a5bd4a5d29faea2f641311cb99401a4458cf74856adb978e6b082;adr-rules:0c00dde92d16a4f2993bee0868d2acbd3fe457ad89fe7bbf9714ef1acc9c30c4;receipt-evidence:881225205c65832803ecb298133d5141ae7be08854b1c504d9269b2f60f6fb63;plugin-generic:2b8ae9c2141ad7c3556640124c2996d7e3918a9cfea151ba101bf60b7d7e499f
before,b25072c7-3d35-4e9c-a3fa-87b8b5208f6f,91453,2026-10-04T11:48:35.386Z,66211e28734ec32417eab48ad194c2f80ea8da0c,76dd9a0d152fd81db67cde84f354eaf89a00ab70,test-rules:a96f74e7f79c001ce6474e21fe295321e2cba7a29b600f21693e01f30a37b3ba;migration-rules:8491037f42a8a2b95ad38a37d049c00cff49d9a6fec55a34f550b5c8350bc027;receipt-evidence:881225205c65832803ecb298133d5141ae7be08854b1c504d9269b2f60f6fb63
before,b57b4f8c-9142-432c-9438-c1430de2936d,91516,2026-10-04T12:01:24.016Z,0d85b869d9cbdc2d5c3f8a232a42534265ad3826,76dd9a0d152fd81db67cde84f354eaf89a00ab70,design-consistency:70a70a3a6a2a5bd4a5d29faea2f641311cb99401a4458cf74856adb978e6b082;test-rules:a96f74e7f79c001ce6474e21fe295321e2cba7a29b600f21693e01f30a37b3ba;migration-rules:8491037f42a8a2b95ad38a37d049c00cff49d9a6fec55a34f550b5c8350bc027;adr-rules:0c00dde92d16a4f2993bee0868d2acbd3fe457ad89fe7bbf9714ef1acc9c30c4;receipt-evidence:881225205c65832803ecb298133d5141ae7be08854b1c504d9269b2f60f6fb63;architecture-boundaries:a4e82d4b8bc7b06d4418ab7e010356a9ad5c7951cc5209c4bdd0f1b7899b07c0
before,e2445fdc-63fe-4151-bdc6-4d5ecf73d863,91620,2026-10-04T12:19:02.098Z,4723af34fbf6deab8e533ffc56aa5f90766ae894,76dd9a0d152fd81db67cde84f354eaf89a00ab70,design-consistency:70a70a3a6a2a5bd4a5d29faea2f641311cb99401a4458cf74856adb978e6b082;test-rules:a96f74e7f79c001ce6474e21fe295321e2cba7a29b600f21693e01f30a37b3ba;migration-rules:8491037f42a8a2b95ad38a37d049c00cff49d9a6fec55a34f550b5c8350bc027;adr-rules:0c00dde92d16a4f2993bee0868d2acbd3fe457ad89fe7bbf9714ef1acc9c30c4;config-rules:a822ae679a7c6be8ea06bdb5da1fb775eb5688760e33bccaf78d0c0b7d6d369d;receipt-evidence:881225205c65832803ecb298133d5141ae7be08854b1c504d9269b2f60f6fb63;architecture-boundaries:a4e82d4b8bc7b06d4418ab7e010356a9ad5c7951cc5209c4bdd0f1b7899b07c0
before,2471cbba-42b0-4419-9055-a4d80bd42600,92118,2026-10-04T12:29:49.627Z,4723af34fbf6deab8e533ffc56aa5f90766ae894,76dd9a0d152fd81db67cde84f354eaf89a00ab70,design-consistency:70a70a3a6a2a5bd4a5d29faea2f641311cb99401a4458cf74856adb978e6b082;adr-rules:0c00dde92d16a4f2993bee0868d2acbd3fe457ad89fe7bbf9714ef1acc9c30c4;receipt-evidence:881225205c65832803ecb298133d5141ae7be08854b1c504d9269b2f60f6fb63
before,43ca40ac-f40a-4c91-8048-b4630765c2e2,93093,2026-10-04T12:49:46.339Z,c68c3b1cf28127bca3d2943ef2d9221a2c41d1f6,76dd9a0d152fd81db67cde84f354eaf89a00ab70,design-consistency:70a70a3a6a2a5bd4a5d29faea2f641311cb99401a4458cf74856adb978e6b082;test-rules:a96f74e7f79c001ce6474e21fe295321e2cba7a29b600f21693e01f30a37b3ba;adr-rules:0c00dde92d16a4f2993bee0868d2acbd3fe457ad89fe7bbf9714ef1acc9c30c4;receipt-evidence:881225205c65832803ecb298133d5141ae7be08854b1c504d9269b2f60f6fb63;architecture-boundaries:a4e82d4b8bc7b06d4418ab7e010356a9ad5c7951cc5209c4bdd0f1b7899b07c0
before,39eb9c87-c07b-41d2-947b-11fd37083707,92724,2026-10-04T12:42:39.986Z,dc85034362ad7cd4c32dcc628552e625913996fa,76dd9a0d152fd81db67cde84f354eaf89a00ab70,adr-rules:0c00dde92d16a4f2993bee0868d2acbd3fe457ad89fe7bbf9714ef1acc9c30c4;receipt-evidence:881225205c65832803ecb298133d5141ae7be08854b1c504d9269b2f60f6fb63
before,6ad77ab1-2138-40c6-96a2-a406d5947bc4,94114,2026-10-04T13:13:46.484Z,adda99a602531acae52738f39601f418a423fb84,3562351ba77b91e25b42658676f77f49ca64b1f4,design-consistency:de00ea72e188a012b6e7edef316ef5ff1aa5a8f1805fa1070316ad8f4b2f3b9d;test-rules:a96f74e7f79c001ce6474e21fe295321e2cba7a29b600f21693e01f30a37b3ba;migration-rules:8491037f42a8a2b95ad38a37d049c00cff49d9a6fec55a34f550b5c8350bc027;adr-rules:0c00dde92d16a4f2993bee0868d2acbd3fe457ad89fe7bbf9714ef1acc9c30c4;receipt-evidence:881225205c65832803ecb298133d5141ae7be08854b1c504d9269b2f60f6fb63;architecture-boundaries:a4e82d4b8bc7b06d4418ab7e010356a9ad5c7951cc5209c4bdd0f1b7899b07c0
before,49d87965-e2f6-4fc4-8cb7-b8d96414ae80,94208,2026-10-04T13:45:28.910Z,adda99a602531acae52738f39601f418a423fb84,3562351ba77b91e25b42658676f77f49ca64b1f4,test-rules:a96f74e7f79c001ce6474e21fe295321e2cba7a29b600f21693e01f30a37b3ba;migration-rules:8491037f42a8a2b95ad38a37d049c00cff49d9a6fec55a34f550b5c8350bc027;receipt-evidence:881225205c65832803ecb298133d5141ae7be08854b1c504d9269b2f60f6fb63
after,278d3f15-ff01-425e-8af0-33b628edcaf9,94304,2026-10-04T14:01:47.098Z,f46a7963cf708d621bf529eb855ecfb552f78b33,3562351ba77b91e25b42658676f77f49ca64b1f4,design-consistency:de00ea72e188a012b6e7edef316ef5ff1aa5a8f1805fa1070316ad8f4b2f3b9d;test-rules:a96f74e7f79c001ce6474e21fe295321e2cba7a29b600f21693e01f30a37b3ba;migration-rules:8491037f42a8a2b95ad38a37d049c00cff49d9a6fec55a34f550b5c8350bc027;adr-rules:0c00dde92d16a4f2993bee0868d2acbd3fe457ad89fe7bbf9714ef1acc9c30c4;receipt-evidence:881225205c65832803ecb298133d5141ae7be08854b1c504d9269b2f60f6fb63;architecture-boundaries:a4e82d4b8bc7b06d4418ab7e010356a9ad5c7951cc5209c4bdd0f1b7899b07c0
after,44ad0456-3946-4fab-a9db-27c09385314b,94598,2026-10-04T14:45:46.803Z,d751a0c93304aece21c4de99fe41cc0bb3aac76b,3562351ba77b91e25b42658676f77f49ca64b1f4,design-consistency:de00ea72e188a012b6e7edef316ef5ff1aa5a8f1805fa1070316ad8f4b2f3b9d;test-rules:a96f74e7f79c001ce6474e21fe295321e2cba7a29b600f21693e01f30a37b3ba;migration-rules:8491037f42a8a2b95ad38a37d049c00cff49d9a6fec55a34f550b5c8350bc027;adr-rules:0c00dde92d16a4f2993bee0868d2acbd3fe457ad89fe7bbf9714ef1acc9c30c4;receipt-evidence:881225205c65832803ecb298133d5141ae7be08854b1c504d9269b2f60f6fb63;architecture-boundaries:a4e82d4b8bc7b06d4418ab7e010356a9ad5c7951cc5209c4bdd0f1b7899b07c0
after,853c5ae1-26d2-40da-af5d-fc158c669810,94633,2026-10-04T14:54:59.291Z,d751a0c93304aece21c4de99fe41cc0bb3aac76b,3562351ba77b91e25b42658676f77f49ca64b1f4,design-consistency:de00ea72e188a012b6e7edef316ef5ff1aa5a8f1805fa1070316ad8f4b2f3b9d;test-rules:a96f74e7f79c001ce6474e21fe295321e2cba7a29b600f21693e01f30a37b3ba;migration-rules:8491037f42a8a2b95ad38a37d049c00cff49d9a6fec55a34f550b5c8350bc027;adr-rules:0c00dde92d16a4f2993bee0868d2acbd3fe457ad89fe7bbf9714ef1acc9c30c4;receipt-evidence:881225205c65832803ecb298133d5141ae7be08854b1c504d9269b2f60f6fb63;architecture-boundaries:a4e82d4b8bc7b06d4418ab7e010356a9ad5c7951cc5209c4bdd0f1b7899b07c0
after,ae1fdf72-6ec2-462f-8eaa-e80583371076,94626,2026-10-04T14:54:33.604Z,d751a0c93304aece21c4de99fe41cc0bb3aac76b,3562351ba77b91e25b42658676f77f49ca64b1f4,design-consistency:de00ea72e188a012b6e7edef316ef5ff1aa5a8f1805fa1070316ad8f4b2f3b9d;test-rules:a96f74e7f79c001ce6474e21fe295321e2cba7a29b600f21693e01f30a37b3ba;migration-rules:8491037f42a8a2b95ad38a37d049c00cff49d9a6fec55a34f550b5c8350bc027;adr-rules:0c00dde92d16a4f2993bee0868d2acbd3fe457ad89fe7bbf9714ef1acc9c30c4;receipt-evidence:881225205c65832803ecb298133d5141ae7be08854b1c504d9269b2f60f6fb63;architecture-boundaries:a4e82d4b8bc7b06d4418ab7e010356a9ad5c7951cc5209c4bdd0f1b7899b07c0
after,f2ff7df5-4fe1-41e7-8de7-afe6b8637ac7,94909,2026-10-04T15:26:22.338Z,60972db31b70c2b1e607185f6cb4555957d28b64,3562351ba77b91e25b42658676f77f49ca64b1f4,design-consistency:de00ea72e188a012b6e7edef316ef5ff1aa5a8f1805fa1070316ad8f4b2f3b9d;adr-rules:0c00dde92d16a4f2993bee0868d2acbd3fe457ad89fe7bbf9714ef1acc9c30c4;config-rules:a822ae679a7c6be8ea06bdb5da1fb775eb5688760e33bccaf78d0c0b7d6d369d;receipt-evidence:881225205c65832803ecb298133d5141ae7be08854b1c504d9269b2f60f6fb63
after,542e7443-f137-453b-8966-1bf7ef3d547c,95023,2026-10-04T15:42:26.198Z,1f9c9ad235feb13fbc1197e340bb8c2c83bebdd6,3562351ba77b91e25b42658676f77f49ca64b1f4,adr-rules:0c00dde92d16a4f2993bee0868d2acbd3fe457ad89fe7bbf9714ef1acc9c30c4;receipt-evidence:881225205c65832803ecb298133d5141ae7be08854b1c504d9269b2f60f6fb63
after,8db1a6cd-f914-40d3-9709-893408d1b449,96089,2026-10-04T16:24:37.214Z,04d8bb4e527a81a749fb0dcf0efe02215d7bdb4c,3562351ba77b91e25b42658676f77f49ca64b1f4,design-consistency:de00ea72e188a012b6e7edef316ef5ff1aa5a8f1805fa1070316ad8f4b2f3b9d;test-rules:a96f74e7f79c001ce6474e21fe295321e2cba7a29b600f21693e01f30a37b3ba;migration-rules:8491037f42a8a2b95ad38a37d049c00cff49d9a6fec55a34f550b5c8350bc027;adr-rules:0c00dde92d16a4f2993bee0868d2acbd3fe457ad89fe7bbf9714ef1acc9c30c4;receipt-evidence:881225205c65832803ecb298133d5141ae7be08854b1c504d9269b2f60f6fb63;plugin-generic:2b8ae9c2141ad7c3556640124c2996d7e3918a9cfea151ba101bf60b7d7e499f;architecture-boundaries:a4e82d4b8bc7b06d4418ab7e010356a9ad5c7951cc5209c4bdd0f1b7899b07c0
after,dd5e9347-5c16-4aff-a749-d94f1be503a8,96107,2026-10-04T16:31:42.755Z,04d8bb4e527a81a749fb0dcf0efe02215d7bdb4c,3562351ba77b91e25b42658676f77f49ca64b1f4,design-consistency:de00ea72e188a012b6e7edef316ef5ff1aa5a8f1805fa1070316ad8f4b2f3b9d;test-rules:a96f74e7f79c001ce6474e21fe295321e2cba7a29b600f21693e01f30a37b3ba;migration-rules:8491037f42a8a2b95ad38a37d049c00cff49d9a6fec55a34f550b5c8350bc027;adr-rules:0c00dde92d16a4f2993bee0868d2acbd3fe457ad89fe7bbf9714ef1acc9c30c4;config-rules:a822ae679a7c6be8ea06bdb5da1fb775eb5688760e33bccaf78d0c0b7d6d369d;receipt-evidence:881225205c65832803ecb298133d5141ae7be08854b1c504d9269b2f60f6fb63;architecture-boundaries:a4e82d4b8bc7b06d4418ab7e010356a9ad5c7951cc5209c4bdd0f1b7899b07c0
after,4383f305-aa23-40a4-bb0f-b4ef177cb158,96326,2026-10-04T17:28:55.812Z,cfe2fd07eed13953fe3cfc79c8fc569e7c6c568e,2e8f2dd397d8e0e0a2af8526eda301255685deeb,design-consistency:de00ea72e188a012b6e7edef316ef5ff1aa5a8f1805fa1070316ad8f4b2f3b9d;test-rules:25ab490f3332d0e93f1e63cbe5961c7854b5f34ac5ad576fe93b7e0d48c09a9e;migration-rules:8491037f42a8a2b95ad38a37d049c00cff49d9a6fec55a34f550b5c8350bc027;adr-rules:0c00dde92d16a4f2993bee0868d2acbd3fe457ad89fe7bbf9714ef1acc9c30c4;config-rules:a822ae679a7c6be8ea06bdb5da1fb775eb5688760e33bccaf78d0c0b7d6d369d;receipt-evidence:881225205c65832803ecb298133d5141ae7be08854b1c504d9269b2f60f6fb63;architecture-boundaries:a4e82d4b8bc7b06d4418ab7e010356a9ad5c7951cc5209c4bdd0f1b7899b07c0
after,eff71627-6434-4e5f-a4c9-4da107644012,96181,2026-10-04T16:57:24.264Z,824619bff7cc9f6bc467a079471de9838fecb66b,3562351ba77b91e25b42658676f77f49ca64b1f4,design-consistency:de00ea72e188a012b6e7edef316ef5ff1aa5a8f1805fa1070316ad8f4b2f3b9d;adr-rules:0c00dde92d16a4f2993bee0868d2acbd3fe457ad89fe7bbf9714ef1acc9c30c4;config-rules:a822ae679a7c6be8ea06bdb5da1fb775eb5688760e33bccaf78d0c0b7d6d369d;receipt-evidence:881225205c65832803ecb298133d5141ae7be08854b1c504d9269b2f60f6fb63
after,5f34c076-84d6-4e90-8457-1a33d44bfc1a,96259,2026-10-04T17:20:45.187Z,cfe2fd07eed13953fe3cfc79c8fc569e7c6c568e,2e8f2dd397d8e0e0a2af8526eda301255685deeb,design-consistency:de00ea72e188a012b6e7edef316ef5ff1aa5a8f1805fa1070316ad8f4b2f3b9d;test-rules:25ab490f3332d0e93f1e63cbe5961c7854b5f34ac5ad576fe93b7e0d48c09a9e;migration-rules:8491037f42a8a2b95ad38a37d049c00cff49d9a6fec55a34f550b5c8350bc027;adr-rules:0c00dde92d16a4f2993bee0868d2acbd3fe457ad89fe7bbf9714ef1acc9c30c4;receipt-evidence:881225205c65832803ecb298133d5141ae7be08854b1c504d9269b2f60f6fb63
after,bbd11ba3-0056-4621-96a4-fac3d4058ca6,96411,2026-10-04T17:45:20.837Z,8050a60a25419a2d4d09b8733ac269195fa96300,2e8f2dd397d8e0e0a2af8526eda301255685deeb,design-consistency:de00ea72e188a012b6e7edef316ef5ff1aa5a8f1805fa1070316ad8f4b2f3b9d;test-rules:25ab490f3332d0e93f1e63cbe5961c7854b5f34ac5ad576fe93b7e0d48c09a9e;migration-rules:8491037f42a8a2b95ad38a37d049c00cff49d9a6fec55a34f550b5c8350bc027;adr-rules:0c00dde92d16a4f2993bee0868d2acbd3fe457ad89fe7bbf9714ef1acc9c30c4;receipt-evidence:881225205c65832803ecb298133d5141ae7be08854b1c504d9269b2f60f6fb63;plugin-generic:2b8ae9c2141ad7c3556640124c2996d7e3918a9cfea151ba101bf60b7d7e499f;architecture-boundaries:a4e82d4b8bc7b06d4418ab7e010356a9ad5c7951cc5209c4bdd0f1b7899b07c0
after,62a47b7c-22e8-4840-9342-0fffdf1352cf,96442,2026-10-04T17:48:20.407Z,8050a60a25419a2d4d09b8733ac269195fa96300,2e8f2dd397d8e0e0a2af8526eda301255685deeb,design-consistency:de00ea72e188a012b6e7edef316ef5ff1aa5a8f1805fa1070316ad8f4b2f3b9d;test-rules:25ab490f3332d0e93f1e63cbe5961c7854b5f34ac5ad576fe93b7e0d48c09a9e;migration-rules:8491037f42a8a2b95ad38a37d049c00cff49d9a6fec55a34f550b5c8350bc027;adr-rules:0c00dde92d16a4f2993bee0868d2acbd3fe457ad89fe7bbf9714ef1acc9c30c4;receipt-evidence:881225205c65832803ecb298133d5141ae7be08854b1c504d9269b2f60f6fb63;architecture-boundaries:a4e82d4b8bc7b06d4418ab7e010356a9ad5c7951cc5209c4bdd0f1b7899b07c0
after,b8869c02-7458-4f2e-855b-0b703b598d5e,96618,2026-10-04T18:11:38.118Z,3e74b981ce668a934caab639f5143276691efc30,2e8f2dd397d8e0e0a2af8526eda301255685deeb,design-consistency:de00ea72e188a012b6e7edef316ef5ff1aa5a8f1805fa1070316ad8f4b2f3b9d;test-rules:25ab490f3332d0e93f1e63cbe5961c7854b5f34ac5ad576fe93b7e0d48c09a9e;migration-rules:8491037f42a8a2b95ad38a37d049c00cff49d9a6fec55a34f550b5c8350bc027;adr-rules:0c00dde92d16a4f2993bee0868d2acbd3fe457ad89fe7bbf9714ef1acc9c30c4;receipt-evidence:881225205c65832803ecb298133d5141ae7be08854b1c504d9269b2f60f6fb63;plugin-generic:2b8ae9c2141ad7c3556640124c2996d7e3918a9cfea151ba101bf60b7d7e499f;architecture-boundaries:a4e82d4b8bc7b06d4418ab7e010356a9ad5c7951cc5209c4bdd0f1b7899b07c0
after,f3de8eb0-a0f2-4231-a8a9-7e78ae407a2c,96810,2026-10-04T18:43:58.101Z,ed2a9c21e79e7dbc4efe44ec93773b7fe9a4c8ab,2e8f2dd397d8e0e0a2af8526eda301255685deeb,design-consistency:de00ea72e188a012b6e7edef316ef5ff1aa5a8f1805fa1070316ad8f4b2f3b9d;test-rules:25ab490f3332d0e93f1e63cbe5961c7854b5f34ac5ad576fe93b7e0d48c09a9e;migration-rules:8491037f42a8a2b95ad38a37d049c00cff49d9a6fec55a34f550b5c8350bc027;adr-rules:0c00dde92d16a4f2993bee0868d2acbd3fe457ad89fe7bbf9714ef1acc9c30c4;receipt-evidence:881225205c65832803ecb298133d5141ae7be08854b1c504d9269b2f60f6fb63;architecture-boundaries:a4e82d4b8bc7b06d4418ab7e010356a9ad5c7951cc5209c4bdd0f1b7899b07c0
after,d97216b8-eb3a-415f-8716-b087c588f086,96814,2026-10-04T18:43:58.664Z,ed2a9c21e79e7dbc4efe44ec93773b7fe9a4c8ab,2e8f2dd397d8e0e0a2af8526eda301255685deeb,design-consistency:de00ea72e188a012b6e7edef316ef5ff1aa5a8f1805fa1070316ad8f4b2f3b9d;test-rules:25ab490f3332d0e93f1e63cbe5961c7854b5f34ac5ad576fe93b7e0d48c09a9e;migration-rules:8491037f42a8a2b95ad38a37d049c00cff49d9a6fec55a34f550b5c8350bc027;adr-rules:0c00dde92d16a4f2993bee0868d2acbd3fe457ad89fe7bbf9714ef1acc9c30c4;receipt-evidence:881225205c65832803ecb298133d5141ae7be08854b1c504d9269b2f60f6fb63;architecture-boundaries:a4e82d4b8bc7b06d4418ab7e010356a9ad5c7951cc5209c4bdd0f1b7899b07c0
after,c9c14221-6127-4713-bf1e-447c83a29823,97225,2026-10-04T19:20:43.304Z,6cb5e894fcc5beedf3673c3cb95291f7ad621e47,2e8f2dd397d8e0e0a2af8526eda301255685deeb,design-consistency:de00ea72e188a012b6e7edef316ef5ff1aa5a8f1805fa1070316ad8f4b2f3b9d;test-rules:25ab490f3332d0e93f1e63cbe5961c7854b5f34ac5ad576fe93b7e0d48c09a9e;migration-rules:8491037f42a8a2b95ad38a37d049c00cff49d9a6fec55a34f550b5c8350bc027;adr-rules:0c00dde92d16a4f2993bee0868d2acbd3fe457ad89fe7bbf9714ef1acc9c30c4;receipt-evidence:881225205c65832803ecb298133d5141ae7be08854b1c504d9269b2f60f6fb63;architecture-boundaries:a4e82d4b8bc7b06d4418ab7e010356a9ad5c7951cc5209c4bdd0f1b7899b07c0
after,45da0904-5054-4f78-a685-8afd374f386e,96992,2026-10-04T19:02:06.488Z,ed2a9c21e79e7dbc4efe44ec93773b7fe9a4c8ab,2e8f2dd397d8e0e0a2af8526eda301255685deeb,design-consistency:de00ea72e188a012b6e7edef316ef5ff1aa5a8f1805fa1070316ad8f4b2f3b9d;adr-rules:0c00dde92d16a4f2993bee0868d2acbd3fe457ad89fe7bbf9714ef1acc9c30c4;receipt-evidence:881225205c65832803ecb298133d5141ae7be08854b1c504d9269b2f60f6fb63
after,a256a156-f5d4-44b4-8baf-4ca064aa9b4d,97146,2026-10-04T19:14:52.909Z,6cb5e894fcc5beedf3673c3cb95291f7ad621e47,2e8f2dd397d8e0e0a2af8526eda301255685deeb,design-consistency:de00ea72e188a012b6e7edef316ef5ff1aa5a8f1805fa1070316ad8f4b2f3b9d;test-rules:25ab490f3332d0e93f1e63cbe5961c7854b5f34ac5ad576fe93b7e0d48c09a9e;migration-rules:8491037f42a8a2b95ad38a37d049c00cff49d9a6fec55a34f550b5c8350bc027;adr-rules:0c00dde92d16a4f2993bee0868d2acbd3fe457ad89fe7bbf9714ef1acc9c30c4;receipt-evidence:881225205c65832803ecb298133d5141ae7be08854b1c504d9269b2f60f6fb63;architecture-boundaries:a4e82d4b8bc7b06d4418ab7e010356a9ad5c7951cc5209c4bdd0f1b7899b07c0
after,64a3dfee-3dd3-4df9-9a96-2117817b76ec,97330,2026-10-04T19:54:23.001Z,0df576f25d12e1b5fc1b789cdde93e47756b9e9e,2e8f2dd397d8e0e0a2af8526eda301255685deeb,test-rules:25ab490f3332d0e93f1e63cbe5961c7854b5f34ac5ad576fe93b7e0d48c09a9e;migration-rules:8491037f42a8a2b95ad38a37d049c00cff49d9a6fec55a34f550b5c8350bc027;receipt-evidence:881225205c65832803ecb298133d5141ae7be08854b1c504d9269b2f60f6fb63
after,1dc0d5cf-fe32-4579-ba47-616af532ec57,97438,2026-10-04T20:10:11.542Z,79a47c1a50ae08346ce8ce3ce4708d5a78fa39d3,2e8f2dd397d8e0e0a2af8526eda301255685deeb,design-consistency:de00ea72e188a012b6e7edef316ef5ff1aa5a8f1805fa1070316ad8f4b2f3b9d;test-rules:25ab490f3332d0e93f1e63cbe5961c7854b5f34ac5ad576fe93b7e0d48c09a9e;migration-rules:8491037f42a8a2b95ad38a37d049c00cff49d9a6fec55a34f550b5c8350bc027;adr-rules:0c00dde92d16a4f2993bee0868d2acbd3fe457ad89fe7bbf9714ef1acc9c30c4;receipt-evidence:881225205c65832803ecb298133d5141ae7be08854b1c504d9269b2f60f6fb63;architecture-boundaries:a4e82d4b8bc7b06d4418ab7e010356a9ad5c7951cc5209c4bdd0f1b7899b07c0
after,5d5b2b28-90a5-4c69-bf5e-622650d717e7,97548,2026-10-04T20:29:25.062Z,7738410640251ecd1524de863a91406a25df4a90,2e8f2dd397d8e0e0a2af8526eda301255685deeb,adr-rules:0c00dde92d16a4f2993bee0868d2acbd3fe457ad89fe7bbf9714ef1acc9c30c4;receipt-evidence:881225205c65832803ecb298133d5141ae7be08854b1c504d9269b2f60f6fb63
after,4bc7f1b4-c735-4c29-9551-541ba6022c86,97484,2026-10-04T20:17:43.211Z,79a47c1a50ae08346ce8ce3ce4708d5a78fa39d3,2e8f2dd397d8e0e0a2af8526eda301255685deeb,design-consistency:de00ea72e188a012b6e7edef316ef5ff1aa5a8f1805fa1070316ad8f4b2f3b9d;test-rules:25ab490f3332d0e93f1e63cbe5961c7854b5f34ac5ad576fe93b7e0d48c09a9e;migration-rules:8491037f42a8a2b95ad38a37d049c00cff49d9a6fec55a34f550b5c8350bc027;adr-rules:0c00dde92d16a4f2993bee0868d2acbd3fe457ad89fe7bbf9714ef1acc9c30c4;receipt-evidence:881225205c65832803ecb298133d5141ae7be08854b1c504d9269b2f60f6fb63;plugin-generic:2b8ae9c2141ad7c3556640124c2996d7e3918a9cfea151ba101bf60b7d7e499f;architecture-boundaries:a4e82d4b8bc7b06d4418ab7e010356a9ad5c7951cc5209c4bdd0f1b7899b07c0
after,b826f03c-b395-4222-ae6e-367909c6e270,98932,2026-10-04T23:26:20.093Z,6f625decfdec3423484466371d892cd204db49a8,2e8f2dd397d8e0e0a2af8526eda301255685deeb,design-consistency:de00ea72e188a012b6e7edef316ef5ff1aa5a8f1805fa1070316ad8f4b2f3b9d;test-rules:25ab490f3332d0e93f1e63cbe5961c7854b5f34ac5ad576fe93b7e0d48c09a9e;migration-rules:8491037f42a8a2b95ad38a37d049c00cff49d9a6fec55a34f550b5c8350bc027;adr-rules:0c00dde92d16a4f2993bee0868d2acbd3fe457ad89fe7bbf9714ef1acc9c30c4;receipt-evidence:881225205c65832803ecb298133d5141ae7be08854b1c504d9269b2f60f6fb63;plugin-generic:2b8ae9c2141ad7c3556640124c2996d7e3918a9cfea151ba101bf60b7d7e499f;architecture-boundaries:a4e82d4b8bc7b06d4418ab7e010356a9ad5c7951cc5209c4bdd0f1b7899b07c0
after,2837a347-c25e-4eb2-8401-1d398fc2fe86,97662,2026-10-04T20:36:01.219Z,5926ab9ab69fb1ff87c9030defbbac39b3873906,2e8f2dd397d8e0e0a2af8526eda301255685deeb,receipt-evidence:881225205c65832803ecb298133d5141ae7be08854b1c504d9269b2f60f6fb63
after,05b78767-59d9-4379-933c-23e6316db145,97715,2026-10-04T20:41:47.553Z,b356b605aebf561633953bcc2b98fe86cd6f46bb,2e8f2dd397d8e0e0a2af8526eda301255685deeb,receipt-evidence:881225205c65832803ecb298133d5141ae7be08854b1c504d9269b2f60f6fb63;plugin-generic:2b8ae9c2141ad7c3556640124c2996d7e3918a9cfea151ba101bf60b7d7e499f
after,5746a32e-64dd-4d3e-8352-93e67af75358,97777,2026-10-04T20:46:05.451Z,4a09bbc4d388241c5854b5b864a3a8f560565c08,2e8f2dd397d8e0e0a2af8526eda301255685deeb,design-consistency:de00ea72e188a012b6e7edef316ef5ff1aa5a8f1805fa1070316ad8f4b2f3b9d;test-rules:25ab490f3332d0e93f1e63cbe5961c7854b5f34ac5ad576fe93b7e0d48c09a9e;migration-rules:8491037f42a8a2b95ad38a37d049c00cff49d9a6fec55a34f550b5c8350bc027;adr-rules:0c00dde92d16a4f2993bee0868d2acbd3fe457ad89fe7bbf9714ef1acc9c30c4;receipt-evidence:881225205c65832803ecb298133d5141ae7be08854b1c504d9269b2f60f6fb63;architecture-boundaries:a4e82d4b8bc7b06d4418ab7e010356a9ad5c7951cc5209c4bdd0f1b7899b07c0
after,f4c6e714-798f-4b98-8e79-c9fc271e5869,97842,2026-10-04T20:56:19.944Z,4a09bbc4d388241c5854b5b864a3a8f560565c08,2e8f2dd397d8e0e0a2af8526eda301255685deeb,design-consistency:de00ea72e188a012b6e7edef316ef5ff1aa5a8f1805fa1070316ad8f4b2f3b9d;test-rules:25ab490f3332d0e93f1e63cbe5961c7854b5f34ac5ad576fe93b7e0d48c09a9e;adr-rules:0c00dde92d16a4f2993bee0868d2acbd3fe457ad89fe7bbf9714ef1acc9c30c4;receipt-evidence:881225205c65832803ecb298133d5141ae7be08854b1c504d9269b2f60f6fb63;architecture-boundaries:a4e82d4b8bc7b06d4418ab7e010356a9ad5c7951cc5209c4bdd0f1b7899b07c0
after,b11084f7-fb68-46cf-951c-36ca6cd7f42f,97935,2026-10-04T21:12:03.922Z,3ccae59cd580d920897776d326cde85f17398886,2e8f2dd397d8e0e0a2af8526eda301255685deeb,design-consistency:de00ea72e188a012b6e7edef316ef5ff1aa5a8f1805fa1070316ad8f4b2f3b9d;test-rules:25ab490f3332d0e93f1e63cbe5961c7854b5f34ac5ad576fe93b7e0d48c09a9e;migration-rules:8491037f42a8a2b95ad38a37d049c00cff49d9a6fec55a34f550b5c8350bc027;adr-rules:0c00dde92d16a4f2993bee0868d2acbd3fe457ad89fe7bbf9714ef1acc9c30c4;receipt-evidence:881225205c65832803ecb298133d5141ae7be08854b1c504d9269b2f60f6fb63;architecture-boundaries:a4e82d4b8bc7b06d4418ab7e010356a9ad5c7951cc5209c4bdd0f1b7899b07c0
after,115d7cf9-e41a-4a81-b031-4ecb1f092481,98010,2026-10-04T21:23:20.634Z,1a43a77811b0ed141c9f6f742e6148e9f74338ff,2e8f2dd397d8e0e0a2af8526eda301255685deeb,design-consistency:de00ea72e188a012b6e7edef316ef5ff1aa5a8f1805fa1070316ad8f4b2f3b9d;test-rules:25ab490f3332d0e93f1e63cbe5961c7854b5f34ac5ad576fe93b7e0d48c09a9e;migration-rules:8491037f42a8a2b95ad38a37d049c00cff49d9a6fec55a34f550b5c8350bc027;adr-rules:0c00dde92d16a4f2993bee0868d2acbd3fe457ad89fe7bbf9714ef1acc9c30c4;receipt-evidence:881225205c65832803ecb298133d5141ae7be08854b1c504d9269b2f60f6fb63;architecture-boundaries:a4e82d4b8bc7b06d4418ab7e010356a9ad5c7951cc5209c4bdd0f1b7899b07c0
after,b373d37b-7175-4e7f-a3bf-ccfaf7049def,98013,2026-10-04T21:23:21.120Z,1a43a77811b0ed141c9f6f742e6148e9f74338ff,2e8f2dd397d8e0e0a2af8526eda301255685deeb,adr-rules:0c00dde92d16a4f2993bee0868d2acbd3fe457ad89fe7bbf9714ef1acc9c30c4;receipt-evidence:881225205c65832803ecb298133d5141ae7be08854b1c504d9269b2f60f6fb63
after,542fa1a4-e38b-4205-85a7-a1199be31b94,98202,2026-10-04T21:48:40.903Z,445f23e6c8714e9e24c08fcce1f4f2cbefdfcb08,2e8f2dd397d8e0e0a2af8526eda301255685deeb,design-consistency:de00ea72e188a012b6e7edef316ef5ff1aa5a8f1805fa1070316ad8f4b2f3b9d;test-rules:25ab490f3332d0e93f1e63cbe5961c7854b5f34ac5ad576fe93b7e0d48c09a9e;migration-rules:8491037f42a8a2b95ad38a37d049c00cff49d9a6fec55a34f550b5c8350bc027;adr-rules:0c00dde92d16a4f2993bee0868d2acbd3fe457ad89fe7bbf9714ef1acc9c30c4;receipt-evidence:881225205c65832803ecb298133d5141ae7be08854b1c504d9269b2f60f6fb63;architecture-boundaries:a4e82d4b8bc7b06d4418ab7e010356a9ad5c7951cc5209c4bdd0f1b7899b07c0
after,8578ff75-632a-4d9d-9013-0a7e76b5648f,98983,2026-10-04T23:49:05.158Z,6f625decfdec3423484466371d892cd204db49a8,2e8f2dd397d8e0e0a2af8526eda301255685deeb,adr-rules:0c00dde92d16a4f2993bee0868d2acbd3fe457ad89fe7bbf9714ef1acc9c30c4;receipt-evidence:881225205c65832803ecb298133d5141ae7be08854b1c504d9269b2f60f6fb63
after,9207fcfd-e0f3-43cf-a572-2aa8fe5f366d,98464,2026-10-04T22:22:46.445Z,464857c5ba060704e04a1969a8aa0f9d4b7998e2,2e8f2dd397d8e0e0a2af8526eda301255685deeb,design-consistency:de00ea72e188a012b6e7edef316ef5ff1aa5a8f1805fa1070316ad8f4b2f3b9d;test-rules:25ab490f3332d0e93f1e63cbe5961c7854b5f34ac5ad576fe93b7e0d48c09a9e;migration-rules:8491037f42a8a2b95ad38a37d049c00cff49d9a6fec55a34f550b5c8350bc027;adr-rules:0c00dde92d16a4f2993bee0868d2acbd3fe457ad89fe7bbf9714ef1acc9c30c4;receipt-evidence:881225205c65832803ecb298133d5141ae7be08854b1c504d9269b2f60f6fb63;plugin-generic:2b8ae9c2141ad7c3556640124c2996d7e3918a9cfea151ba101bf60b7d7e499f;architecture-boundaries:a4e82d4b8bc7b06d4418ab7e010356a9ad5c7951cc5209c4bdd0f1b7899b07c0
after,64b1a4f1-92c9-4eb7-9a1c-392d2bbd4fb1,98542,2026-10-04T22:25:03.636Z,464857c5ba060704e04a1969a8aa0f9d4b7998e2,2e8f2dd397d8e0e0a2af8526eda301255685deeb,design-consistency:de00ea72e188a012b6e7edef316ef5ff1aa5a8f1805fa1070316ad8f4b2f3b9d;adr-rules:0c00dde92d16a4f2993bee0868d2acbd3fe457ad89fe7bbf9714ef1acc9c30c4;receipt-evidence:881225205c65832803ecb298133d5141ae7be08854b1c504d9269b2f60f6fb63
after,d6790cac-3649-4b76-8600-6c6d902e44e1,98716,2026-10-04T22:57:01.714Z,cbe04981dda0ecd209132a476ca2032b1bd9e278,2e8f2dd397d8e0e0a2af8526eda301255685deeb,design-consistency:de00ea72e188a012b6e7edef316ef5ff1aa5a8f1805fa1070316ad8f4b2f3b9d;test-rules:25ab490f3332d0e93f1e63cbe5961c7854b5f34ac5ad576fe93b7e0d48c09a9e;migration-rules:8491037f42a8a2b95ad38a37d049c00cff49d9a6fec55a34f550b5c8350bc027;adr-rules:0c00dde92d16a4f2993bee0868d2acbd3fe457ad89fe7bbf9714ef1acc9c30c4;config-rules:a822ae679a7c6be8ea06bdb5da1fb775eb5688760e33bccaf78d0c0b7d6d369d;receipt-evidence:881225205c65832803ecb298133d5141ae7be08854b1c504d9269b2f60f6fb63;plugin-generic:2b8ae9c2141ad7c3556640124c2996d7e3918a9cfea151ba101bf60b7d7e499f;architecture-boundaries:a4e82d4b8bc7b06d4418ab7e010356a9ad5c7951cc5209c4bdd0f1b7899b07c0
after,857eea61-452f-489f-b956-b9edf208e5c5,99990,2026-10-05T00:38:12.160Z,055ab7219aedc8b0e958b974a4ee5bddee792beb,2e8f2dd397d8e0e0a2af8526eda301255685deeb,design-consistency:de00ea72e188a012b6e7edef316ef5ff1aa5a8f1805fa1070316ad8f4b2f3b9d;test-rules:25ab490f3332d0e93f1e63cbe5961c7854b5f34ac5ad576fe93b7e0d48c09a9e;migration-rules:8491037f42a8a2b95ad38a37d049c00cff49d9a6fec55a34f550b5c8350bc027;adr-rules:0c00dde92d16a4f2993bee0868d2acbd3fe457ad89fe7bbf9714ef1acc9c30c4;receipt-evidence:881225205c65832803ecb298133d5141ae7be08854b1c504d9269b2f60f6fb63;architecture-boundaries:a4e82d4b8bc7b06d4418ab7e010356a9ad5c7951cc5209c4bdd0f1b7899b07c0
after,371aa87a-d085-41b6-8827-ec4503307ae7,100040,2026-10-05T00:40:30.110Z,055ab7219aedc8b0e958b974a4ee5bddee792beb,2e8f2dd397d8e0e0a2af8526eda301255685deeb,test-rules:25ab490f3332d0e93f1e63cbe5961c7854b5f34ac5ad576fe93b7e0d48c09a9e;migration-rules:8491037f42a8a2b95ad38a37d049c00cff49d9a6fec55a34f550b5c8350bc027;receipt-evidence:881225205c65832803ecb298133d5141ae7be08854b1c504d9269b2f60f6fb63
after,068c08e3-eb24-4437-b01f-de7f6dd028c1,100438,2026-10-05T01:32:41.667Z,c7558779d2900a039edb93e822bc96d0413c2e23,2e8f2dd397d8e0e0a2af8526eda301255685deeb,design-consistency:de00ea72e188a012b6e7edef316ef5ff1aa5a8f1805fa1070316ad8f4b2f3b9d;test-rules:25ab490f3332d0e93f1e63cbe5961c7854b5f34ac5ad576fe93b7e0d48c09a9e;migration-rules:8491037f42a8a2b95ad38a37d049c00cff49d9a6fec55a34f550b5c8350bc027;adr-rules:0c00dde92d16a4f2993bee0868d2acbd3fe457ad89fe7bbf9714ef1acc9c30c4;receipt-evidence:881225205c65832803ecb298133d5141ae7be08854b1c504d9269b2f60f6fb63;plugin-generic:2b8ae9c2141ad7c3556640124c2996d7e3918a9cfea151ba101bf60b7d7e499f;architecture-boundaries:a4e82d4b8bc7b06d4418ab7e010356a9ad5c7951cc5209c4bdd0f1b7899b07c0
after,1db376a4-489a-478d-a932-969346224528,100330,2026-10-05T01:14:06.904Z,5d22997f1487041e9d52b891e2fcc0dcfe351568,2e8f2dd397d8e0e0a2af8526eda301255685deeb,design-consistency:de00ea72e188a012b6e7edef316ef5ff1aa5a8f1805fa1070316ad8f4b2f3b9d;test-rules:25ab490f3332d0e93f1e63cbe5961c7854b5f34ac5ad576fe93b7e0d48c09a9e;adr-rules:0c00dde92d16a4f2993bee0868d2acbd3fe457ad89fe7bbf9714ef1acc9c30c4;receipt-evidence:881225205c65832803ecb298133d5141ae7be08854b1c504d9269b2f60f6fb63;architecture-boundaries:a4e82d4b8bc7b06d4418ab7e010356a9ad5c7951cc5209c4bdd0f1b7899b07c0
