interval,run_id,task_id,event_id,kind,created_at,attempt
before,161e4b24-906e-4711-8a84-a5566683e4d8,1339,80568,run_claimed,2026-10-04T01:01:20.074Z,
before,161e4b24-906e-4711-8a84-a5566683e4d8,1339,80786,receipt_observed,2026-10-04T01:26:41.657Z,
before,161e4b24-906e-4711-8a84-a5566683e4d8,1339,80791,validation_finished,2026-10-04T01:26:53.711Z,
before,161e4b24-906e-4711-8a84-a5566683e4d8,1339,80792,review_started,2026-10-04T01:26:53.804Z,1
before,161e4b24-906e-4711-8a84-a5566683e4d8,1339,80817,review_finished,2026-10-04T01:28:47.691Z,1
before,161e4b24-906e-4711-8a84-a5566683e4d8,1339,80820,revise_requested,2026-10-04T01:28:47.791Z,1
before,161e4b24-906e-4711-8a84-a5566683e4d8,1339,80828,validation_finished,2026-10-04T01:29:21.836Z,
before,161e4b24-906e-4711-8a84-a5566683e4d8,1339,80829,review_started,2026-10-04T01:29:22.050Z,2
before,161e4b24-906e-4711-8a84-a5566683e4d8,1339,80845,review_finished,2026-10-04T01:31:32.954Z,2
before,161e4b24-906e-4711-8a84-a5566683e4d8,1339,80922,run_integrated,2026-10-04T01:46:56.931Z,
before,ec42db79-7815-44ae-979a-6c3a6adb9f3e,1467,80660,run_claimed,2026-10-04T01:16:53.926Z,
before,ec42db79-7815-44ae-979a-6c3a6adb9f3e,1467,80771,receipt_observed,2026-10-04T01:26:03.773Z,
before,ec42db79-7815-44ae-979a-6c3a6adb9f3e,1467,80775,validation_finished,2026-10-04T01:26:16.726Z,
before,ec42db79-7815-44ae-979a-6c3a6adb9f3e,1467,80776,review_started,2026-10-04T01:26:16.876Z,1
before,ec42db79-7815-44ae-979a-6c3a6adb9f3e,1467,80803,review_finished,2026-10-04T01:27:36.137Z,1
before,ec42db79-7815-44ae-979a-6c3a6adb9f3e,1467,80868,run_integrated,2026-10-04T01:38:01.790Z,
before,e080a3ed-ad7d-47c6-bc29-2c89b6b89cda,1549,80985,run_claimed,2026-10-04T01:53:48.323Z,
before,e080a3ed-ad7d-47c6-bc29-2c89b6b89cda,1549,81147,receipt_observed,2026-10-04T02:12:36.899Z,
before,e080a3ed-ad7d-47c6-bc29-2c89b6b89cda,1549,81151,validation_finished,2026-10-04T02:12:49.697Z,
before,e080a3ed-ad7d-47c6-bc29-2c89b6b89cda,1549,81152,review_started,2026-10-04T02:12:50.095Z,1
before,e080a3ed-ad7d-47c6-bc29-2c89b6b89cda,1549,81154,review_finished,2026-10-04T02:14:13.858Z,1
before,e080a3ed-ad7d-47c6-bc29-2c89b6b89cda,1549,81157,revise_requested,2026-10-04T02:14:14.067Z,1
before,e080a3ed-ad7d-47c6-bc29-2c89b6b89cda,1549,81166,validation_finished,2026-10-04T02:15:30.436Z,
before,e080a3ed-ad7d-47c6-bc29-2c89b6b89cda,1549,81167,review_started,2026-10-04T02:15:30.579Z,2
before,e080a3ed-ad7d-47c6-bc29-2c89b6b89cda,1549,81207,review_finished,2026-10-04T02:17:17.173Z,2
before,e080a3ed-ad7d-47c6-bc29-2c89b6b89cda,1549,81269,run_integrated,2026-10-04T02:29:49.995Z,
before,0de6cd72-bb17-45b8-815a-67df22a1101b,1505,81287,run_claimed,2026-10-04T02:30:17.609Z,
before,0de6cd72-bb17-45b8-815a-67df22a1101b,1505,81637,receipt_observed,2026-10-04T03:06:09.737Z,
before,0de6cd72-bb17-45b8-815a-67df22a1101b,1505,81641,validation_finished,2026-10-04T03:06:17.966Z,
before,0de6cd72-bb17-45b8-815a-67df22a1101b,1505,81642,review_started,2026-10-04T03:06:18.214Z,1
before,0de6cd72-bb17-45b8-815a-67df22a1101b,1505,81684,review_finished,2026-10-04T03:09:36.113Z,1
before,0de6cd72-bb17-45b8-815a-67df22a1101b,1505,81687,revise_requested,2026-10-04T03:09:36.126Z,1
before,0de6cd72-bb17-45b8-815a-67df22a1101b,1505,81728,validation_finished,2026-10-04T03:17:09.778Z,
before,0de6cd72-bb17-45b8-815a-67df22a1101b,1505,81729,review_started,2026-10-04T03:17:10.139Z,2
before,0de6cd72-bb17-45b8-815a-67df22a1101b,1505,81750,review_finished,2026-10-04T03:19:32.078Z,2
before,0de6cd72-bb17-45b8-815a-67df22a1101b,1505,81753,revise_requested,2026-10-04T03:19:32.091Z,2
before,0de6cd72-bb17-45b8-815a-67df22a1101b,1505,81834,validation_finished,2026-10-04T03:31:35.134Z,
before,0de6cd72-bb17-45b8-815a-67df22a1101b,1505,81835,review_started,2026-10-04T03:31:35.246Z,3
before,0de6cd72-bb17-45b8-815a-67df22a1101b,1505,81841,review_finished,2026-10-04T03:37:00.340Z,3
before,0de6cd72-bb17-45b8-815a-67df22a1101b,1505,81872,run_integrated,2026-10-04T03:49:16.544Z,
before,6357a771-18de-44db-a425-e73f6efbaead,1583,81348,run_claimed,2026-10-04T02:33:17.950Z,
before,6357a771-18de-44db-a425-e73f6efbaead,1583,81376,run_waiting_started,2026-10-04T02:38:14.946Z,
before,6357a771-18de-44db-a425-e73f6efbaead,1583,81499,run_waiting_ended,2026-10-04T02:48:53.351Z,
before,6357a771-18de-44db-a425-e73f6efbaead,1583,81508,run_waiting_started,2026-10-04T02:50:39.211Z,
before,6357a771-18de-44db-a425-e73f6efbaead,1583,81769,run_waiting_ended,2026-10-04T03:24:26.460Z,
before,6357a771-18de-44db-a425-e73f6efbaead,1583,81892,receipt_observed,2026-10-04T03:50:41.825Z,
before,6357a771-18de-44db-a425-e73f6efbaead,1583,81897,validation_finished,2026-10-04T03:50:49.203Z,
before,6357a771-18de-44db-a425-e73f6efbaead,1583,81898,review_started,2026-10-04T03:50:49.424Z,1
before,6357a771-18de-44db-a425-e73f6efbaead,1583,81908,review_finished,2026-10-04T03:53:45.465Z,1
before,6357a771-18de-44db-a425-e73f6efbaead,1583,82097,run_integrated,2026-10-04T04:25:46.360Z,
before,9874facf-b0e8-47dd-9d93-5d4052d079a2,1189,81378,run_claimed,2026-10-04T02:38:33.078Z,
before,9874facf-b0e8-47dd-9d93-5d4052d079a2,1189,81463,receipt_observed,2026-10-04T02:47:19.838Z,
before,9874facf-b0e8-47dd-9d93-5d4052d079a2,1189,81467,validation_finished,2026-10-04T02:47:27.600Z,
before,9874facf-b0e8-47dd-9d93-5d4052d079a2,1189,81545,validation_finished,2026-10-04T02:51:48.240Z,
before,9874facf-b0e8-47dd-9d93-5d4052d079a2,1189,81546,review_started,2026-10-04T02:51:48.341Z,1
before,9874facf-b0e8-47dd-9d93-5d4052d079a2,1189,81555,review_finished,2026-10-04T02:53:47.757Z,1
before,9874facf-b0e8-47dd-9d93-5d4052d079a2,1189,81558,revise_requested,2026-10-04T02:53:47.799Z,1
before,9874facf-b0e8-47dd-9d93-5d4052d079a2,1189,81581,validation_finished,2026-10-04T02:55:59.518Z,
before,9874facf-b0e8-47dd-9d93-5d4052d079a2,1189,81582,review_started,2026-10-04T02:55:59.742Z,2
before,9874facf-b0e8-47dd-9d93-5d4052d079a2,1189,81587,review_finished,2026-10-04T02:57:35.560Z,2
before,9874facf-b0e8-47dd-9d93-5d4052d079a2,1189,81732,run_integrated,2026-10-04T03:19:03.852Z,
before,719a11ef-7343-4e3e-9641-f510e9d4e03f,1639,81744,run_claimed,2026-10-04T03:19:31.387Z,
before,719a11ef-7343-4e3e-9641-f510e9d4e03f,1639,81770,receipt_observed,2026-10-04T03:24:38.979Z,
before,719a11ef-7343-4e3e-9641-f510e9d4e03f,1639,81774,validation_finished,2026-10-04T03:24:48.769Z,
before,719a11ef-7343-4e3e-9641-f510e9d4e03f,1639,81775,review_started,2026-10-04T03:24:48.840Z,1
before,719a11ef-7343-4e3e-9641-f510e9d4e03f,1639,81777,review_finished,2026-10-04T03:26:34.242Z,1
before,719a11ef-7343-4e3e-9641-f510e9d4e03f,1639,81780,revise_requested,2026-10-04T03:26:34.264Z,1
before,719a11ef-7343-4e3e-9641-f510e9d4e03f,1639,81788,validation_finished,2026-10-04T03:27:01.645Z,
before,719a11ef-7343-4e3e-9641-f510e9d4e03f,1639,81789,review_started,2026-10-04T03:27:01.706Z,2
before,719a11ef-7343-4e3e-9641-f510e9d4e03f,1639,81792,review_finished,2026-10-04T03:27:54.096Z,2
before,719a11ef-7343-4e3e-9641-f510e9d4e03f,1639,81805,run_integrated,2026-10-04T03:28:01.123Z,
before,779a05bb-8929-4ca6-88d0-476412309ef3,1408,81880,run_claimed,2026-10-04T03:49:32.319Z,
before,779a05bb-8929-4ca6-88d0-476412309ef3,1408,81920,receipt_observed,2026-10-04T03:57:22.934Z,
before,779a05bb-8929-4ca6-88d0-476412309ef3,1408,81924,validation_finished,2026-10-04T03:57:32.613Z,
before,779a05bb-8929-4ca6-88d0-476412309ef3,1408,81925,review_started,2026-10-04T03:57:32.707Z,1
before,779a05bb-8929-4ca6-88d0-476412309ef3,1408,81927,review_finished,2026-10-04T03:58:29.405Z,1
before,779a05bb-8929-4ca6-88d0-476412309ef3,1408,81976,run_integrated,2026-10-04T04:09:25.966Z,
before,cc801ef6-5ffe-4fc8-8644-f30ba3626b24,1507,81999,run_claimed,2026-10-04T04:09:32.183Z,
before,cc801ef6-5ffe-4fc8-8644-f30ba3626b24,1507,82161,receipt_observed,2026-10-04T04:36:59.593Z,
before,cc801ef6-5ffe-4fc8-8644-f30ba3626b24,1507,82165,validation_finished,2026-10-04T04:37:11.297Z,
before,cc801ef6-5ffe-4fc8-8644-f30ba3626b24,1507,82166,review_started,2026-10-04T04:37:11.481Z,1
before,cc801ef6-5ffe-4fc8-8644-f30ba3626b24,1507,82168,review_finished,2026-10-04T04:38:54.965Z,1
before,cc801ef6-5ffe-4fc8-8644-f30ba3626b24,1507,82171,revise_requested,2026-10-04T04:38:55.055Z,1
before,cc801ef6-5ffe-4fc8-8644-f30ba3626b24,1507,82186,validation_finished,2026-10-04T04:41:42.378Z,
before,cc801ef6-5ffe-4fc8-8644-f30ba3626b24,1507,82187,review_started,2026-10-04T04:41:42.504Z,2
before,cc801ef6-5ffe-4fc8-8644-f30ba3626b24,1507,82189,review_finished,2026-10-04T04:43:55.294Z,2
before,cc801ef6-5ffe-4fc8-8644-f30ba3626b24,1507,82192,revise_requested,2026-10-04T04:43:55.323Z,2
before,cc801ef6-5ffe-4fc8-8644-f30ba3626b24,1507,82218,validation_finished,2026-10-04T04:48:22.982Z,
before,cc801ef6-5ffe-4fc8-8644-f30ba3626b24,1507,82219,review_started,2026-10-04T04:48:23.097Z,3
before,cc801ef6-5ffe-4fc8-8644-f30ba3626b24,1507,82221,review_finished,2026-10-04T04:50:04.749Z,3
before,cc801ef6-5ffe-4fc8-8644-f30ba3626b24,1507,82269,run_integrated,2026-10-04T05:00:30.888Z,
before,280d9606-8784-412a-b886-91c8a18abf84,1506,82110,run_claimed,2026-10-04T04:26:00.258Z,
before,280d9606-8784-412a-b886-91c8a18abf84,1506,82291,receipt_observed,2026-10-04T05:01:01.873Z,
before,280d9606-8784-412a-b886-91c8a18abf84,1506,82313,validation_finished,2026-10-04T05:01:13.292Z,
before,280d9606-8784-412a-b886-91c8a18abf84,1506,82314,review_started,2026-10-04T05:01:13.540Z,1
before,280d9606-8784-412a-b886-91c8a18abf84,1506,82318,review_finished,2026-10-04T05:02:45.117Z,1
before,280d9606-8784-412a-b886-91c8a18abf84,1506,82378,validation_finished,2026-10-04T05:12:00.206Z,
before,280d9606-8784-412a-b886-91c8a18abf84,1506,82379,review_started,2026-10-04T05:12:00.424Z,2
before,280d9606-8784-412a-b886-91c8a18abf84,1506,82409,review_finished,2026-10-04T05:17:21.979Z,2
before,280d9606-8784-412a-b886-91c8a18abf84,1506,82441,run_integrated,2026-10-04T05:27:09.035Z,
before,3e3e6758-831f-4bbf-91a0-b301f2320489,1658,82204,run_claimed,2026-10-04T04:47:50.500Z,
before,3e3e6758-831f-4bbf-91a0-b301f2320489,1658,82244,receipt_observed,2026-10-04T04:54:24.490Z,
before,3e3e6758-831f-4bbf-91a0-b301f2320489,1658,82248,validation_finished,2026-10-04T04:54:34.482Z,
before,3e3e6758-831f-4bbf-91a0-b301f2320489,1658,82249,review_started,2026-10-04T04:54:34.757Z,1
before,3e3e6758-831f-4bbf-91a0-b301f2320489,1658,82253,review_finished,2026-10-04T04:56:12.833Z,1
before,3e3e6758-831f-4bbf-91a0-b301f2320489,1658,82382,run_integrated,2026-10-04T05:12:13.821Z,
before,04500685-3fa3-405c-a5ec-092d09f5058f,1508,82299,run_claimed,2026-10-04T05:01:07.724Z,
before,04500685-3fa3-405c-a5ec-092d09f5058f,1508,82423,receipt_observed,2026-10-04T05:22:49.869Z,
before,04500685-3fa3-405c-a5ec-092d09f5058f,1508,82427,validation_finished,2026-10-04T05:23:00.545Z,
before,04500685-3fa3-405c-a5ec-092d09f5058f,1508,82428,review_started,2026-10-04T05:23:00.874Z,1
before,04500685-3fa3-405c-a5ec-092d09f5058f,1508,82430,review_finished,2026-10-04T05:24:59.514Z,1
before,04500685-3fa3-405c-a5ec-092d09f5058f,1508,82483,validation_finished,2026-10-04T05:40:52.258Z,
before,04500685-3fa3-405c-a5ec-092d09f5058f,1508,82484,review_started,2026-10-04T05:40:52.392Z,2
before,04500685-3fa3-405c-a5ec-092d09f5058f,1508,82495,review_finished,2026-10-04T05:42:44.080Z,2
before,04500685-3fa3-405c-a5ec-092d09f5058f,1508,82498,revise_requested,2026-10-04T05:42:44.109Z,1
before,04500685-3fa3-405c-a5ec-092d09f5058f,1508,82520,validation_finished,2026-10-04T05:44:21.616Z,
before,04500685-3fa3-405c-a5ec-092d09f5058f,1508,82521,review_started,2026-10-04T05:44:21.725Z,3
before,04500685-3fa3-405c-a5ec-092d09f5058f,1508,82525,review_finished,2026-10-04T05:46:11.175Z,3
before,04500685-3fa3-405c-a5ec-092d09f5058f,1508,82570,run_integrated,2026-10-04T05:57:06.625Z,
before,e6cc9e1f-9055-4d2c-beb5-df48acb81614,1509,82393,run_claimed,2026-10-04T05:12:22.021Z,
before,e6cc9e1f-9055-4d2c-beb5-df48acb81614,1509,82486,receipt_observed,2026-10-04T05:40:58.304Z,
before,e6cc9e1f-9055-4d2c-beb5-df48acb81614,1509,82491,validation_finished,2026-10-04T05:41:12.756Z,
before,e6cc9e1f-9055-4d2c-beb5-df48acb81614,1509,82492,review_started,2026-10-04T05:41:12.857Z,1
before,e6cc9e1f-9055-4d2c-beb5-df48acb81614,1509,82508,review_finished,2026-10-04T05:44:08.534Z,1
before,e6cc9e1f-9055-4d2c-beb5-df48acb81614,1509,82511,revise_requested,2026-10-04T05:44:08.566Z,1
before,e6cc9e1f-9055-4d2c-beb5-df48acb81614,1509,82537,validation_finished,2026-10-04T05:46:18.802Z,
before,e6cc9e1f-9055-4d2c-beb5-df48acb81614,1509,82538,review_started,2026-10-04T05:46:18.949Z,2
before,e6cc9e1f-9055-4d2c-beb5-df48acb81614,1509,82546,review_finished,2026-10-04T05:49:23.002Z,2
before,e6cc9e1f-9055-4d2c-beb5-df48acb81614,1509,82549,revise_requested,2026-10-04T05:49:23.151Z,2
before,e6cc9e1f-9055-4d2c-beb5-df48acb81614,1509,82560,validation_finished,2026-10-04T05:52:50.614Z,
before,e6cc9e1f-9055-4d2c-beb5-df48acb81614,1509,82561,review_started,2026-10-04T05:52:50.805Z,3
before,e6cc9e1f-9055-4d2c-beb5-df48acb81614,1509,82563,review_finished,2026-10-04T05:54:47.851Z,3
before,e6cc9e1f-9055-4d2c-beb5-df48acb81614,1509,82577,validation_finished,2026-10-04T05:59:57.890Z,
before,e6cc9e1f-9055-4d2c-beb5-df48acb81614,1509,82578,review_started,2026-10-04T05:59:58.001Z,4
before,e6cc9e1f-9055-4d2c-beb5-df48acb81614,1509,82581,review_finished,2026-10-04T06:03:08.761Z,4
before,e6cc9e1f-9055-4d2c-beb5-df48acb81614,1509,82584,revise_requested,2026-10-04T06:03:08.828Z,3
before,e6cc9e1f-9055-4d2c-beb5-df48acb81614,1509,82591,validation_finished,2026-10-04T06:04:42.278Z,
before,e6cc9e1f-9055-4d2c-beb5-df48acb81614,1509,82592,review_started,2026-10-04T06:04:42.493Z,5
before,e6cc9e1f-9055-4d2c-beb5-df48acb81614,1509,82594,review_finished,2026-10-04T06:07:35.185Z,5
before,e6cc9e1f-9055-4d2c-beb5-df48acb81614,1509,82602,validation_finished,2026-10-04T06:09:27.953Z,
before,e6cc9e1f-9055-4d2c-beb5-df48acb81614,1509,82603,review_started,2026-10-04T06:09:28.085Z,6
before,e6cc9e1f-9055-4d2c-beb5-df48acb81614,1509,82609,review_finished,2026-10-04T06:12:13.825Z,6
before,e6cc9e1f-9055-4d2c-beb5-df48acb81614,1509,82625,run_integrated,2026-10-04T06:20:58.751Z,
before,11752111-14af-46ce-b530-96cc9d9b5f3e,1571,82451,run_claimed,2026-10-04T05:27:22.643Z,
before,11752111-14af-46ce-b530-96cc9d9b5f3e,1571,82632,receipt_observed,2026-10-04T06:21:42.030Z,
before,11752111-14af-46ce-b530-96cc9d9b5f3e,1571,82636,validation_finished,2026-10-04T06:21:54.511Z,
before,11752111-14af-46ce-b530-96cc9d9b5f3e,1571,82637,review_started,2026-10-04T06:21:54.619Z,1
before,11752111-14af-46ce-b530-96cc9d9b5f3e,1571,82639,review_finished,2026-10-04T06:24:15.668Z,1
before,11752111-14af-46ce-b530-96cc9d9b5f3e,1571,82642,revise_requested,2026-10-04T06:24:15.717Z,1
before,11752111-14af-46ce-b530-96cc9d9b5f3e,1571,82650,validation_finished,2026-10-04T06:25:43.433Z,
before,11752111-14af-46ce-b530-96cc9d9b5f3e,1571,82651,review_started,2026-10-04T06:25:43.547Z,2
before,11752111-14af-46ce-b530-96cc9d9b5f3e,1571,82653,review_finished,2026-10-04T06:30:18.854Z,2
before,11752111-14af-46ce-b530-96cc9d9b5f3e,1571,82662,validation_finished,2026-10-04T06:34:57.175Z,
before,11752111-14af-46ce-b530-96cc9d9b5f3e,1571,82663,review_started,2026-10-04T06:34:57.291Z,3
before,11752111-14af-46ce-b530-96cc9d9b5f3e,1571,82665,review_finished,2026-10-04T06:37:23.967Z,3
before,11752111-14af-46ce-b530-96cc9d9b5f3e,1571,82668,revise_requested,2026-10-04T06:37:24.022Z,2
before,11752111-14af-46ce-b530-96cc9d9b5f3e,1571,82676,validation_finished,2026-10-04T06:39:12.049Z,
before,11752111-14af-46ce-b530-96cc9d9b5f3e,1571,82677,review_started,2026-10-04T06:39:12.161Z,4
before,11752111-14af-46ce-b530-96cc9d9b5f3e,1571,82681,review_finished,2026-10-04T06:42:20.266Z,4
before,11752111-14af-46ce-b530-96cc9d9b5f3e,1571,82992,validation_finished,2026-10-04T07:03:09.722Z,
before,11752111-14af-46ce-b530-96cc9d9b5f3e,1571,82993,review_started,2026-10-04T07:03:09.819Z,5
before,11752111-14af-46ce-b530-96cc9d9b5f3e,1571,83069,review_finished,2026-10-04T07:05:42.758Z,5
before,11752111-14af-46ce-b530-96cc9d9b5f3e,1571,83184,run_integrated,2026-10-04T07:16:01.852Z,
before,31ae076a-affc-4cf0-b2e7-5e7eaea69ded,1572,82746,run_claimed,2026-10-04T06:50:15.946Z,
before,31ae076a-affc-4cf0-b2e7-5e7eaea69ded,1572,82983,receipt_observed,2026-10-04T07:02:54.382Z,
before,31ae076a-affc-4cf0-b2e7-5e7eaea69ded,1572,82989,validation_finished,2026-10-04T07:03:08.000Z,
before,31ae076a-affc-4cf0-b2e7-5e7eaea69ded,1572,82990,review_started,2026-10-04T07:03:08.096Z,1
before,31ae076a-affc-4cf0-b2e7-5e7eaea69ded,1572,83056,review_finished,2026-10-04T07:04:35.185Z,1
before,31ae076a-affc-4cf0-b2e7-5e7eaea69ded,1572,83059,revise_requested,2026-10-04T07:04:35.211Z,1
before,31ae076a-affc-4cf0-b2e7-5e7eaea69ded,1572,83066,validation_finished,2026-10-04T07:05:32.285Z,
before,31ae076a-affc-4cf0-b2e7-5e7eaea69ded,1572,83067,review_started,2026-10-04T07:05:32.390Z,2
before,31ae076a-affc-4cf0-b2e7-5e7eaea69ded,1572,83082,review_finished,2026-10-04T07:06:29.137Z,2
before,31ae076a-affc-4cf0-b2e7-5e7eaea69ded,1572,83329,validation_finished,2026-10-04T07:23:17.580Z,
before,31ae076a-affc-4cf0-b2e7-5e7eaea69ded,1572,83330,review_started,2026-10-04T07:23:17.676Z,3
before,31ae076a-affc-4cf0-b2e7-5e7eaea69ded,1572,83337,review_started,2026-10-04T07:23:28.624Z,4
before,31ae076a-affc-4cf0-b2e7-5e7eaea69ded,1572,83352,review_finished,2026-10-04T07:24:37.310Z,4
before,31ae076a-affc-4cf0-b2e7-5e7eaea69ded,1572,83473,run_integrated,2026-10-04T07:37:34.814Z,
before,3d21d841-867f-4a87-873e-0e95cd5a83e9,1437,82816,run_claimed,2026-10-04T06:53:16.510Z,
before,3d21d841-867f-4a87-873e-0e95cd5a83e9,1437,83510,receipt_observed,2026-10-04T07:47:46.320Z,
before,3d21d841-867f-4a87-873e-0e95cd5a83e9,1437,83514,validation_finished,2026-10-04T07:47:59.722Z,
before,3d21d841-867f-4a87-873e-0e95cd5a83e9,1437,83515,review_started,2026-10-04T07:48:00.048Z,1
before,3d21d841-867f-4a87-873e-0e95cd5a83e9,1437,83546,review_finished,2026-10-04T07:53:44.392Z,1
before,3d21d841-867f-4a87-873e-0e95cd5a83e9,1437,83549,revise_requested,2026-10-04T07:53:44.496Z,1
before,3d21d841-867f-4a87-873e-0e95cd5a83e9,1437,90099,validation_finished,2026-10-04T10:20:32.440Z,
before,3d21d841-867f-4a87-873e-0e95cd5a83e9,1437,90100,review_started,2026-10-04T10:20:33.364Z,2
before,3d21d841-867f-4a87-873e-0e95cd5a83e9,1437,90125,review_started,2026-10-04T10:30:55.041Z,3
before,3d21d841-867f-4a87-873e-0e95cd5a83e9,1437,90201,review_started,2026-10-04T10:33:54.271Z,4
before,3d21d841-867f-4a87-873e-0e95cd5a83e9,1437,90356,review_finished,2026-10-04T10:39:37.061Z,4
before,3d21d841-867f-4a87-873e-0e95cd5a83e9,1437,90917,validation_finished,2026-10-04T11:15:36.092Z,
before,3d21d841-867f-4a87-873e-0e95cd5a83e9,1437,91444,validation_finished,2026-10-04T11:47:58.952Z,
before,3d21d841-867f-4a87-873e-0e95cd5a83e9,1437,91445,review_started,2026-10-04T11:47:59.321Z,5
before,3d21d841-867f-4a87-873e-0e95cd5a83e9,1437,91469,review_finished,2026-10-04T11:52:03.233Z,5
before,3d21d841-867f-4a87-873e-0e95cd5a83e9,1437,91472,revise_requested,2026-10-04T11:52:03.407Z,2
before,3d21d841-867f-4a87-873e-0e95cd5a83e9,1437,91540,validation_finished,2026-10-04T12:12:54.637Z,
before,3d21d841-867f-4a87-873e-0e95cd5a83e9,1437,91541,review_started,2026-10-04T12:12:55.702Z,6
before,3d21d841-867f-4a87-873e-0e95cd5a83e9,1437,91597,review_finished,2026-10-04T12:18:18.945Z,6
before,3d21d841-867f-4a87-873e-0e95cd5a83e9,1437,91600,revise_requested,2026-10-04T12:18:19.038Z,3
before,3d21d841-867f-4a87-873e-0e95cd5a83e9,1437,94118,validation_finished,2026-10-04T13:14:40.821Z,
before,3d21d841-867f-4a87-873e-0e95cd5a83e9,1437,94119,review_started,2026-10-04T13:14:41.287Z,7
before,3d21d841-867f-4a87-873e-0e95cd5a83e9,1437,94132,review_finished,2026-10-04T13:18:53.157Z,7
before,3d21d841-867f-4a87-873e-0e95cd5a83e9,1437,94475,run_integrated,2026-10-04T14:31:09.494Z,
before,3c5a55c1-72a1-4f78-adda-9e13bc3937ed,1591,83223,run_claimed,2026-10-04T07:16:53.029Z,
before,3c5a55c1-72a1-4f78-adda-9e13bc3937ed,1591,83610,receipt_observed,2026-10-04T08:00:20.038Z,
before,3c5a55c1-72a1-4f78-adda-9e13bc3937ed,1591,83614,validation_finished,2026-10-04T08:00:35.184Z,
before,3c5a55c1-72a1-4f78-adda-9e13bc3937ed,1591,83615,review_started,2026-10-04T08:00:35.695Z,1
before,3c5a55c1-72a1-4f78-adda-9e13bc3937ed,1591,83619,review_finished,2026-10-04T08:02:53.557Z,1
before,3c5a55c1-72a1-4f78-adda-9e13bc3937ed,1591,83622,revise_requested,2026-10-04T08:02:53.647Z,1
before,3c5a55c1-72a1-4f78-adda-9e13bc3937ed,1591,83898,validation_finished,2026-10-04T08:06:39.445Z,
before,3c5a55c1-72a1-4f78-adda-9e13bc3937ed,1591,83899,review_started,2026-10-04T08:06:39.655Z,2
before,3c5a55c1-72a1-4f78-adda-9e13bc3937ed,1591,84068,review_finished,2026-10-04T08:09:40.139Z,2
before,3c5a55c1-72a1-4f78-adda-9e13bc3937ed,1591,84868,run_integrated,2026-10-04T08:35:09.253Z,
before,eebd09ed-5007-4a60-a53b-5470758bfc34,1548,83481,run_claimed,2026-10-04T07:38:10.689Z,
before,eebd09ed-5007-4a60-a53b-5470758bfc34,1548,83517,receipt_observed,2026-10-04T07:48:46.684Z,
before,eebd09ed-5007-4a60-a53b-5470758bfc34,1548,83521,validation_finished,2026-10-04T07:48:54.637Z,
before,eebd09ed-5007-4a60-a53b-5470758bfc34,1548,83522,review_started,2026-10-04T07:48:54.806Z,1
before,eebd09ed-5007-4a60-a53b-5470758bfc34,1548,83524,review_finished,2026-10-04T07:49:55.273Z,1
before,eebd09ed-5007-4a60-a53b-5470758bfc34,1548,83556,run_integrated,2026-10-04T07:59:27.642Z,
before,1c707f55-f5b3-4a7c-a720-7f17f0ef1db7,1631,83597,run_claimed,2026-10-04T07:59:58.380Z,
before,1c707f55-f5b3-4a7c-a720-7f17f0ef1db7,1631,83778,receipt_observed,2026-10-04T08:05:32.699Z,
before,1c707f55-f5b3-4a7c-a720-7f17f0ef1db7,1631,83798,validation_finished,2026-10-04T08:05:41.715Z,
before,1c707f55-f5b3-4a7c-a720-7f17f0ef1db7,1631,83799,review_started,2026-10-04T08:05:41.953Z,1
before,1c707f55-f5b3-4a7c-a720-7f17f0ef1db7,1631,83913,review_finished,2026-10-04T08:06:53.150Z,1
before,1c707f55-f5b3-4a7c-a720-7f17f0ef1db7,1631,84541,run_integrated,2026-10-04T08:19:26.133Z,
before,76c5dd97-fde3-4a96-8784-4f4e3ad22fb0,1354,84598,run_claimed,2026-10-04T08:20:12.197Z,
before,76c5dd97-fde3-4a96-8784-4f4e3ad22fb0,1354,86540,receipt_observed,2026-10-04T09:04:46.960Z,
before,76c5dd97-fde3-4a96-8784-4f4e3ad22fb0,1354,86557,validation_finished,2026-10-04T09:05:06.549Z,
before,76c5dd97-fde3-4a96-8784-4f4e3ad22fb0,1354,86558,review_started,2026-10-04T09:05:07.255Z,1
before,76c5dd97-fde3-4a96-8784-4f4e3ad22fb0,1354,86712,review_finished,2026-10-04T09:07:41.461Z,1
before,76c5dd97-fde3-4a96-8784-4f4e3ad22fb0,1354,86715,revise_requested,2026-10-04T09:07:41.691Z,1
before,76c5dd97-fde3-4a96-8784-4f4e3ad22fb0,1354,87517,validation_finished,2026-10-04T09:25:11.314Z,
before,76c5dd97-fde3-4a96-8784-4f4e3ad22fb0,1354,87518,review_started,2026-10-04T09:25:11.598Z,2
before,76c5dd97-fde3-4a96-8784-4f4e3ad22fb0,1354,87630,review_started,2026-10-04T09:26:46.756Z,3
before,76c5dd97-fde3-4a96-8784-4f4e3ad22fb0,1354,87688,review_finished,2026-10-04T09:28:38.703Z,3
before,76c5dd97-fde3-4a96-8784-4f4e3ad22fb0,1354,87958,validation_finished,2026-10-04T09:32:44.120Z,
before,76c5dd97-fde3-4a96-8784-4f4e3ad22fb0,1354,87959,review_started,2026-10-04T09:32:44.444Z,4
before,76c5dd97-fde3-4a96-8784-4f4e3ad22fb0,1354,88232,review_finished,2026-10-04T09:37:33.305Z,4
before,76c5dd97-fde3-4a96-8784-4f4e3ad22fb0,1354,88898,run_integrated,2026-10-04T09:51:58.846Z,
before,e474159d-70bb-4e7c-af2f-1de46aac5b38,1649,84883,run_claimed,2026-10-04T08:36:45.347Z,
before,e474159d-70bb-4e7c-af2f-1de46aac5b38,1649,86395,receipt_observed,2026-10-04T09:02:02.946Z,
before,e474159d-70bb-4e7c-af2f-1de46aac5b38,1649,86409,validation_finished,2026-10-04T09:02:21.114Z,
before,e474159d-70bb-4e7c-af2f-1de46aac5b38,1649,86410,review_started,2026-10-04T09:02:21.962Z,1
before,e474159d-70bb-4e7c-af2f-1de46aac5b38,1649,86471,review_finished,2026-10-04T09:03:32.638Z,1
before,e474159d-70bb-4e7c-af2f-1de46aac5b38,1649,86474,revise_requested,2026-10-04T09:03:32.906Z,1
before,e474159d-70bb-4e7c-af2f-1de46aac5b38,1649,86600,validation_finished,2026-10-04T09:05:52.700Z,
before,e474159d-70bb-4e7c-af2f-1de46aac5b38,1649,86601,review_started,2026-10-04T09:05:53.086Z,2
before,e474159d-70bb-4e7c-af2f-1de46aac5b38,1649,86649,review_finished,2026-10-04T09:06:54.234Z,2
before,e474159d-70bb-4e7c-af2f-1de46aac5b38,1649,87393,run_integrated,2026-10-04T09:22:09.544Z,
before,6bf5c1a8-3a86-4377-9681-1753512dc040,1485,87436,run_claimed,2026-10-04T09:23:43.654Z,
before,6bf5c1a8-3a86-4377-9681-1753512dc040,1485,88061,receipt_observed,2026-10-04T09:34:13.866Z,
before,6bf5c1a8-3a86-4377-9681-1753512dc040,1485,88073,validation_finished,2026-10-04T09:34:23.869Z,
before,6bf5c1a8-3a86-4377-9681-1753512dc040,1485,88074,review_started,2026-10-04T09:34:24.090Z,1
before,6bf5c1a8-3a86-4377-9681-1753512dc040,1485,88180,review_finished,2026-10-04T09:36:21.580Z,1
before,6bf5c1a8-3a86-4377-9681-1753512dc040,1485,88199,run_integrated,2026-10-04T09:36:27.596Z,
before,a1b7032b-e911-42b9-950e-e5d6aa749a93,1570,88217,run_claimed,2026-10-04T09:37:28.910Z,
before,a1b7032b-e911-42b9-950e-e5d6aa749a93,1570,89348,receipt_observed,2026-10-04T10:03:24.979Z,
before,a1b7032b-e911-42b9-950e-e5d6aa749a93,1570,89353,validation_finished,2026-10-04T10:03:38.528Z,
before,a1b7032b-e911-42b9-950e-e5d6aa749a93,1570,89354,review_started,2026-10-04T10:03:38.855Z,1
before,a1b7032b-e911-42b9-950e-e5d6aa749a93,1570,89402,review_finished,2026-10-04T10:05:05.612Z,1
before,a1b7032b-e911-42b9-950e-e5d6aa749a93,1570,89405,revise_requested,2026-10-04T10:05:05.669Z,1
before,a1b7032b-e911-42b9-950e-e5d6aa749a93,1570,89507,validation_finished,2026-10-04T10:06:55.667Z,
before,a1b7032b-e911-42b9-950e-e5d6aa749a93,1570,89508,review_started,2026-10-04T10:06:56.166Z,2
before,a1b7032b-e911-42b9-950e-e5d6aa749a93,1570,89588,review_finished,2026-10-04T10:08:33.805Z,2
before,a1b7032b-e911-42b9-950e-e5d6aa749a93,1570,89591,revise_requested,2026-10-04T10:08:33.952Z,2
before,a1b7032b-e911-42b9-950e-e5d6aa749a93,1570,89637,validation_finished,2026-10-04T10:09:26.406Z,
before,a1b7032b-e911-42b9-950e-e5d6aa749a93,1570,89638,review_started,2026-10-04T10:09:26.809Z,3
before,a1b7032b-e911-42b9-950e-e5d6aa749a93,1570,89708,review_finished,2026-10-04T10:11:00.903Z,3
before,a1b7032b-e911-42b9-950e-e5d6aa749a93,1570,90026,validation_finished,2026-10-04T10:19:00.604Z,
before,a1b7032b-e911-42b9-950e-e5d6aa749a93,1570,90027,review_started,2026-10-04T10:19:00.999Z,4
before,a1b7032b-e911-42b9-950e-e5d6aa749a93,1570,90087,review_finished,2026-10-04T10:20:20.789Z,4
before,a1b7032b-e911-42b9-950e-e5d6aa749a93,1570,90115,run_integrated,2026-10-04T10:30:45.744Z,
before,56dfaeaa-897d-47c2-b6b8-6907f23c7f0d,1487,90071,run_claimed,2026-10-04T10:19:53.548Z,
before,56dfaeaa-897d-47c2-b6b8-6907f23c7f0d,1487,90151,receipt_observed,2026-10-04T10:31:14.604Z,
before,56dfaeaa-897d-47c2-b6b8-6907f23c7f0d,1487,90157,validation_finished,2026-10-04T10:31:15.827Z,
before,56dfaeaa-897d-47c2-b6b8-6907f23c7f0d,1487,90159,review_started,2026-10-04T10:31:16.108Z,1
before,56dfaeaa-897d-47c2-b6b8-6907f23c7f0d,1487,90168,review_finished,2026-10-04T10:32:48.343Z,1
before,56dfaeaa-897d-47c2-b6b8-6907f23c7f0d,1487,90171,revise_requested,2026-10-04T10:32:48.374Z,1
before,56dfaeaa-897d-47c2-b6b8-6907f23c7f0d,1487,90193,validation_finished,2026-10-04T10:33:48.658Z,
before,56dfaeaa-897d-47c2-b6b8-6907f23c7f0d,1487,90194,review_started,2026-10-04T10:33:48.826Z,2
before,56dfaeaa-897d-47c2-b6b8-6907f23c7f0d,1487,90206,review_started,2026-10-04T10:33:54.481Z,3
before,56dfaeaa-897d-47c2-b6b8-6907f23c7f0d,1487,90224,review_finished,2026-10-04T10:35:35.893Z,3
before,56dfaeaa-897d-47c2-b6b8-6907f23c7f0d,1487,90258,validation_finished,2026-10-04T10:36:27.298Z,
before,56dfaeaa-897d-47c2-b6b8-6907f23c7f0d,1487,90259,review_started,2026-10-04T10:36:27.540Z,4
before,56dfaeaa-897d-47c2-b6b8-6907f23c7f0d,1487,90295,review_finished,2026-10-04T10:37:37.232Z,4
before,56dfaeaa-897d-47c2-b6b8-6907f23c7f0d,1487,90310,run_integrated,2026-10-04T10:37:44.591Z,
before,895ad40d-e308-4cb3-b908-be8bdddf4844,1381,90133,run_claimed,2026-10-04T10:31:13.759Z,
before,895ad40d-e308-4cb3-b908-be8bdddf4844,1381,90511,receipt_observed,2026-10-04T10:48:08.961Z,
before,895ad40d-e308-4cb3-b908-be8bdddf4844,1381,90519,validation_finished,2026-10-04T10:48:28.334Z,
before,895ad40d-e308-4cb3-b908-be8bdddf4844,1381,90520,review_started,2026-10-04T10:48:28.536Z,1
before,895ad40d-e308-4cb3-b908-be8bdddf4844,1381,90562,review_finished,2026-10-04T10:50:10.463Z,1
before,895ad40d-e308-4cb3-b908-be8bdddf4844,1381,90574,validation_finished,2026-10-04T10:51:43.343Z,
before,895ad40d-e308-4cb3-b908-be8bdddf4844,1381,90575,review_started,2026-10-04T10:51:43.629Z,2
before,895ad40d-e308-4cb3-b908-be8bdddf4844,1381,90596,review_finished,2026-10-04T10:53:46.371Z,2
before,895ad40d-e308-4cb3-b908-be8bdddf4844,1381,90698,run_integrated,2026-10-04T11:07:51.683Z,
before,097be999-9251-4f76-82fe-78371d489a73,1607,90333,run_claimed,2026-10-04T10:38:08.141Z,
before,097be999-9251-4f76-82fe-78371d489a73,1607,90394,receipt_observed,2026-10-04T10:42:18.641Z,
before,097be999-9251-4f76-82fe-78371d489a73,1607,90398,validation_finished,2026-10-04T10:42:29.586Z,
before,097be999-9251-4f76-82fe-78371d489a73,1607,90399,review_started,2026-10-04T10:42:29.749Z,1
before,097be999-9251-4f76-82fe-78371d489a73,1607,90402,review_finished,2026-10-04T10:43:35.842Z,1
before,097be999-9251-4f76-82fe-78371d489a73,1607,90418,run_integrated,2026-10-04T10:43:42.031Z,
before,8b92d5e3-af28-4c7d-a4e5-28b2b78958df,1608,90431,run_claimed,2026-10-04T10:43:45.219Z,
before,8b92d5e3-af28-4c7d-a4e5-28b2b78958df,1608,90461,receipt_observed,2026-10-04T10:44:32.835Z,
before,8b92d5e3-af28-4c7d-a4e5-28b2b78958df,1608,90465,validation_finished,2026-10-04T10:44:40.896Z,
before,8b92d5e3-af28-4c7d-a4e5-28b2b78958df,1608,90466,review_started,2026-10-04T10:44:41.125Z,1
before,8b92d5e3-af28-4c7d-a4e5-28b2b78958df,1608,90468,review_finished,2026-10-04T10:45:12.440Z,1
before,8b92d5e3-af28-4c7d-a4e5-28b2b78958df,1608,90489,run_integrated,2026-10-04T10:45:19.400Z,
before,9f13bdd0-227e-41be-b8b3-9450e08aa31f,1687,90500,run_claimed,2026-10-04T10:46:46.422Z,
before,9f13bdd0-227e-41be-b8b3-9450e08aa31f,1687,90522,receipt_observed,2026-10-04T10:48:30.019Z,
before,9f13bdd0-227e-41be-b8b3-9450e08aa31f,1687,90526,validation_finished,2026-10-04T10:48:38.524Z,
before,9f13bdd0-227e-41be-b8b3-9450e08aa31f,1687,90527,review_started,2026-10-04T10:48:38.654Z,1
before,9f13bdd0-227e-41be-b8b3-9450e08aa31f,1687,90529,review_finished,2026-10-04T10:49:19.694Z,1
before,9f13bdd0-227e-41be-b8b3-9450e08aa31f,1687,90543,run_integrated,2026-10-04T10:49:24.127Z,
before,d1f5eca1-bfa7-4f8a-8c13-917aca77aefd,1486,90551,run_claimed,2026-10-04T10:49:50.424Z,
before,d1f5eca1-bfa7-4f8a-8c13-917aca77aefd,1486,90610,receipt_observed,2026-10-04T10:54:25.506Z,
before,d1f5eca1-bfa7-4f8a-8c13-917aca77aefd,1486,90614,validation_finished,2026-10-04T10:54:34.900Z,
before,d1f5eca1-bfa7-4f8a-8c13-917aca77aefd,1486,90615,review_started,2026-10-04T10:54:35.276Z,1
before,d1f5eca1-bfa7-4f8a-8c13-917aca77aefd,1486,90628,review_finished,2026-10-04T10:56:22.089Z,1
before,d1f5eca1-bfa7-4f8a-8c13-917aca77aefd,1486,90777,validation_finished,2026-10-04T11:08:38.864Z,
before,d1f5eca1-bfa7-4f8a-8c13-917aca77aefd,1486,90778,review_started,2026-10-04T11:08:39.220Z,2
before,d1f5eca1-bfa7-4f8a-8c13-917aca77aefd,1486,90789,review_finished,2026-10-04T11:09:46.736Z,2
before,d1f5eca1-bfa7-4f8a-8c13-917aca77aefd,1486,90827,run_integrated,2026-10-04T11:09:59.313Z,
before,0cd16a3b-520c-4ce0-a502-b4e3293c236b,1468,90765,run_claimed,2026-10-04T11:08:35.064Z,
before,0cd16a3b-520c-4ce0-a502-b4e3293c236b,1468,90868,receipt_observed,2026-10-04T11:14:51.290Z,
before,0cd16a3b-520c-4ce0-a502-b4e3293c236b,1468,90872,validation_finished,2026-10-04T11:15:00.772Z,
before,0cd16a3b-520c-4ce0-a502-b4e3293c236b,1468,90873,review_started,2026-10-04T11:15:01.762Z,1
before,0cd16a3b-520c-4ce0-a502-b4e3293c236b,1468,90938,review_finished,2026-10-04T11:16:40.655Z,1
before,0cd16a3b-520c-4ce0-a502-b4e3293c236b,1468,90941,revise_requested,2026-10-04T11:16:40.683Z,1
before,0cd16a3b-520c-4ce0-a502-b4e3293c236b,1468,91002,validation_finished,2026-10-04T11:19:01.198Z,
before,0cd16a3b-520c-4ce0-a502-b4e3293c236b,1468,91003,review_started,2026-10-04T11:19:01.401Z,2
before,0cd16a3b-520c-4ce0-a502-b4e3293c236b,1468,91009,review_finished,2026-10-04T11:20:15.082Z,2
before,0cd16a3b-520c-4ce0-a502-b4e3293c236b,1468,91201,run_integrated,2026-10-04T11:32:51.412Z,
before,95194a89-4306-4d5c-8e61-6eada4e9c0fe,1547,90853,run_claimed,2026-10-04T11:12:10.137Z,
before,95194a89-4306-4d5c-8e61-6eada4e9c0fe,1547,90937,receipt_observed,2026-10-04T11:16:32.131Z,
before,95194a89-4306-4d5c-8e61-6eada4e9c0fe,1547,90950,validation_finished,2026-10-04T11:16:44.138Z,
before,95194a89-4306-4d5c-8e61-6eada4e9c0fe,1547,90951,review_started,2026-10-04T11:16:44.311Z,1
before,95194a89-4306-4d5c-8e61-6eada4e9c0fe,1547,90953,review_finished,2026-10-04T11:17:44.449Z,1
before,95194a89-4306-4d5c-8e61-6eada4e9c0fe,1547,90967,run_integrated,2026-10-04T11:18:10.851Z,
before,c9db74e7-7802-4f62-bd01-e9ff853dec21,1510,90973,run_claimed,2026-10-04T11:18:14.687Z,
before,c9db74e7-7802-4f62-bd01-e9ff853dec21,1510,91179,receipt_observed,2026-10-04T11:30:01.560Z,
before,c9db74e7-7802-4f62-bd01-e9ff853dec21,1510,91185,validation_finished,2026-10-04T11:30:14.628Z,
before,c9db74e7-7802-4f62-bd01-e9ff853dec21,1510,91186,review_started,2026-10-04T11:30:15.519Z,1
before,c9db74e7-7802-4f62-bd01-e9ff853dec21,1510,91189,review_finished,2026-10-04T11:31:30.063Z,1
before,c9db74e7-7802-4f62-bd01-e9ff853dec21,1510,91217,run_integrated,2026-10-04T11:33:07.781Z,
before,b25072c7-3d35-4e9c-a3fa-87b8b5208f6f,1584,91228,run_claimed,2026-10-04T11:33:25.138Z,
before,b25072c7-3d35-4e9c-a3fa-87b8b5208f6f,1584,91448,receipt_observed,2026-10-04T11:48:22.639Z,
before,b25072c7-3d35-4e9c-a3fa-87b8b5208f6f,1584,91452,validation_finished,2026-10-04T11:48:35.256Z,
before,b25072c7-3d35-4e9c-a3fa-87b8b5208f6f,1584,91453,review_started,2026-10-04T11:48:35.386Z,1
before,b25072c7-3d35-4e9c-a3fa-87b8b5208f6f,1584,91455,review_finished,2026-10-04T11:49:28.183Z,1
before,b25072c7-3d35-4e9c-a3fa-87b8b5208f6f,1584,91488,run_integrated,2026-10-04T12:00:05.056Z,
before,b57b4f8c-9142-432c-9438-c1430de2936d,1627,91322,run_claimed,2026-10-04T11:36:25.280Z,
before,b57b4f8c-9142-432c-9438-c1430de2936d,1627,91511,receipt_observed,2026-10-04T12:01:10.830Z,
before,b57b4f8c-9142-432c-9438-c1430de2936d,1627,91515,validation_finished,2026-10-04T12:01:23.833Z,
before,b57b4f8c-9142-432c-9438-c1430de2936d,1627,91516,review_started,2026-10-04T12:01:24.016Z,1
before,b57b4f8c-9142-432c-9438-c1430de2936d,1627,91518,review_finished,2026-10-04T12:02:45.855Z,1
before,b57b4f8c-9142-432c-9438-c1430de2936d,1627,91544,run_integrated,2026-10-04T12:15:16.397Z,
before,e2445fdc-63fe-4151-bdc6-4d5ecf73d863,1615,91497,run_claimed,2026-10-04T12:00:47.055Z,
before,e2445fdc-63fe-4151-bdc6-4d5ecf73d863,1615,91615,receipt_observed,2026-10-04T12:18:51.416Z,
before,e2445fdc-63fe-4151-bdc6-4d5ecf73d863,1615,91619,validation_finished,2026-10-04T12:19:01.882Z,
before,e2445fdc-63fe-4151-bdc6-4d5ecf73d863,1615,91620,review_started,2026-10-04T12:19:02.098Z,1
before,e2445fdc-63fe-4151-bdc6-4d5ecf73d863,1615,91689,review_finished,2026-10-04T12:20:48.821Z,1
before,e2445fdc-63fe-4151-bdc6-4d5ecf73d863,1615,92340,run_integrated,2026-10-04T12:34:11.385Z,
before,2471cbba-42b0-4419-9055-a4d80bd42600,1662,91580,run_claimed,2026-10-04T12:15:45.031Z,
before,2471cbba-42b0-4419-9055-a4d80bd42600,1662,92104,receipt_observed,2026-10-04T12:29:34.744Z,
before,2471cbba-42b0-4419-9055-a4d80bd42600,1662,92117,validation_finished,2026-10-04T12:29:49.095Z,
before,2471cbba-42b0-4419-9055-a4d80bd42600,1662,92118,review_started,2026-10-04T12:29:49.627Z,1
before,2471cbba-42b0-4419-9055-a4d80bd42600,1662,92215,review_finished,2026-10-04T12:31:29.143Z,1
before,2471cbba-42b0-4419-9055-a4d80bd42600,1662,92394,validation_finished,2026-10-04T12:34:56.466Z,
before,2471cbba-42b0-4419-9055-a4d80bd42600,1662,92395,review_started,2026-10-04T12:34:56.959Z,2
before,2471cbba-42b0-4419-9055-a4d80bd42600,1662,92471,review_finished,2026-10-04T12:36:37.596Z,2
before,2471cbba-42b0-4419-9055-a4d80bd42600,1662,92498,run_integrated,2026-10-04T12:37:01.062Z,
before,43ca40ac-f40a-4c91-8048-b4630765c2e2,1688,92374,run_claimed,2026-10-04T12:34:52.639Z,
before,43ca40ac-f40a-4c91-8048-b4630765c2e2,1688,93079,receipt_observed,2026-10-04T12:49:34.724Z,
before,43ca40ac-f40a-4c91-8048-b4630765c2e2,1688,93092,validation_finished,2026-10-04T12:49:45.799Z,
before,43ca40ac-f40a-4c91-8048-b4630765c2e2,1688,93093,review_started,2026-10-04T12:49:46.339Z,1
before,43ca40ac-f40a-4c91-8048-b4630765c2e2,1688,93169,review_finished,2026-10-04T12:51:12.806Z,1
before,43ca40ac-f40a-4c91-8048-b4630765c2e2,1688,93242,validation_finished,2026-10-04T12:52:28.549Z,
before,43ca40ac-f40a-4c91-8048-b4630765c2e2,1688,93243,review_started,2026-10-04T12:52:29.034Z,2
before,43ca40ac-f40a-4c91-8048-b4630765c2e2,1688,93308,review_finished,2026-10-04T12:53:41.833Z,2
before,43ca40ac-f40a-4c91-8048-b4630765c2e2,1688,93780,run_integrated,2026-10-04T13:03:45.267Z,
before,39eb9c87-c07b-41d2-947b-11fd37083707,1706,92576,run_claimed,2026-10-04T12:38:22.925Z,
before,39eb9c87-c07b-41d2-947b-11fd37083707,1706,92710,receipt_observed,2026-10-04T12:42:28.401Z,
before,39eb9c87-c07b-41d2-947b-11fd37083707,1706,92723,validation_finished,2026-10-04T12:42:39.689Z,
before,39eb9c87-c07b-41d2-947b-11fd37083707,1706,92724,review_started,2026-10-04T12:42:39.986Z,1
before,39eb9c87-c07b-41d2-947b-11fd37083707,1706,92781,review_finished,2026-10-04T12:43:50.243Z,1
before,39eb9c87-c07b-41d2-947b-11fd37083707,1706,92800,run_integrated,2026-10-04T12:43:57.749Z,
before,6ad77ab1-2138-40c6-96a2-a406d5947bc4,1596,92812,run_claimed,2026-10-04T12:44:29.353Z,
before,6ad77ab1-2138-40c6-96a2-a406d5947bc4,1596,94109,receipt_observed,2026-10-04T13:13:27.999Z,
before,6ad77ab1-2138-40c6-96a2-a406d5947bc4,1596,94113,validation_finished,2026-10-04T13:13:46.227Z,
before,6ad77ab1-2138-40c6-96a2-a406d5947bc4,1596,94114,review_started,2026-10-04T13:13:46.484Z,1
before,6ad77ab1-2138-40c6-96a2-a406d5947bc4,1596,94121,review_finished,2026-10-04T13:17:03.056Z,1
before,6ad77ab1-2138-40c6-96a2-a406d5947bc4,1596,94124,revise_requested,2026-10-04T13:17:03.151Z,1
before,6ad77ab1-2138-40c6-96a2-a406d5947bc4,1596,94161,validation_finished,2026-10-04T13:23:13.759Z,
before,6ad77ab1-2138-40c6-96a2-a406d5947bc4,1596,94162,review_started,2026-10-04T13:23:14.020Z,2
before,6ad77ab1-2138-40c6-96a2-a406d5947bc4,1596,94164,review_finished,2026-10-04T13:25:57.183Z,2
before,6ad77ab1-2138-40c6-96a2-a406d5947bc4,1596,94167,revise_requested,2026-10-04T13:25:57.212Z,2
before,6ad77ab1-2138-40c6-96a2-a406d5947bc4,1596,94177,validation_finished,2026-10-04T13:30:57.279Z,
before,6ad77ab1-2138-40c6-96a2-a406d5947bc4,1596,94178,review_started,2026-10-04T13:30:57.536Z,3
before,6ad77ab1-2138-40c6-96a2-a406d5947bc4,1596,94180,review_finished,2026-10-04T13:33:31.165Z,3
before,6ad77ab1-2138-40c6-96a2-a406d5947bc4,1596,94211,run_integrated,2026-10-04T13:46:41.371Z,
before,49d87965-e2f6-4fc4-8cb7-b8d96414ae80,1636,93837,run_claimed,2026-10-04T13:05:16.478Z,
before,49d87965-e2f6-4fc4-8cb7-b8d96414ae80,1636,94203,receipt_observed,2026-10-04T13:45:17.684Z,
before,49d87965-e2f6-4fc4-8cb7-b8d96414ae80,1636,94207,validation_finished,2026-10-04T13:45:28.239Z,
before,49d87965-e2f6-4fc4-8cb7-b8d96414ae80,1636,94208,review_started,2026-10-04T13:45:28.910Z,1
before,49d87965-e2f6-4fc4-8cb7-b8d96414ae80,1636,94234,review_finished,2026-10-04T13:46:58.129Z,1
before,49d87965-e2f6-4fc4-8cb7-b8d96414ae80,1636,94261,run_integrated,2026-10-04T14:01:19.019Z,
after,278d3f15-ff01-425e-8af0-33b628edcaf9,1709,94142,run_claimed,2026-10-04T13:19:17.469Z,
after,278d3f15-ff01-425e-8af0-33b628edcaf9,1709,94294,receipt_observed,2026-10-04T14:01:45.571Z,
after,278d3f15-ff01-425e-8af0-33b628edcaf9,1709,94303,validation_finished,2026-10-04T14:01:46.821Z,
after,278d3f15-ff01-425e-8af0-33b628edcaf9,1709,94304,review_started,2026-10-04T14:01:47.098Z,1
after,278d3f15-ff01-425e-8af0-33b628edcaf9,1709,94339,review_finished,2026-10-04T14:04:27.048Z,1
after,278d3f15-ff01-425e-8af0-33b628edcaf9,1709,94381,run_integrated,2026-10-04T14:16:54.031Z,
after,44ad0456-3946-4fab-a9db-27c09385314b,1712,94278,run_claimed,2026-10-04T14:01:44.550Z,
after,44ad0456-3946-4fab-a9db-27c09385314b,1712,94593,receipt_observed,2026-10-04T14:45:33.237Z,
after,44ad0456-3946-4fab-a9db-27c09385314b,1712,94597,validation_finished,2026-10-04T14:45:46.277Z,
after,44ad0456-3946-4fab-a9db-27c09385314b,1712,94598,review_started,2026-10-04T14:45:46.803Z,1
after,44ad0456-3946-4fab-a9db-27c09385314b,1712,94601,review_finished,2026-10-04T14:48:19.297Z,1
after,44ad0456-3946-4fab-a9db-27c09385314b,1712,94604,revise_requested,2026-10-04T14:48:19.908Z,1
after,44ad0456-3946-4fab-a9db-27c09385314b,1712,94611,validation_finished,2026-10-04T14:49:34.476Z,
after,44ad0456-3946-4fab-a9db-27c09385314b,1712,94612,review_started,2026-10-04T14:49:35.451Z,2
after,44ad0456-3946-4fab-a9db-27c09385314b,1712,94615,review_finished,2026-10-04T14:53:27.632Z,2
after,44ad0456-3946-4fab-a9db-27c09385314b,1712,94637,validation_finished,2026-10-04T14:56:37.695Z,
after,44ad0456-3946-4fab-a9db-27c09385314b,1712,94638,review_started,2026-10-04T14:56:37.914Z,3
after,44ad0456-3946-4fab-a9db-27c09385314b,1712,94670,review_finished,2026-10-04T14:59:05.103Z,3
after,44ad0456-3946-4fab-a9db-27c09385314b,1712,94721,run_integrated,2026-10-04T15:06:48.486Z,
after,853c5ae1-26d2-40da-af5d-fc158c669810,1713,94411,run_claimed,2026-10-04T14:17:48.127Z,
after,853c5ae1-26d2-40da-af5d-fc158c669810,1713,94628,receipt_observed,2026-10-04T14:54:46.003Z,
after,853c5ae1-26d2-40da-af5d-fc158c669810,1713,94632,validation_finished,2026-10-04T14:54:58.985Z,
after,853c5ae1-26d2-40da-af5d-fc158c669810,1713,94633,review_started,2026-10-04T14:54:59.291Z,1
after,853c5ae1-26d2-40da-af5d-fc158c669810,1713,94652,review_finished,2026-10-04T14:57:16.490Z,1
after,853c5ae1-26d2-40da-af5d-fc158c669810,1713,94655,revise_requested,2026-10-04T14:57:16.766Z,1
after,853c5ae1-26d2-40da-af5d-fc158c669810,1713,94667,validation_finished,2026-10-04T14:59:03.746Z,
after,853c5ae1-26d2-40da-af5d-fc158c669810,1713,94668,review_started,2026-10-04T14:59:03.958Z,2
after,853c5ae1-26d2-40da-af5d-fc158c669810,1713,94704,review_finished,2026-10-04T15:03:41.098Z,2
after,853c5ae1-26d2-40da-af5d-fc158c669810,1713,94815,validation_finished,2026-10-04T15:14:05.121Z,
after,853c5ae1-26d2-40da-af5d-fc158c669810,1713,94816,review_started,2026-10-04T15:14:05.485Z,3
after,853c5ae1-26d2-40da-af5d-fc158c669810,1713,94863,review_finished,2026-10-04T15:22:26.041Z,3
after,853c5ae1-26d2-40da-af5d-fc158c669810,1713,94866,revise_requested,2026-10-04T15:22:26.074Z,2
after,853c5ae1-26d2-40da-af5d-fc158c669810,1713,94886,validation_finished,2026-10-04T15:24:18.566Z,
after,853c5ae1-26d2-40da-af5d-fc158c669810,1713,94887,review_started,2026-10-04T15:24:19.162Z,4
after,853c5ae1-26d2-40da-af5d-fc158c669810,1713,94893,review_started,2026-10-04T15:25:22.090Z,5
after,853c5ae1-26d2-40da-af5d-fc158c669810,1713,94920,review_finished,2026-10-04T15:29:11.314Z,5
after,853c5ae1-26d2-40da-af5d-fc158c669810,1713,94923,revise_requested,2026-10-04T15:29:11.360Z,3
after,853c5ae1-26d2-40da-af5d-fc158c669810,1713,95000,validation_finished,2026-10-04T15:34:51.062Z,
after,853c5ae1-26d2-40da-af5d-fc158c669810,1713,95001,review_started,2026-10-04T15:34:51.437Z,6
after,853c5ae1-26d2-40da-af5d-fc158c669810,1713,95010,review_finished,2026-10-04T15:38:44.572Z,6
after,853c5ae1-26d2-40da-af5d-fc158c669810,1713,95422,validation_finished,2026-10-04T15:50:42.998Z,
after,853c5ae1-26d2-40da-af5d-fc158c669810,1713,95449,review_started,2026-10-04T15:50:43.473Z,7
after,853c5ae1-26d2-40da-af5d-fc158c669810,1713,95732,review_finished,2026-10-04T15:54:38.505Z,7
after,853c5ae1-26d2-40da-af5d-fc158c669810,1713,95790,run_integrated,2026-10-04T16:03:05.874Z,
after,ae1fdf72-6ec2-462f-8eaa-e80583371076,1683,94496,run_claimed,2026-10-04T14:31:26.468Z,
after,ae1fdf72-6ec2-462f-8eaa-e80583371076,1683,94621,receipt_observed,2026-10-04T14:54:20.708Z,
after,ae1fdf72-6ec2-462f-8eaa-e80583371076,1683,94625,validation_finished,2026-10-04T14:54:33.372Z,
after,ae1fdf72-6ec2-462f-8eaa-e80583371076,1683,94626,review_started,2026-10-04T14:54:33.604Z,1
after,ae1fdf72-6ec2-462f-8eaa-e80583371076,1683,94640,review_finished,2026-10-04T14:56:41.386Z,1
after,ae1fdf72-6ec2-462f-8eaa-e80583371076,1683,94643,revise_requested,2026-10-04T14:56:41.414Z,1
after,ae1fdf72-6ec2-462f-8eaa-e80583371076,1683,94662,validation_finished,2026-10-04T14:58:13.449Z,
after,ae1fdf72-6ec2-462f-8eaa-e80583371076,1683,94663,review_started,2026-10-04T14:58:13.754Z,2
after,ae1fdf72-6ec2-462f-8eaa-e80583371076,1683,94690,review_finished,2026-10-04T15:00:19.387Z,2
after,ae1fdf72-6ec2-462f-8eaa-e80583371076,1683,94794,validation_finished,2026-10-04T15:10:58.133Z,
after,ae1fdf72-6ec2-462f-8eaa-e80583371076,1683,94795,review_started,2026-10-04T15:10:58.404Z,3
after,ae1fdf72-6ec2-462f-8eaa-e80583371076,1683,94802,review_started,2026-10-04T15:11:28.583Z,4
after,ae1fdf72-6ec2-462f-8eaa-e80583371076,1683,94818,review_finished,2026-10-04T15:14:20.046Z,4
after,ae1fdf72-6ec2-462f-8eaa-e80583371076,1683,94835,run_integrated,2026-10-04T15:21:57.836Z,
after,f2ff7df5-4fe1-41e7-8de7-afe6b8637ac7,1707,94772,run_claimed,2026-10-04T15:07:29.005Z,
after,f2ff7df5-4fe1-41e7-8de7-afe6b8637ac7,1707,94904,receipt_observed,2026-10-04T15:26:11.825Z,
after,f2ff7df5-4fe1-41e7-8de7-afe6b8637ac7,1707,94908,validation_finished,2026-10-04T15:26:22.145Z,
after,f2ff7df5-4fe1-41e7-8de7-afe6b8637ac7,1707,94909,review_started,2026-10-04T15:26:22.338Z,1
after,f2ff7df5-4fe1-41e7-8de7-afe6b8637ac7,1707,94911,review_finished,2026-10-04T15:28:33.416Z,1
after,f2ff7df5-4fe1-41e7-8de7-afe6b8637ac7,1707,94914,revise_requested,2026-10-04T15:28:33.444Z,1
after,f2ff7df5-4fe1-41e7-8de7-afe6b8637ac7,1707,94930,validation_finished,2026-10-04T15:29:55.370Z,
after,f2ff7df5-4fe1-41e7-8de7-afe6b8637ac7,1707,94931,review_started,2026-10-04T15:29:55.558Z,2
after,f2ff7df5-4fe1-41e7-8de7-afe6b8637ac7,1707,94933,review_finished,2026-10-04T15:31:16.932Z,2
after,f2ff7df5-4fe1-41e7-8de7-afe6b8637ac7,1707,94948,run_integrated,2026-10-04T15:31:25.343Z,
after,542e7443-f137-453b-8966-1bf7ef3d547c,1512,94855,run_claimed,2026-10-04T15:22:25.598Z,
after,542e7443-f137-453b-8966-1bf7ef3d547c,1512,95018,receipt_observed,2026-10-04T15:42:10.452Z,
after,542e7443-f137-453b-8966-1bf7ef3d547c,1512,95022,validation_finished,2026-10-04T15:42:26.033Z,
after,542e7443-f137-453b-8966-1bf7ef3d547c,1512,95023,review_started,2026-10-04T15:42:26.198Z,1
after,542e7443-f137-453b-8966-1bf7ef3d547c,1512,95025,review_finished,2026-10-04T15:43:56.016Z,1
after,542e7443-f137-453b-8966-1bf7ef3d547c,1512,95038,run_integrated,2026-10-04T15:44:03.556Z,
after,8db1a6cd-f914-40d3-9709-893408d1b449,838,95181,run_claimed,2026-10-04T15:44:35.956Z,
after,8db1a6cd-f914-40d3-9709-893408d1b449,838,96079,receipt_observed,2026-10-04T16:24:19.001Z,
after,8db1a6cd-f914-40d3-9709-893408d1b449,838,96088,validation_finished,2026-10-04T16:24:36.781Z,
after,8db1a6cd-f914-40d3-9709-893408d1b449,838,96089,review_started,2026-10-04T16:24:37.214Z,1
after,8db1a6cd-f914-40d3-9709-893408d1b449,838,96094,review_finished,2026-10-04T16:27:23.859Z,1
after,8db1a6cd-f914-40d3-9709-893408d1b449,838,96097,revise_requested,2026-10-04T16:27:23.939Z,1
after,8db1a6cd-f914-40d3-9709-893408d1b449,838,96237,validation_finished,2026-10-04T17:08:58.464Z,
after,8db1a6cd-f914-40d3-9709-893408d1b449,838,96238,review_started,2026-10-04T17:08:58.799Z,2
after,8db1a6cd-f914-40d3-9709-893408d1b449,838,96240,review_finished,2026-10-04T17:12:42.975Z,2
after,8db1a6cd-f914-40d3-9709-893408d1b449,838,96243,revise_requested,2026-10-04T17:12:43.032Z,2
after,8db1a6cd-f914-40d3-9709-893408d1b449,838,96251,validation_finished,2026-10-04T17:19:45.385Z,
after,8db1a6cd-f914-40d3-9709-893408d1b449,838,96252,review_started,2026-10-04T17:19:45.871Z,3
after,8db1a6cd-f914-40d3-9709-893408d1b449,838,96270,review_finished,2026-10-04T17:23:37.265Z,3
after,8db1a6cd-f914-40d3-9709-893408d1b449,838,96402,validation_finished,2026-10-04T17:45:17.967Z,
after,8db1a6cd-f914-40d3-9709-893408d1b449,838,96622,validation_finished,2026-10-04T18:12:01.768Z,
after,8db1a6cd-f914-40d3-9709-893408d1b449,838,96907,validation_finished,2026-10-04T18:52:45.487Z,
after,8db1a6cd-f914-40d3-9709-893408d1b449,838,97150,validation_finished,2026-10-04T19:14:55.706Z,
after,8db1a6cd-f914-40d3-9709-893408d1b449,838,97450,validation_finished,2026-10-04T20:12:47.151Z,
after,dd5e9347-5c16-4aff-a749-d94f1be503a8,1711,95819,run_claimed,2026-10-04T16:03:52.410Z,
after,dd5e9347-5c16-4aff-a749-d94f1be503a8,1711,96102,receipt_observed,2026-10-04T16:31:25.790Z,
after,dd5e9347-5c16-4aff-a749-d94f1be503a8,1711,96106,validation_finished,2026-10-04T16:31:42.478Z,
after,dd5e9347-5c16-4aff-a749-d94f1be503a8,1711,96107,review_started,2026-10-04T16:31:42.755Z,1
after,dd5e9347-5c16-4aff-a749-d94f1be503a8,1711,96109,review_finished,2026-10-04T16:33:33.712Z,1
after,dd5e9347-5c16-4aff-a749-d94f1be503a8,1711,96127,run_integrated,2026-10-04T16:45:54.303Z,
after,4383f305-aa23-40a4-bb0f-b4ef177cb158,1439,96007,run_claimed,2026-10-04T16:16:35.340Z,
after,4383f305-aa23-40a4-bb0f-b4ef177cb158,1439,96321,receipt_observed,2026-10-04T17:28:39.461Z,
after,4383f305-aa23-40a4-bb0f-b4ef177cb158,1439,96325,validation_finished,2026-10-04T17:28:55.492Z,
after,4383f305-aa23-40a4-bb0f-b4ef177cb158,1439,96326,review_started,2026-10-04T17:28:55.812Z,1
after,4383f305-aa23-40a4-bb0f-b4ef177cb158,1439,96328,review_finished,2026-10-04T17:31:11.986Z,1
after,4383f305-aa23-40a4-bb0f-b4ef177cb158,1439,96373,validation_finished,2026-10-04T17:35:57.479Z,
after,4383f305-aa23-40a4-bb0f-b4ef177cb158,1439,96374,review_started,2026-10-04T17:35:57.762Z,2
after,4383f305-aa23-40a4-bb0f-b4ef177cb158,1439,96376,review_finished,2026-10-04T17:38:50.191Z,2
after,4383f305-aa23-40a4-bb0f-b4ef177cb158,1439,96665,validation_finished,2026-10-04T18:16:12.350Z,
after,4383f305-aa23-40a4-bb0f-b4ef177cb158,1439,96965,validation_finished,2026-10-04T18:56:41.417Z,
after,4383f305-aa23-40a4-bb0f-b4ef177cb158,1439,99539,run_integrated,2026-10-05T00:09:13.215Z,
after,eff71627-6434-4e5f-a4c9-4da107644012,1708,96143,run_claimed,2026-10-04T16:46:25.982Z,
after,eff71627-6434-4e5f-a4c9-4da107644012,1708,96176,receipt_observed,2026-10-04T16:57:12.174Z,
after,eff71627-6434-4e5f-a4c9-4da107644012,1708,96180,validation_finished,2026-10-04T16:57:24.077Z,
after,eff71627-6434-4e5f-a4c9-4da107644012,1708,96181,review_started,2026-10-04T16:57:24.264Z,1
after,eff71627-6434-4e5f-a4c9-4da107644012,1708,96183,review_finished,2026-10-04T16:58:37.340Z,1
after,eff71627-6434-4e5f-a4c9-4da107644012,1708,96198,run_integrated,2026-10-04T16:58:44.985Z,
after,5f34c076-84d6-4e90-8457-1a33d44bfc1a,1109,96208,run_claimed,2026-10-04T16:59:12.043Z,
after,5f34c076-84d6-4e90-8457-1a33d44bfc1a,1109,96254,receipt_observed,2026-10-04T17:20:35.599Z,
after,5f34c076-84d6-4e90-8457-1a33d44bfc1a,1109,96258,validation_finished,2026-10-04T17:20:44.984Z,
after,5f34c076-84d6-4e90-8457-1a33d44bfc1a,1109,96259,review_started,2026-10-04T17:20:45.187Z,1
after,5f34c076-84d6-4e90-8457-1a33d44bfc1a,1109,96261,review_finished,2026-10-04T17:22:17.362Z,1
after,5f34c076-84d6-4e90-8457-1a33d44bfc1a,1109,96264,revise_requested,2026-10-04T17:22:17.404Z,1
after,5f34c076-84d6-4e90-8457-1a33d44bfc1a,1109,96303,validation_finished,2026-10-04T17:25:26.079Z,
after,5f34c076-84d6-4e90-8457-1a33d44bfc1a,1109,96304,review_started,2026-10-04T17:25:26.423Z,2
after,5f34c076-84d6-4e90-8457-1a33d44bfc1a,1109,96307,review_finished,2026-10-04T17:26:38.803Z,2
after,5f34c076-84d6-4e90-8457-1a33d44bfc1a,1109,96335,run_integrated,2026-10-04T17:34:44.489Z,
after,bbd11ba3-0056-4621-96a4-fac3d4058ca6,839,96289,run_claimed,2026-10-04T17:24:01.617Z,
after,bbd11ba3-0056-4621-96a4-fac3d4058ca6,839,96399,receipt_observed,2026-10-04T17:45:05.779Z,
after,bbd11ba3-0056-4621-96a4-fac3d4058ca6,839,96410,validation_finished,2026-10-04T17:45:20.616Z,
after,bbd11ba3-0056-4621-96a4-fac3d4058ca6,839,96411,review_started,2026-10-04T17:45:20.837Z,1
after,bbd11ba3-0056-4621-96a4-fac3d4058ca6,839,96429,review_finished,2026-10-04T17:47:00.524Z,1
after,bbd11ba3-0056-4621-96a4-fac3d4058ca6,839,96432,revise_requested,2026-10-04T17:47:00.558Z,1
after,bbd11ba3-0056-4621-96a4-fac3d4058ca6,839,96446,validation_finished,2026-10-04T17:48:28.396Z,
after,bbd11ba3-0056-4621-96a4-fac3d4058ca6,839,96447,review_started,2026-10-04T17:48:28.623Z,2
after,bbd11ba3-0056-4621-96a4-fac3d4058ca6,839,96458,review_finished,2026-10-04T17:50:23.465Z,2
after,bbd11ba3-0056-4621-96a4-fac3d4058ca6,839,96461,revise_requested,2026-10-04T17:50:23.506Z,2
after,bbd11ba3-0056-4621-96a4-fac3d4058ca6,839,96488,validation_finished,2026-10-04T17:52:50.321Z,
after,bbd11ba3-0056-4621-96a4-fac3d4058ca6,839,96489,review_started,2026-10-04T17:52:50.628Z,3
after,bbd11ba3-0056-4621-96a4-fac3d4058ca6,839,96491,review_finished,2026-10-04T17:54:37.334Z,3
after,bbd11ba3-0056-4621-96a4-fac3d4058ca6,839,96502,validation_finished,2026-10-04T17:57:49.329Z,
after,bbd11ba3-0056-4621-96a4-fac3d4058ca6,839,96503,review_started,2026-10-04T17:57:50.195Z,4
after,bbd11ba3-0056-4621-96a4-fac3d4058ca6,839,96507,review_finished,2026-10-04T18:00:10.592Z,4
after,bbd11ba3-0056-4621-96a4-fac3d4058ca6,839,96510,revise_requested,2026-10-04T18:00:10.621Z,3
after,bbd11ba3-0056-4621-96a4-fac3d4058ca6,839,96551,validation_finished,2026-10-04T18:04:14.741Z,
after,bbd11ba3-0056-4621-96a4-fac3d4058ca6,839,96552,review_started,2026-10-04T18:04:15.348Z,5
after,bbd11ba3-0056-4621-96a4-fac3d4058ca6,839,96562,review_started,2026-10-04T18:04:57.232Z,6
after,bbd11ba3-0056-4621-96a4-fac3d4058ca6,839,96600,review_finished,2026-10-04T18:07:58.869Z,6
after,bbd11ba3-0056-4621-96a4-fac3d4058ca6,839,96603,revise_requested,2026-10-04T18:07:58.911Z,4
after,bbd11ba3-0056-4621-96a4-fac3d4058ca6,839,96610,validation_finished,2026-10-04T18:11:11.155Z,
after,bbd11ba3-0056-4621-96a4-fac3d4058ca6,839,96611,review_started,2026-10-04T18:11:11.388Z,7
after,bbd11ba3-0056-4621-96a4-fac3d4058ca6,839,96641,review_finished,2026-10-04T18:13:01.900Z,7
after,bbd11ba3-0056-4621-96a4-fac3d4058ca6,839,96655,validation_finished,2026-10-04T18:15:53.104Z,
after,bbd11ba3-0056-4621-96a4-fac3d4058ca6,839,96656,review_started,2026-10-04T18:15:53.324Z,8
after,bbd11ba3-0056-4621-96a4-fac3d4058ca6,839,96689,review_finished,2026-10-04T18:17:36.382Z,8
after,bbd11ba3-0056-4621-96a4-fac3d4058ca6,839,96759,run_integrated,2026-10-04T18:43:39.775Z,
after,62a47b7c-22e8-4840-9342-0fffdf1352cf,1594,96350,run_claimed,2026-10-04T17:35:16.339Z,
after,62a47b7c-22e8-4840-9342-0fffdf1352cf,1594,96437,receipt_observed,2026-10-04T17:48:09.026Z,
after,62a47b7c-22e8-4840-9342-0fffdf1352cf,1594,96441,validation_finished,2026-10-04T17:48:20.190Z,
after,62a47b7c-22e8-4840-9342-0fffdf1352cf,1594,96442,review_started,2026-10-04T17:48:20.407Z,1
after,62a47b7c-22e8-4840-9342-0fffdf1352cf,1594,96449,review_finished,2026-10-04T17:49:48.184Z,1
after,62a47b7c-22e8-4840-9342-0fffdf1352cf,1594,96452,revise_requested,2026-10-04T17:49:48.224Z,1
after,62a47b7c-22e8-4840-9342-0fffdf1352cf,1594,96469,validation_finished,2026-10-04T17:50:26.178Z,
after,62a47b7c-22e8-4840-9342-0fffdf1352cf,1594,96470,review_started,2026-10-04T17:50:26.384Z,2
after,62a47b7c-22e8-4840-9342-0fffdf1352cf,1594,96472,review_finished,2026-10-04T17:52:07.357Z,2
after,62a47b7c-22e8-4840-9342-0fffdf1352cf,1594,96519,run_integrated,2026-10-04T18:00:43.547Z,
after,b8869c02-7458-4f2e-855b-0b703b598d5e,1634,96415,run_claimed,2026-10-04T17:45:34.254Z,
after,b8869c02-7458-4f2e-855b-0b703b598d5e,1634,96613,receipt_observed,2026-10-04T18:11:27.405Z,
after,b8869c02-7458-4f2e-855b-0b703b598d5e,1634,96617,validation_finished,2026-10-04T18:11:37.735Z,
after,b8869c02-7458-4f2e-855b-0b703b598d5e,1634,96618,review_started,2026-10-04T18:11:38.118Z,1
after,b8869c02-7458-4f2e-855b-0b703b598d5e,1634,96647,review_finished,2026-10-04T18:13:41.305Z,1
after,b8869c02-7458-4f2e-855b-0b703b598d5e,1634,96660,validation_finished,2026-10-04T18:16:00.314Z,
after,b8869c02-7458-4f2e-855b-0b703b598d5e,1634,96661,review_started,2026-10-04T18:16:00.511Z,2
after,b8869c02-7458-4f2e-855b-0b703b598d5e,1634,96698,review_finished,2026-10-04T18:17:47.405Z,2
after,b8869c02-7458-4f2e-855b-0b703b598d5e,1634,96715,run_integrated,2026-10-04T18:25:31.110Z,
after,f3de8eb0-a0f2-4231-a8a9-7e78ae407a2c,840,96675,run_claimed,2026-10-04T18:16:28.113Z,
after,f3de8eb0-a0f2-4231-a8a9-7e78ae407a2c,840,96789,receipt_observed,2026-10-04T18:43:55.450Z,
after,f3de8eb0-a0f2-4231-a8a9-7e78ae407a2c,840,96809,validation_finished,2026-10-04T18:43:57.400Z,
after,f3de8eb0-a0f2-4231-a8a9-7e78ae407a2c,840,96810,review_started,2026-10-04T18:43:58.101Z,1
after,f3de8eb0-a0f2-4231-a8a9-7e78ae407a2c,840,96829,review_finished,2026-10-04T18:45:53.669Z,1
after,f3de8eb0-a0f2-4231-a8a9-7e78ae407a2c,840,96832,revise_requested,2026-10-04T18:45:53.781Z,1
after,f3de8eb0-a0f2-4231-a8a9-7e78ae407a2c,840,96868,validation_finished,2026-10-04T18:47:00.063Z,
after,f3de8eb0-a0f2-4231-a8a9-7e78ae407a2c,840,96869,review_started,2026-10-04T18:47:00.386Z,2
after,f3de8eb0-a0f2-4231-a8a9-7e78ae407a2c,840,96877,review_finished,2026-10-04T18:49:37.565Z,2
after,f3de8eb0-a0f2-4231-a8a9-7e78ae407a2c,840,97199,validation_finished,2026-10-04T19:18:41.860Z,
after,f3de8eb0-a0f2-4231-a8a9-7e78ae407a2c,840,98374,validation_finished,2026-10-04T22:20:40.442Z,
after,f3de8eb0-a0f2-4231-a8a9-7e78ae407a2c,840,99747,validation_finished,2026-10-05T00:22:00.736Z,
after,f3de8eb0-a0f2-4231-a8a9-7e78ae407a2c,840,99748,review_started,2026-10-05T00:22:01.390Z,3
after,f3de8eb0-a0f2-4231-a8a9-7e78ae407a2c,840,99828,review_finished,2026-10-05T00:25:27.008Z,3
after,f3de8eb0-a0f2-4231-a8a9-7e78ae407a2c,840,99835,revise_requested,2026-10-05T00:25:27.101Z,2
after,f3de8eb0-a0f2-4231-a8a9-7e78ae407a2c,840,99859,validation_finished,2026-10-05T00:26:51.865Z,
after,f3de8eb0-a0f2-4231-a8a9-7e78ae407a2c,840,99860,review_started,2026-10-05T00:26:52.475Z,4
after,f3de8eb0-a0f2-4231-a8a9-7e78ae407a2c,840,99877,review_finished,2026-10-05T00:29:35.340Z,4
after,f3de8eb0-a0f2-4231-a8a9-7e78ae407a2c,840,99880,revise_requested,2026-10-05T00:29:35.495Z,3
after,f3de8eb0-a0f2-4231-a8a9-7e78ae407a2c,840,99901,validation_finished,2026-10-05T00:30:32.609Z,
after,f3de8eb0-a0f2-4231-a8a9-7e78ae407a2c,840,99902,review_started,2026-10-05T00:30:33.164Z,5
after,f3de8eb0-a0f2-4231-a8a9-7e78ae407a2c,840,99924,review_finished,2026-10-05T00:34:06.306Z,5
after,f3de8eb0-a0f2-4231-a8a9-7e78ae407a2c,840,99995,validation_finished,2026-10-05T00:38:35.408Z,
after,f3de8eb0-a0f2-4231-a8a9-7e78ae407a2c,840,99996,review_started,2026-10-05T00:38:35.655Z,6
after,f3de8eb0-a0f2-4231-a8a9-7e78ae407a2c,840,100026,review_finished,2026-10-05T00:40:24.503Z,6
after,f3de8eb0-a0f2-4231-a8a9-7e78ae407a2c,840,100234,run_integrated,2026-10-05T00:59:53.288Z,
after,d97216b8-eb3a-415f-8716-b087c588f086,1451,96727,run_claimed,2026-10-04T18:25:44.046Z,
after,d97216b8-eb3a-415f-8716-b087c588f086,1451,96793,receipt_observed,2026-10-04T18:43:55.479Z,
after,d97216b8-eb3a-415f-8716-b087c588f086,1451,96812,validation_finished,2026-10-04T18:43:58.174Z,
after,d97216b8-eb3a-415f-8716-b087c588f086,1451,96814,review_started,2026-10-04T18:43:58.664Z,1
after,d97216b8-eb3a-415f-8716-b087c588f086,1451,96837,review_finished,2026-10-04T18:45:58.492Z,1
after,d97216b8-eb3a-415f-8716-b087c588f086,1451,96840,revise_requested,2026-10-04T18:45:58.536Z,1
after,d97216b8-eb3a-415f-8716-b087c588f086,1451,96847,validation_finished,2026-10-04T18:46:25.153Z,
after,d97216b8-eb3a-415f-8716-b087c588f086,1451,96848,review_started,2026-10-04T18:46:25.412Z,2
after,d97216b8-eb3a-415f-8716-b087c588f086,1451,96857,review_started,2026-10-04T18:46:48.601Z,3
after,d97216b8-eb3a-415f-8716-b087c588f086,1451,96871,review_finished,2026-10-04T18:48:29.178Z,3
after,d97216b8-eb3a-415f-8716-b087c588f086,1451,96902,validation_finished,2026-10-04T18:51:02.570Z,
after,d97216b8-eb3a-415f-8716-b087c588f086,1451,96903,review_started,2026-10-04T18:51:02.999Z,4
after,d97216b8-eb3a-415f-8716-b087c588f086,1451,96926,review_finished,2026-10-04T18:53:07.798Z,4
after,d97216b8-eb3a-415f-8716-b087c588f086,1451,97004,run_integrated,2026-10-04T19:03:49.783Z,
after,c9c14221-6127-4713-bf1e-447c83a29823,1590,96945,run_claimed,2026-10-04T18:56:00.647Z,
after,c9c14221-6127-4713-bf1e-447c83a29823,1590,97220,receipt_observed,2026-10-04T19:20:29.073Z,
after,c9c14221-6127-4713-bf1e-447c83a29823,1590,97224,validation_finished,2026-10-04T19:20:42.881Z,
after,c9c14221-6127-4713-bf1e-447c83a29823,1590,97225,review_started,2026-10-04T19:20:43.304Z,1
after,c9c14221-6127-4713-bf1e-447c83a29823,1590,97228,review_finished,2026-10-04T19:22:44.572Z,1
after,c9c14221-6127-4713-bf1e-447c83a29823,1590,97231,revise_requested,2026-10-04T19:22:44.647Z,1
after,c9c14221-6127-4713-bf1e-447c83a29823,1590,97273,validation_finished,2026-10-04T19:37:20.733Z,
after,c9c14221-6127-4713-bf1e-447c83a29823,1590,97274,review_started,2026-10-04T19:37:21.265Z,2
after,c9c14221-6127-4713-bf1e-447c83a29823,1590,97278,review_finished,2026-10-04T19:39:46.722Z,2
after,c9c14221-6127-4713-bf1e-447c83a29823,1590,97298,run_integrated,2026-10-04T19:54:06.421Z,
after,45da0904-5054-4f78-a685-8afd374f386e,1592,96974,run_claimed,2026-10-04T18:59:01.522Z,
after,45da0904-5054-4f78-a685-8afd374f386e,1592,96987,receipt_observed,2026-10-04T19:01:55.664Z,
after,45da0904-5054-4f78-a685-8afd374f386e,1592,96991,validation_finished,2026-10-04T19:02:06.234Z,
after,45da0904-5054-4f78-a685-8afd374f386e,1592,96992,review_started,2026-10-04T19:02:06.488Z,1
after,45da0904-5054-4f78-a685-8afd374f386e,1592,96994,review_finished,2026-10-04T19:03:31.571Z,1
after,45da0904-5054-4f78-a685-8afd374f386e,1592,97012,run_integrated,2026-10-04T19:03:55.394Z,
after,a256a156-f5d4-44b4-8baf-4ca064aa9b4d,1609,97029,run_claimed,2026-10-04T19:03:58.351Z,
after,a256a156-f5d4-44b4-8baf-4ca064aa9b4d,1609,97141,receipt_observed,2026-10-04T19:14:41.673Z,
after,a256a156-f5d4-44b4-8baf-4ca064aa9b4d,1609,97145,validation_finished,2026-10-04T19:14:52.719Z,
after,a256a156-f5d4-44b4-8baf-4ca064aa9b4d,1609,97146,review_started,2026-10-04T19:14:52.909Z,1
after,a256a156-f5d4-44b4-8baf-4ca064aa9b4d,1609,97169,review_finished,2026-10-04T19:16:26.273Z,1
after,a256a156-f5d4-44b4-8baf-4ca064aa9b4d,1609,97172,revise_requested,2026-10-04T19:16:26.321Z,1
after,a256a156-f5d4-44b4-8baf-4ca064aa9b4d,1609,97180,validation_finished,2026-10-04T19:16:58.942Z,
after,a256a156-f5d4-44b4-8baf-4ca064aa9b4d,1609,97181,review_started,2026-10-04T19:16:59.160Z,2
after,a256a156-f5d4-44b4-8baf-4ca064aa9b4d,1609,97183,review_finished,2026-10-04T19:18:22.262Z,2
after,a256a156-f5d4-44b4-8baf-4ca064aa9b4d,1609,97239,run_integrated,2026-10-04T19:32:38.716Z,
after,64a3dfee-3dd3-4df9-9a96-2117817b76ec,1629,97208,run_claimed,2026-10-04T19:19:16.726Z,
after,64a3dfee-3dd3-4df9-9a96-2117817b76ec,1629,97320,receipt_observed,2026-10-04T19:54:20.953Z,
after,64a3dfee-3dd3-4df9-9a96-2117817b76ec,1629,97329,validation_finished,2026-10-04T19:54:22.580Z,
after,64a3dfee-3dd3-4df9-9a96-2117817b76ec,1629,97330,review_started,2026-10-04T19:54:23.001Z,1
after,64a3dfee-3dd3-4df9-9a96-2117817b76ec,1629,97333,review_finished,2026-10-04T19:55:30.014Z,1
after,64a3dfee-3dd3-4df9-9a96-2117817b76ec,1629,97358,run_integrated,2026-10-04T20:07:20.218Z,
after,1dc0d5cf-fe32-4579-ba47-616af532ec57,1632,97251,run_claimed,2026-10-04T19:34:02.158Z,
after,1dc0d5cf-fe32-4579-ba47-616af532ec57,1632,97433,receipt_observed,2026-10-04T20:10:00.137Z,
after,1dc0d5cf-fe32-4579-ba47-616af532ec57,1632,97437,validation_finished,2026-10-04T20:10:11.277Z,
after,1dc0d5cf-fe32-4579-ba47-616af532ec57,1632,97438,review_started,2026-10-04T20:10:11.542Z,1
after,1dc0d5cf-fe32-4579-ba47-616af532ec57,1632,97469,review_finished,2026-10-04T20:13:19.763Z,1
after,1dc0d5cf-fe32-4579-ba47-616af532ec57,1632,97472,revise_requested,2026-10-04T20:13:19.797Z,1
after,1dc0d5cf-fe32-4579-ba47-616af532ec57,1632,97488,validation_finished,2026-10-04T20:17:59.936Z,
after,1dc0d5cf-fe32-4579-ba47-616af532ec57,1632,97489,review_started,2026-10-04T20:18:00.188Z,2
after,1dc0d5cf-fe32-4579-ba47-616af532ec57,1632,97506,review_finished,2026-10-04T20:20:38.668Z,2
after,1dc0d5cf-fe32-4579-ba47-616af532ec57,1632,97509,revise_requested,2026-10-04T20:20:38.714Z,2
after,1dc0d5cf-fe32-4579-ba47-616af532ec57,1632,97614,validation_finished,2026-10-04T20:32:58.715Z,
after,1dc0d5cf-fe32-4579-ba47-616af532ec57,1632,97615,review_started,2026-10-04T20:32:59.029Z,3
after,1dc0d5cf-fe32-4579-ba47-616af532ec57,1632,97646,review_finished,2026-10-04T20:35:45.971Z,3
after,1dc0d5cf-fe32-4579-ba47-616af532ec57,1632,98098,validation_finished,2026-10-04T21:30:06.991Z,
after,1dc0d5cf-fe32-4579-ba47-616af532ec57,1632,98282,validation_finished,2026-10-04T22:08:18.000Z,
after,1dc0d5cf-fe32-4579-ba47-616af532ec57,1632,98916,validation_finished,2026-10-04T23:25:41.014Z,
after,1dc0d5cf-fe32-4579-ba47-616af532ec57,1632,99357,validation_finished,2026-10-05T00:00:31.477Z,
after,1dc0d5cf-fe32-4579-ba47-616af532ec57,1632,99358,review_started,2026-10-05T00:00:32.140Z,4
after,1dc0d5cf-fe32-4579-ba47-616af532ec57,1632,99438,review_finished,2026-10-05T00:03:49.326Z,4
after,1dc0d5cf-fe32-4579-ba47-616af532ec57,1632,99699,run_integrated,2026-10-05T00:20:49.455Z,
after,5d5b2b28-90a5-4c69-bf5e-622650d717e7,1642,97408,run_claimed,2026-10-04T20:07:56.104Z,
after,5d5b2b28-90a5-4c69-bf5e-622650d717e7,1642,97543,receipt_observed,2026-10-04T20:29:07.196Z,
after,5d5b2b28-90a5-4c69-bf5e-622650d717e7,1642,97547,validation_finished,2026-10-04T20:29:24.873Z,
after,5d5b2b28-90a5-4c69-bf5e-622650d717e7,1642,97548,review_started,2026-10-04T20:29:25.062Z,1
after,5d5b2b28-90a5-4c69-bf5e-622650d717e7,1642,97552,review_finished,2026-10-04T20:30:38.962Z,1
after,5d5b2b28-90a5-4c69-bf5e-622650d717e7,1642,97564,run_integrated,2026-10-04T20:30:46.730Z,
after,4bc7f1b4-c735-4c29-9551-541ba6022c86,1646,97458,run_claimed,2026-10-04T20:12:51.209Z,
after,4bc7f1b4-c735-4c29-9551-541ba6022c86,1646,97479,receipt_observed,2026-10-04T20:17:32.427Z,
after,4bc7f1b4-c735-4c29-9551-541ba6022c86,1646,97483,validation_finished,2026-10-04T20:17:43.034Z,
after,4bc7f1b4-c735-4c29-9551-541ba6022c86,1646,97484,review_started,2026-10-04T20:17:43.211Z,1
after,4bc7f1b4-c735-4c29-9551-541ba6022c86,1646,97491,review_finished,2026-10-04T20:18:53.426Z,1
after,4bc7f1b4-c735-4c29-9551-541ba6022c86,1646,97516,run_integrated,2026-10-04T20:26:32.052Z,
after,b826f03c-b395-4222-ae6e-367909c6e270,1660,97525,run_claimed,2026-10-04T20:26:54.678Z,
after,b826f03c-b395-4222-ae6e-367909c6e270,1660,97800,run_waiting_started,2026-10-04T20:47:59.839Z,
after,b826f03c-b395-4222-ae6e-367909c6e270,1660,98834,run_waiting_ended,2026-10-04T23:19:00.851Z,
after,b826f03c-b395-4222-ae6e-367909c6e270,1660,98927,receipt_observed,2026-10-04T23:26:15.263Z,
after,b826f03c-b395-4222-ae6e-367909c6e270,1660,98931,validation_finished,2026-10-04T23:26:19.510Z,
after,b826f03c-b395-4222-ae6e-367909c6e270,1660,98932,review_started,2026-10-04T23:26:20.093Z,1
after,b826f03c-b395-4222-ae6e-367909c6e270,1660,98936,review_finished,2026-10-04T23:29:04.298Z,1
after,b826f03c-b395-4222-ae6e-367909c6e270,1660,98946,validation_finished,2026-10-04T23:34:11.290Z,
after,b826f03c-b395-4222-ae6e-367909c6e270,1660,98947,review_started,2026-10-04T23:34:11.946Z,2
after,b826f03c-b395-4222-ae6e-367909c6e270,1660,98950,review_finished,2026-10-04T23:36:58.599Z,2
after,b826f03c-b395-4222-ae6e-367909c6e270,1660,98953,revise_requested,2026-10-04T23:36:58.913Z,1
after,b826f03c-b395-4222-ae6e-367909c6e270,1660,98960,validation_finished,2026-10-04T23:40:04.193Z,
after,b826f03c-b395-4222-ae6e-367909c6e270,1660,98961,review_started,2026-10-04T23:40:04.668Z,3
after,b826f03c-b395-4222-ae6e-367909c6e270,1660,98963,review_finished,2026-10-04T23:41:44.773Z,3
after,b826f03c-b395-4222-ae6e-367909c6e270,1660,98987,run_integrated,2026-10-04T23:50:13.062Z,
after,2837a347-c25e-4eb2-8401-1d398fc2fe86,688,97634,run_claimed,2026-10-04T20:33:50.902Z,
after,2837a347-c25e-4eb2-8401-1d398fc2fe86,688,97656,receipt_observed,2026-10-04T20:35:53.066Z,
after,2837a347-c25e-4eb2-8401-1d398fc2fe86,688,97661,validation_finished,2026-10-04T20:36:01.096Z,
after,2837a347-c25e-4eb2-8401-1d398fc2fe86,688,97662,review_started,2026-10-04T20:36:01.219Z,1
after,2837a347-c25e-4eb2-8401-1d398fc2fe86,688,97664,review_finished,2026-10-04T20:36:44.907Z,1
after,2837a347-c25e-4eb2-8401-1d398fc2fe86,688,97677,run_integrated,2026-10-04T20:36:51.513Z,
after,05b78767-59d9-4379-933c-23e6316db145,747,97680,run_claimed,2026-10-04T20:36:51.535Z,
after,05b78767-59d9-4379-933c-23e6316db145,747,97710,receipt_observed,2026-10-04T20:41:35.339Z,
after,05b78767-59d9-4379-933c-23e6316db145,747,97714,validation_finished,2026-10-04T20:41:47.403Z,
after,05b78767-59d9-4379-933c-23e6316db145,747,97715,review_started,2026-10-04T20:41:47.553Z,1
after,05b78767-59d9-4379-933c-23e6316db145,747,97717,review_finished,2026-10-04T20:42:50.449Z,1
after,05b78767-59d9-4379-933c-23e6316db145,747,97730,run_integrated,2026-10-04T20:43:08.286Z,
after,5746a32e-64dd-4d3e-8352-93e67af75358,1156,97698,run_claimed,2026-10-04T20:39:52.924Z,
after,5746a32e-64dd-4d3e-8352-93e67af75358,1156,97772,receipt_observed,2026-10-04T20:45:54.604Z,
after,5746a32e-64dd-4d3e-8352-93e67af75358,1156,97776,validation_finished,2026-10-04T20:46:05.234Z,
after,5746a32e-64dd-4d3e-8352-93e67af75358,1156,97777,review_started,2026-10-04T20:46:05.451Z,1
after,5746a32e-64dd-4d3e-8352-93e67af75358,1156,97790,review_finished,2026-10-04T20:47:54.291Z,1
after,5746a32e-64dd-4d3e-8352-93e67af75358,1156,97793,revise_requested,2026-10-04T20:47:54.327Z,1
after,5746a32e-64dd-4d3e-8352-93e67af75358,1156,97816,validation_finished,2026-10-04T20:49:37.480Z,
after,5746a32e-64dd-4d3e-8352-93e67af75358,1156,97817,review_started,2026-10-04T20:49:37.656Z,2
after,5746a32e-64dd-4d3e-8352-93e67af75358,1156,97819,review_finished,2026-10-04T20:51:08.898Z,2
after,5746a32e-64dd-4d3e-8352-93e67af75358,1156,97863,run_integrated,2026-10-04T21:01:32.848Z,
after,f4c6e714-798f-4b98-8e79-c9fc271e5869,1238,97779,run_claimed,2026-10-04T20:46:27.405Z,
after,f4c6e714-798f-4b98-8e79-c9fc271e5869,1238,97837,receipt_observed,2026-10-04T20:56:03.899Z,
after,f4c6e714-798f-4b98-8e79-c9fc271e5869,1238,97841,validation_finished,2026-10-04T20:56:19.409Z,
after,f4c6e714-798f-4b98-8e79-c9fc271e5869,1238,97842,review_started,2026-10-04T20:56:19.944Z,1
after,f4c6e714-798f-4b98-8e79-c9fc271e5869,1238,97844,review_finished,2026-10-04T20:57:32.557Z,1
after,f4c6e714-798f-4b98-8e79-c9fc271e5869,1238,97901,run_integrated,2026-10-04T21:11:31.299Z,
after,b11084f7-fb68-46cf-951c-36ca6cd7f42f,1311,97803,run_claimed,2026-10-04T20:49:28.474Z,
after,b11084f7-fb68-46cf-951c-36ca6cd7f42f,1311,97929,receipt_observed,2026-10-04T21:12:01.784Z,
after,b11084f7-fb68-46cf-951c-36ca6cd7f42f,1311,97934,validation_finished,2026-10-04T21:12:03.517Z,
after,b11084f7-fb68-46cf-951c-36ca6cd7f42f,1311,97935,review_started,2026-10-04T21:12:03.922Z,1
after,b11084f7-fb68-46cf-951c-36ca6cd7f42f,1311,97945,review_finished,2026-10-04T21:14:00.933Z,1
after,b11084f7-fb68-46cf-951c-36ca6cd7f42f,1311,97969,run_integrated,2026-10-04T21:23:03.231Z,
after,115d7cf9-e41a-4a81-b031-4ecb1f092481,1312,97877,run_claimed,2026-10-04T21:02:04.673Z,
after,115d7cf9-e41a-4a81-b031-4ecb1f092481,1312,97995,receipt_observed,2026-10-04T21:23:16.486Z,
after,115d7cf9-e41a-4a81-b031-4ecb1f092481,1312,98009,validation_finished,2026-10-04T21:23:20.020Z,
after,115d7cf9-e41a-4a81-b031-4ecb1f092481,1312,98010,review_started,2026-10-04T21:23:20.634Z,1
after,115d7cf9-e41a-4a81-b031-4ecb1f092481,1312,98042,review_finished,2026-10-04T21:25:01.949Z,1
after,115d7cf9-e41a-4a81-b031-4ecb1f092481,1312,98045,revise_requested,2026-10-04T21:25:02.078Z,1
after,115d7cf9-e41a-4a81-b031-4ecb1f092481,1312,98092,validation_finished,2026-10-04T21:29:29.758Z,
after,115d7cf9-e41a-4a81-b031-4ecb1f092481,1312,98093,review_started,2026-10-04T21:29:30.189Z,2
after,115d7cf9-e41a-4a81-b031-4ecb1f092481,1312,98117,review_finished,2026-10-04T21:31:14.683Z,2
after,115d7cf9-e41a-4a81-b031-4ecb1f092481,1312,98125,validation_finished,2026-10-04T21:33:06.861Z,
after,115d7cf9-e41a-4a81-b031-4ecb1f092481,1312,98126,review_started,2026-10-04T21:33:07.043Z,3
after,115d7cf9-e41a-4a81-b031-4ecb1f092481,1312,98128,review_finished,2026-10-04T21:35:08.518Z,3
after,115d7cf9-e41a-4a81-b031-4ecb1f092481,1312,98145,run_integrated,2026-10-04T21:43:35.275Z,
after,b373d37b-7175-4e7f-a3bf-ccfaf7049def,1321,97916,run_claimed,2026-10-04T21:12:00.262Z,
after,b373d37b-7175-4e7f-a3bf-ccfaf7049def,1321,97999,receipt_observed,2026-10-04T21:23:16.539Z,
after,b373d37b-7175-4e7f-a3bf-ccfaf7049def,1321,98012,validation_finished,2026-10-04T21:23:20.802Z,
after,b373d37b-7175-4e7f-a3bf-ccfaf7049def,1321,98013,review_started,2026-10-04T21:23:21.120Z,1
after,b373d37b-7175-4e7f-a3bf-ccfaf7049def,1321,98015,review_finished,2026-10-04T21:24:22.393Z,1
after,b373d37b-7175-4e7f-a3bf-ccfaf7049def,1321,98028,run_integrated,2026-10-04T21:24:44.841Z,
after,542fa1a4-e38b-4205-85a7-a1199be31b94,1352,98105,run_claimed,2026-10-04T21:30:21.595Z,
after,542fa1a4-e38b-4205-85a7-a1199be31b94,1352,98197,receipt_observed,2026-10-04T21:48:26.978Z,
after,542fa1a4-e38b-4205-85a7-a1199be31b94,1352,98201,validation_finished,2026-10-04T21:48:40.715Z,
after,542fa1a4-e38b-4205-85a7-a1199be31b94,1352,98202,review_started,2026-10-04T21:48:40.903Z,1
after,542fa1a4-e38b-4205-85a7-a1199be31b94,1352,98217,review_finished,2026-10-04T21:50:53.580Z,1
after,542fa1a4-e38b-4205-85a7-a1199be31b94,1352,98220,revise_requested,2026-10-04T21:50:53.721Z,1
after,542fa1a4-e38b-4205-85a7-a1199be31b94,1352,98230,validation_finished,2026-10-04T21:53:54.253Z,
after,542fa1a4-e38b-4205-85a7-a1199be31b94,1352,98231,review_started,2026-10-04T21:53:55.416Z,2
after,542fa1a4-e38b-4205-85a7-a1199be31b94,1352,98237,review_finished,2026-10-04T21:56:13.832Z,2
after,542fa1a4-e38b-4205-85a7-a1199be31b94,1352,98302,run_integrated,2026-10-04T22:09:59.541Z,
after,8578ff75-632a-4d9d-9013-0a7e76b5648f,1359,98152,run_claimed,2026-10-04T21:44:03.775Z,
after,8578ff75-632a-4d9d-9013-0a7e76b5648f,1359,98978,receipt_observed,2026-10-04T23:48:50.122Z,
after,8578ff75-632a-4d9d-9013-0a7e76b5648f,1359,98982,validation_finished,2026-10-04T23:49:04.807Z,
after,8578ff75-632a-4d9d-9013-0a7e76b5648f,1359,98983,review_started,2026-10-04T23:49:05.158Z,1
after,8578ff75-632a-4d9d-9013-0a7e76b5648f,1359,98990,review_finished,2026-10-04T23:50:22.410Z,1
after,8578ff75-632a-4d9d-9013-0a7e76b5648f,1359,99007,run_integrated,2026-10-04T23:50:28.720Z,
after,9207fcfd-e0f3-43cf-a572-2aa8fe5f366d,1386,98289,run_claimed,2026-10-04T22:08:43.670Z,
after,9207fcfd-e0f3-43cf-a572-2aa8fe5f366d,1386,98459,receipt_observed,2026-10-04T22:22:34.203Z,
after,9207fcfd-e0f3-43cf-a572-2aa8fe5f366d,1386,98463,validation_finished,2026-10-04T22:22:46.152Z,
after,9207fcfd-e0f3-43cf-a572-2aa8fe5f366d,1386,98464,review_started,2026-10-04T22:22:46.445Z,1
after,9207fcfd-e0f3-43cf-a572-2aa8fe5f366d,1386,98535,review_finished,2026-10-04T22:25:01.817Z,1
after,9207fcfd-e0f3-43cf-a572-2aa8fe5f366d,1386,98599,run_integrated,2026-10-04T22:35:39.548Z,
after,64b1a4f1-92c9-4eb7-9a1c-392d2bbd4fb1,1480,98382,run_claimed,2026-10-04T22:21:02.548Z,
after,64b1a4f1-92c9-4eb7-9a1c-392d2bbd4fb1,1480,98520,receipt_observed,2026-10-04T22:24:25.565Z,
after,64b1a4f1-92c9-4eb7-9a1c-392d2bbd4fb1,1480,98541,validation_finished,2026-10-04T22:25:03.321Z,
after,64b1a4f1-92c9-4eb7-9a1c-392d2bbd4fb1,1480,98542,review_started,2026-10-04T22:25:03.636Z,1
after,64b1a4f1-92c9-4eb7-9a1c-392d2bbd4fb1,1480,98560,review_finished,2026-10-04T22:26:09.086Z,1
after,64b1a4f1-92c9-4eb7-9a1c-392d2bbd4fb1,1480,98610,run_integrated,2026-10-04T22:35:54.370Z,
after,d6790cac-3649-4b76-8600-6c6d902e44e1,838,98617,run_claimed,2026-10-04T22:36:20.099Z,
after,d6790cac-3649-4b76-8600-6c6d902e44e1,838,98711,receipt_observed,2026-10-04T22:56:48.542Z,
after,d6790cac-3649-4b76-8600-6c6d902e44e1,838,98715,validation_finished,2026-10-04T22:57:00.993Z,
after,d6790cac-3649-4b76-8600-6c6d902e44e1,838,98716,review_started,2026-10-04T22:57:01.714Z,1
after,d6790cac-3649-4b76-8600-6c6d902e44e1,838,98722,review_finished,2026-10-04T22:59:14.906Z,1
after,d6790cac-3649-4b76-8600-6c6d902e44e1,838,98725,revise_requested,2026-10-04T22:59:14.992Z,1
after,d6790cac-3649-4b76-8600-6c6d902e44e1,838,98734,validation_finished,2026-10-04T23:01:30.620Z,
after,d6790cac-3649-4b76-8600-6c6d902e44e1,838,98735,review_started,2026-10-04T23:01:31.549Z,2
after,d6790cac-3649-4b76-8600-6c6d902e44e1,838,98738,review_finished,2026-10-04T23:03:30.174Z,2
after,d6790cac-3649-4b76-8600-6c6d902e44e1,838,98899,run_integrated,2026-10-04T23:25:31.604Z,
after,857eea61-452f-489f-b956-b9edf208e5c5,1633,99591,run_claimed,2026-10-05T00:10:00.071Z,
after,857eea61-452f-489f-b956-b9edf208e5c5,1633,99985,receipt_observed,2026-10-05T00:37:56.899Z,
after,857eea61-452f-489f-b956-b9edf208e5c5,1633,99989,validation_finished,2026-10-05T00:38:11.863Z,
after,857eea61-452f-489f-b956-b9edf208e5c5,1633,99990,review_started,2026-10-05T00:38:12.160Z,1
after,857eea61-452f-489f-b956-b9edf208e5c5,1633,100016,review_finished,2026-10-05T00:40:09.497Z,1
after,857eea61-452f-489f-b956-b9edf208e5c5,1633,100019,revise_requested,2026-10-05T00:40:09.527Z,1
after,857eea61-452f-489f-b956-b9edf208e5c5,1633,100080,validation_finished,2026-10-05T00:42:30.429Z,
after,857eea61-452f-489f-b956-b9edf208e5c5,1633,100081,review_started,2026-10-05T00:42:30.795Z,2
after,857eea61-452f-489f-b956-b9edf208e5c5,1633,100101,review_finished,2026-10-05T00:45:01.696Z,2
after,857eea61-452f-489f-b956-b9edf208e5c5,1633,100285,run_integrated,2026-10-05T01:12:39.253Z,
after,371aa87a-d085-41b6-8827-ec4503307ae7,1315,99718,run_claimed,2026-10-05T00:21:22.959Z,
after,371aa87a-d085-41b6-8827-ec4503307ae7,1315,100025,receipt_observed,2026-10-05T00:40:20.378Z,
after,371aa87a-d085-41b6-8827-ec4503307ae7,1315,100039,validation_finished,2026-10-05T00:40:29.973Z,
after,371aa87a-d085-41b6-8827-ec4503307ae7,1315,100040,review_started,2026-10-05T00:40:30.110Z,1
after,371aa87a-d085-41b6-8827-ec4503307ae7,1315,100055,review_finished,2026-10-05T00:41:17.641Z,1
after,371aa87a-d085-41b6-8827-ec4503307ae7,1315,100154,run_integrated,2026-10-05T00:50:14.513Z,
after,068c08e3-eb24-4437-b01f-de7f6dd028c1,1481,100168,run_claimed,2026-10-05T00:50:50.396Z,
after,068c08e3-eb24-4437-b01f-de7f6dd028c1,1481,100433,receipt_observed,2026-10-05T01:32:36.854Z,
after,068c08e3-eb24-4437-b01f-de7f6dd028c1,1481,100437,validation_finished,2026-10-05T01:32:41.332Z,
after,068c08e3-eb24-4437-b01f-de7f6dd028c1,1481,100438,review_started,2026-10-05T01:32:41.667Z,1
after,068c08e3-eb24-4437-b01f-de7f6dd028c1,1481,100451,review_finished,2026-10-05T01:36:15.200Z,1
after,068c08e3-eb24-4437-b01f-de7f6dd028c1,1481,100454,revise_requested,2026-10-05T01:36:15.310Z,1
after,068c08e3-eb24-4437-b01f-de7f6dd028c1,1481,100473,validation_finished,2026-10-05T01:43:36.422Z,
after,068c08e3-eb24-4437-b01f-de7f6dd028c1,1481,100474,review_started,2026-10-05T01:43:36.737Z,2
after,068c08e3-eb24-4437-b01f-de7f6dd028c1,1481,100477,review_finished,2026-10-05T01:46:51.799Z,2
after,068c08e3-eb24-4437-b01f-de7f6dd028c1,1481,100480,revise_requested,2026-10-05T01:46:52.334Z,2
after,068c08e3-eb24-4437-b01f-de7f6dd028c1,1481,100494,validation_finished,2026-10-05T01:55:32.720Z,
after,068c08e3-eb24-4437-b01f-de7f6dd028c1,1481,100495,review_started,2026-10-05T01:55:32.935Z,3
after,068c08e3-eb24-4437-b01f-de7f6dd028c1,1481,100498,review_finished,2026-10-05T01:58:13.521Z,3
after,068c08e3-eb24-4437-b01f-de7f6dd028c1,1481,101506,validation_finished,2026-10-05T04:39:53.612Z,
after,068c08e3-eb24-4437-b01f-de7f6dd028c1,1481,101507,review_started,2026-10-05T04:39:53.851Z,4
after,068c08e3-eb24-4437-b01f-de7f6dd028c1,1481,101527,review_finished,2026-10-05T04:43:04.474Z,4
after,068c08e3-eb24-4437-b01f-de7f6dd028c1,1481,101530,revise_requested,2026-10-05T04:43:04.626Z,3
after,068c08e3-eb24-4437-b01f-de7f6dd028c1,1481,101555,validation_finished,2026-10-05T04:48:55.305Z,
after,068c08e3-eb24-4437-b01f-de7f6dd028c1,1481,101556,review_started,2026-10-05T04:48:55.544Z,5
after,068c08e3-eb24-4437-b01f-de7f6dd028c1,1481,101580,review_finished,2026-10-05T04:50:51.058Z,5
after,068c08e3-eb24-4437-b01f-de7f6dd028c1,1481,101669,run_integrated,2026-10-05T05:01:52.252Z,
after,1db376a4-489a-478d-a932-969346224528,1794,100257,run_claimed,2026-10-05T01:00:12.054Z,
after,1db376a4-489a-478d-a932-969346224528,1794,100325,receipt_observed,2026-10-05T01:13:54.396Z,
after,1db376a4-489a-478d-a932-969346224528,1794,100329,validation_finished,2026-10-05T01:14:06.440Z,
after,1db376a4-489a-478d-a932-969346224528,1794,100330,review_started,2026-10-05T01:14:06.904Z,1
after,1db376a4-489a-478d-a932-969346224528,1794,100339,review_finished,2026-10-05T01:15:12.844Z,1
after,1db376a4-489a-478d-a932-969346224528,1794,100342,revise_requested,2026-10-05T01:15:12.972Z,1
after,1db376a4-489a-478d-a932-969346224528,1794,100357,validation_finished,2026-10-05T01:15:57.009Z,
after,1db376a4-489a-478d-a932-969346224528,1794,100358,review_started,2026-10-05T01:15:57.273Z,2
after,1db376a4-489a-478d-a932-969346224528,1794,100360,review_finished,2026-10-05T01:16:51.591Z,2
after,1db376a4-489a-478d-a932-969346224528,1794,100394,run_integrated,2026-10-05T01:29:58.285Z,
